Date_Time_PH,Latitude,Longitude,Depth_In_Km,Magnitude,Location
2025-03-31 23:32:00,6.78,125.67,16,2.2,028 km S 78° E of Santa Cruz (Davao Del Sur)
2025-03-31 23:07:00,9.75,122.28,26,2.1,017 km S 81° W of City Of Sipalay (Negros Occidental)
2025-03-31 22:35:00,9.70,122.28,25,1.9,019 km S 64° W of City Of Sipalay (Negros Occidental)
2025-03-31 22:17:00,13.73,120.74,75,2.2,017 km S 46° E of Calatagan (Batangas)
2025-03-31 21:38:00,8.60,127.11,30,1.8,089 km N 73° E of Hinatuan (Surigao Del Sur)
2025-03-31 21:22:00,13.13,121.58,10,1.8,015 km N 43° E of Pinamalayan (Oriental Mindoro)
2025-03-31 20:48:00,7.78,125.22,1,2.8,014 km N 61° E of Quezon (Bukidnon)
2025-03-31 19:54:00,17.72,120.46,27,2.5,002 km S 05° W of San Juan (Ilocos Sur)
2025-03-31 18:28:00,6.21,125.94,16,2.5,027 km N 86° E of Don Marcelino (Davao Occidental)
2025-03-31 18:14:00,8.19,125.92,21,2.0,007 km N 78° E of Loreto (Agusan Del Sur)
2025-03-31 17:47:00,5.12,126.36,88,4.3,106 km S 68° E of Sarangani Island (Municipality Of Sarangani) (Davao Occidental)
2025-03-31 15:24:00,13.54,120.89,32,2.0,014 km S 06° E of Tingloy (Batangas)
2025-03-31 12:14:00,15.31,120.56,161,2.2,002 km N 20° W of Bamban (Tarlac)
2025-03-31 10:20:00,8.56,126.28,33,1.8,018 km N 78° E of Barobo (Surigao Del Sur)
2025-03-31 09:59:00,6.00,125.63,142,2.5,010 km N 12° W of Jose Abad Santos (Davao Occidental)
2025-03-31 07:12:00,10.20,126.63,7,2.6,064 km N 72° E of Burgos (Surigao Del Norte)
2025-03-31 05:08:00,9.01,126.07,42,1.7,013 km S 58° W of City Of Tandag (Surigao Del Sur)
2025-03-31 04:53:00,7.37,124.70,36,1.4,015 km S 01° E of Banisilan (Cotabato)
2025-03-31 04:42:00,11.27,124.60,1,2.0,005 km S 56° W of Capoocan (Leyte)
2025-03-31 04:41:00,11.29,124.58,8,2.1,006 km S 84° W of Capoocan (Leyte)
2025-03-31 03:28:00,17.43,120.29,7,2.2,016 km S 66° W of Santa (Ilocos Sur)
2025-03-31 02:57:00,9.50,126.14,9,2.0,023 km S 56° E of Socorro (Surigao Del Norte)
2025-03-31 02:38:00,11.45,125.62,33,2.0,010 km N 62° E of Llorente (Eastern Samar)
2025-03-31 02:36:00,9.58,126.33,30,1.8,029 km S 40° E of General Luna (Surigao Del Norte)
2025-03-31 01:08:00,9.63,124.42,29,2.0,006 km S 72° E of Jagna (Bohol)
2025-03-31 01:00:00,6.43,126.30,16,2.2,036 km S 46° E of Governor Generoso (Davao Oriental)
2025-03-31 00:44:00,13.59,120.71,109,1.9,016 km N 07° W of Abra De Ilog (Occidental Mindoro)
2025-03-31 00:35:00,9.41,126.12,15,2.3,017 km N 28° W of Cortes (Surigao Del Sur)
2025-03-31 00:26:00,14.25,121.32,32,2.0,003 km N 19° W of Victoria (Laguna)
2025-03-30 23:48:00,11.14,124.65,3,2.1,011 km S 62° E of Kananga (Leyte)
2025-03-30 19:49:00,13.47,121.07,10,4.4,007 km N 57° E of San Teodoro (Oriental Mindoro)
2025-03-30 17:51:00,6.27,126.21,128,2.6,058 km N 82° E of Don Marcelino (Davao Occidental)
2025-03-30 17:21:00,8.91,126.19,25,1.8,012 km S 57° W of Bayabas (Surigao Del Sur)
2025-03-30 16:10:00,12.57,123.46,10,1.9,009 km N 44° E of Aroroy (Masbate)
2025-03-30 15:30:00,8.27,125.93,5,2.5,016 km S 83° E of La Paz (Agusan Del Sur)
2025-03-30 15:29:00,11.19,124.55,25,1.5,015 km S 42° W of Capoocan (Leyte)
2025-03-30 14:56:00,18.66,120.97,16,1.8,011 km N 11° W of Santa Praxedes (Cagayan)
2025-03-30 14:16:00,14.99,122.60,3,1.5,043 km N 42° E of Jomalig (Quezon)
2025-03-30 13:58:00,4.81,126.35,14,3.8,122 km S 57° E of Balut Island (Municipality Of Sarangani) (Davao Occidental)
2025-03-30 13:53:00,14.08,120.46,113,2.2,018 km N 90° W of Nasugbu (Batangas)
2025-03-30 13:23:00,9.80,126.13,40,2.1,004 km N 67° W of General Luna (Surigao Del Norte)
2025-03-30 13:21:00,5.39,125.95,3,3.3,054 km S 80° E of Sarangani Island (Municipality Of Sarangani) (Davao Occidental)
2025-03-30 11:09:00,9.52,126.13,25,1.4,021 km S 60° E of Socorro (Surigao Del Norte)
2025-03-30 10:57:00,10.37,122.58,15,1.4,016 km S 20° W of Sibunag (Guimaras)
2025-03-30 10:18:00,9.22,125.72,27,1.9,018 km S 75° E of Santiago (Agusan Del Norte)
2025-03-30 09:56:00,15.07,119.93,12,2.0,015 km N 87° W of San Felipe (Zambales)
2025-03-30 09:53:00,9.53,126.13,7,1.8,020 km S 62° E of Socorro (Surigao Del Norte)
2025-03-30 09:36:00,8.75,126.50,11,1.6,022 km S 77° E of Marihatag (Surigao Del Sur)
2025-03-30 09:25:00,8.59,125.77,39,1.4,011 km N 26° E of San Luis (Agusan Del Sur)
2025-03-30 08:34:00,8.83,126.51,20,2.9,024 km N 83° E of Marihatag (Surigao Del Sur)
2025-03-30 08:32:00,7.52,124.34,2,3.0,004 km N 76° W of Buldon (Maguindanao Del Norte)
2025-03-30 08:31:00,9.53,126.19,6,1.7,028 km N 01° W of Cortes (Surigao Del Sur)
2025-03-30 08:18:00,8.88,126.22,20,2.2,010 km S 68° W of Cagwait (Surigao Del Sur)
2025-03-30 08:14:00,8.80,126.25,13,2.1,005 km N 85° W of Marihatag (Surigao Del Sur)
2025-03-30 07:42:00,9.66,126.64,6,3.9,055 km S 76° E of General Luna (Surigao Del Norte)
2025-03-30 05:44:00,18.07,120.40,13,2.2,010 km N 59° W of Currimao (Ilocos Norte)
2025-03-30 05:34:00,8.40,123.10,7,2.4,010 km S 66° E of Jose Dalman (Zamboanga Del Norte)
2025-03-30 04:37:00,13.13,123.98,35,1.6,012 km N 89° E of Manito (Albay)
2025-03-30 04:36:00,13.72,120.16,12,2.5,010 km S 89° W of Looc (Occidental Mindoro)
2025-03-30 04:19:00,8.05,126.31,33,1.5,011 km N 85° W of Lingig (Surigao Del Sur)
2025-03-30 03:38:00,9.65,126.67,23,2.0,067 km N 51° E of Cortes (Surigao Del Sur)
2025-03-30 03:16:00,12.98,124.38,32,2.0,021 km S 72° E of Prieto Diaz (Sorsogon)
2025-03-30 03:05:00,5.68,126.54,19,2.4,103 km S 75° E of Jose Abad Santos (Davao Occidental)
2025-03-30 03:02:00,8.93,126.19,73,2.4,013 km N 86° W of Cagwait (Surigao Del Sur)
2025-03-30 03:00:00,10.28,126.14,24,2.3,029 km N 14° E of Burgos (Surigao Del Norte)
2025-03-30 02:56:00,9.89,124.10,9,1.8,003 km S 18° E of Sagbayan (Bohol)
2025-03-30 02:11:00,12.00,125.38,14,3.1,012 km S 70° W of Dolores (Eastern Samar)
2025-03-30 02:01:00,13.73,120.74,31,1.8,016 km S 45° E of Calatagan (Batangas)
2025-03-30 01:19:00,9.87,124.08,4,1.9,005 km S 13° W of Sagbayan (Bohol)
2025-03-30 01:16:00,9.89,124.11,6,2.1,004 km S 43° E of Sagbayan (Bohol)
2025-03-30 01:05:00,13.99,120.46,88,2.4,021 km S 64° W of Nasugbu (Batangas)
2025-03-30 00:42:00,15.14,120.12,82,3.0,007 km S 68° E of Cabangan (Zambales)
2025-03-30 00:36:00,8.83,126.38,28,2.3,010 km N 72° E of Marihatag (Surigao Del Sur)
2025-03-29 23:52:00,7.96,126.45,29,1.7,009 km S 23° E of Lingig (Surigao Del Sur)
2025-03-29 23:39:00,8.65,126.64,17,2.1,041 km S 66° E of Marihatag (Surigao Del Sur)
2025-03-29 23:28:00,7.61,124.24,1,1.4,009 km N 23° E of Kapatagan (Lanao Del Sur)
2025-03-29 23:16:00,7.86,123.19,24,1.8,006 km N 37° W of Tigbao (Zamboanga Del Sur)
2025-03-29 23:01:00,8.75,126.78,10,2.0,053 km S 85° E of Marihatag (Surigao Del Sur)
2025-03-29 22:56:00,5.26,126.59,50,2.2,126 km S 79° E of Sarangani Island (Municipality Of Sarangani) (Davao Occidental)
2025-03-29 22:51:00,9.57,126.25,20,2.0,026 km S 23° E of General Luna (Surigao Del Norte)
2025-03-29 22:50:00,9.86,125.92,1,1.9,006 km S 84° W of Del Carmen (Surigao Del Norte)
2025-03-29 22:47:00,14.01,120.60,127,1.9,008 km S 27° W of Nasugbu (Batangas)
2025-03-29 22:40:00,8.63,126.25,31,1.7,013 km S 12° E of San Agustin (Surigao Del Sur)
2025-03-29 22:31:00,6.92,126.15,60,1.7,008 km S 61° W of City Of Mati (Davao Oriental)
2025-03-29 22:26:00,2.89,126.25,32,3.5,294 km S 18° E of Balut Island (Municipality Of Sarangani) (Davao Occidental)
2025-03-29 22:13:00,10.77,125.16,29,2.1,017 km N 81° E of Abuyog (Leyte)
2025-03-29 22:10:00,7.88,125.99,29,1.9,009 km N 46° W of Monkayo (Davao De Oro)
2025-03-29 21:36:00,10.18,124.92,20,2.1,010 km N 57° E of City Of Maasin (Southern Leyte)
2025-03-29 21:22:00,8.62,126.25,28,2.1,014 km S 14° E of San Agustin (Surigao Del Sur)
2025-03-29 21:04:00,19.25,121.19,27,2.0,016 km N 08° W of Dalupiri Island (Calayan) (Cagayan)
2025-03-29 20:19:00,9.24,122.83,18,2.1,012 km S 21° W of Santa Catalina (Negros Oriental)
2025-03-29 18:46:00,9.08,126.39,21,4.2,017 km N 42° E of Bayabas (Surigao Del Sur)
2025-03-29 17:44:00,11.02,125.35,46,2.3,011 km S 23° W of Balangiga (Eastern Samar)
2025-03-29 17:14:00,9.88,124.08,7,2.5,004 km S 15° W of Sagbayan (Bohol)
2025-03-29 16:47:00,17.98,121.38,29,2.1,015 km N 16° E of Rizal (Cagayan)
2025-03-29 16:38:00,6.70,124.76,14,2.1,002 km N 79° E of President Quirino (Sultan Kudarat)
2025-03-29 14:53:00,19.05,120.96,3,2.8,027 km S 75° W of Dalupiri Island (Calayan) (Cagayan)
2025-03-29 14:26:00,8.53,122.74,23,2.5,032 km N 73° W of Jose Dalman (Zamboanga Del Norte)
2025-03-29 13:46:00,17.91,120.91,32,2.1,023 km N 24° E of Tineg (Abra)
2025-03-29 13:32:00,10.27,122.42,18,2.0,031 km S 25° W of Nueva Valencia (Guimaras)
2025-03-29 13:00:00,6.63,126.02,145,2.7,006 km S 66° W of Governor Generoso (Davao Oriental)
2025-03-29 12:22:00,10.74,124.97,1,2.4,005 km S 86° W of Abuyog (Leyte)
2025-03-29 11:21:00,14.55,119.46,24,2.8,081 km S 57° W of San Antonio (Zambales)
2025-03-29 10:29:00,13.03,124.25,81,2.3,006 km S 72° E of Prieto Diaz (Sorsogon)
2025-03-29 08:12:00,13.75,120.74,18,1.8,014 km S 52° E of Calatagan (Batangas)
2025-03-29 08:11:00,10.35,125.17,1,2.6,008 km N 21° E of Saint Bernard (Southern Leyte)
2025-03-29 07:45:00,13.33,120.38,19,2.3,013 km S 45° W of Paluan (Occidental Mindoro)
2025-03-29 06:49:00,9.41,126.12,33,1.5,017 km N 29° W of Cortes (Surigao Del Sur)
2025-03-29 06:47:00,19.01,121.93,1,2.2,055 km S 02° E of Babuyan Island (Calayan) (Cagayan)
2025-03-29 05:59:00,17.69,120.71,13,2.4,002 km N 73° W of San Juan (Abra)
2025-03-29 05:34:00,10.25,122.62,48,2.3,025 km S 85° W of Hinigaran (Negros Occidental)
2025-03-29 05:06:00,5.68,127.13,65,2.7,159 km S 48° E of Governor Generoso (Davao Oriental)
2025-03-29 04:47:00,10.24,125.29,32,1.5,005 km S 39° E of Anahawan (Southern Leyte)
2025-03-29 04:44:00,9.66,126.60,12,4.0,051 km S 75° E of General Luna (Surigao Del Norte)
2025-03-29 04:26:00,5.70,126.87,10,3.3,138 km S 80° E of Jose Abad Santos (Davao Occidental)
2025-03-29 04:01:00,10.40,125.11,1,2.1,013 km N 28° E of Libagon (Southern Leyte)
2025-03-29 03:42:00,15.63,119.89,27,2.2,004 km West of Candelaria (Zambales)
2025-03-29 03:08:00,9.32,122.62,9,1.8,011 km S 10° W of Basay (Negros Oriental)
2025-03-29 02:59:00,15.09,122.91,20,1.9,068 km N 03° W of Tinaga Island (Vinzons) (Camarines Norte)
2025-03-29 02:57:00,11.10,125.47,20,2.1,003 km S 43° E of Giporlos (Eastern Samar)
2025-03-29 02:34:00,10.24,126.21,18,2.3,029 km N 32° E of Burgos (Surigao Del Norte)
2025-03-29 02:33:00,18.35,121.24,80,2.4,012 km N 82° W of Luna (Apayao)
2025-03-29 01:06:00,9.76,126.46,6,2.4,034 km S 87° E of General Luna (Surigao Del Norte)
2025-03-29 00:52:00,16.03,122.05,21,1.9,015 km S 39° E of Dinalungan (Aurora)
2025-03-29 00:26:00,8.40,127.17,1,3.4,092 km N 88° E of Hinatuan (Surigao Del Sur)
2025-03-29 00:26:00,18.59,120.72,33,1.5,008 km N 36° W of Bangui (Ilocos Norte)
2025-03-29 00:22:00,6.41,120.88,14,3.6,035 km N 70° E of Pangutaran (Sulu)
2025-03-29 00:13:00,7.45,126.85,23,2.5,034 km N 67° E of Caraga (Davao Oriental)
2025-03-28 22:51:00,6.41,124.50,3,3.4,015 km S 29° W of Bagumbayan (Sultan Kudarat)
2025-03-28 22:27:00,6.42,124.54,5,3.0,013 km S 15° W of Bagumbayan (Sultan Kudarat)
2025-03-28 21:30:00,15.75,121.12,5,1.7,014 km N 10° W of Bongabon (Nueva Ecija)
2025-03-28 20:51:00,19.09,121.18,9,2.9,003 km S 58° W of Dalupiri Island (Calayan) (Cagayan)
2025-03-28 20:46:00,6.37,126.79,31,2.2,084 km S 27° E of Tarragona (Davao Oriental)
2025-03-28 20:44:00,17.16,119.82,7,3.1,066 km S 90° W of City Of Candon (Ilocos Sur)
2025-03-28 20:35:00,18.50,120.83,10,2.0,008 km S 33° E of Pagudpud (Ilocos Norte)
2025-03-28 20:04:00,13.72,120.59,71,2.5,013 km S 21° W of Calatagan (Batangas)
2025-03-28 19:36:00,16.15,122.00,6,1.7,004 km N 80° E of Dinalungan (Aurora)
2025-03-28 19:33:00,6.45,124.55,5,3.1,009 km S 09° W of Bagumbayan (Sultan Kudarat)
2025-03-28 19:30:00,8.96,126.15,41,2.3,011 km S 53° W of Tago (Surigao Del Sur)
2025-03-28 18:53:00,8.01,126.58,23,1.5,018 km S 81° E of Lingig (Surigao Del Sur)
2025-03-28 18:14:00,10.44,125.10,1,1.8,015 km N 66° E of Sogod (Southern Leyte)
2025-03-28 18:00:00,18.72,120.80,10,2.0,018 km N 04° E of Pagudpud (Ilocos Norte)
2025-03-28 17:54:00,16.89,120.39,10,1.9,003 km S 86° W of Bangar (La Union)
2025-03-28 17:02:00,9.06,126.18,60,2.1,002 km S 54° E of City Of Tandag (Surigao Del Sur)
2025-03-28 16:33:00,6.45,124.55,8,3.8,010 km S 09° W of Bagumbayan (Sultan Kudarat)
2025-03-28 16:06:00,9.50,122.57,29,1.5,012 km N 37° W of Basay (Negros Oriental)
2025-03-28 16:01:00,11.29,125.99,13,2.6,037 km N 55° E of Mercedes (Eastern Samar)
2025-03-28 13:04:00,17.60,120.50,3,2.0,006 km N 14° W of San Quintin (Abra)
2025-03-28 11:49:00,8.49,127.35,39,2.8,113 km N 83° E of Hinatuan (Surigao Del Sur)
2025-03-28 11:38:00,6.60,125.37,32,1.7,004 km N 82° W of Malalag (Davao Del Sur)
2025-03-28 11:36:00,8.00,126.71,12,2.4,033 km S 83° E of Lingig (Surigao Del Sur)
2025-03-28 08:25:00,9.97,126.07,35,1.8,005 km N 21° W of San Isidro (Surigao Del Norte)
2025-03-28 07:54:00,10.02,126.06,17,3.8,002 km N 87° W of Burgos (Surigao Del Norte)
2025-03-28 07:33:00,5.43,125.12,49,2.0,034 km N 86° W of Balut Island (Municipality Of Sarangani) (Davao Occidental)
2025-03-28 06:32:00,14.80,119.09,14,2.7,109 km S 81° W of San Antonio (Zambales)
2025-03-28 05:59:00,12.61,123.40,6,2.4,011 km North of Aroroy (Masbate)
2025-03-28 05:46:00,15.69,119.99,25,1.6,010 km N 41° E of Candelaria (Zambales)
2025-03-28 05:09:00,17.13,121.49,24,1.5,010 km S 60° E of Paracelis (Mountain Province)
2025-03-28 04:52:00,13.89,120.51,80,1.8,014 km N 63° W of Calatagan (Batangas)
2025-03-28 04:34:00,13.85,125.74,27,2.7,146 km N 87° E of Gigmoto (Catanduanes)
2025-03-28 03:25:00,19.02,121.07,7,3.2,018 km S 57° W of Dalupiri Island (Calayan) (Cagayan)
2025-03-28 02:30:00,5.94,126.13,129,3.1,054 km N 87° E of Jose Abad Santos (Davao Occidental)
2025-03-28 02:19:00,13.42,124.10,11,1.9,019 km S 01° E of San Andres (Catanduanes)
2025-03-28 01:32:00,15.69,120.72,35,1.2,006 km N 59° W of Guimba (Nueva Ecija)
2025-03-28 01:28:00,9.70,126.36,16,2.2,025 km S 68° E of General Luna (Surigao Del Norte)
2025-03-28 01:24:00,8.31,126.77,16,3.0,048 km S 82° E of Hinatuan (Surigao Del Sur)
2025-03-28 01:22:00,11.07,120.38,18,2.5,061 km S 82° W of Agutaya (Palawan)
2025-03-28 00:57:00,13.81,120.55,143,3.0,009 km S 77° W of Calatagan (Batangas)
2025-03-27 23:56:00,16.71,119.95,22,2.5,036 km N 10° E of Bolinao (Pangasinan)
2025-03-27 23:54:00,14.17,120.37,108,1.5,031 km N 71° W of Nasugbu (Batangas)
2025-03-27 23:47:00,10.73,126.65,24,3.9,101 km S 89° E of Homonhon Island (Guiuan) (Eastern Samar)
2025-03-27 23:38:00,6.15,126.56,37,3.2,077 km S 44° E of Governor Generoso (Davao Oriental)
2025-03-27 23:27:00,16.37,122.14,12,2.1,008 km S 68° W of Dilasag (Aurora)
2025-03-27 23:23:00,12.18,125.10,30,1.9,016 km N 80° W of Maslog (Eastern Samar)
2025-03-27 22:53:00,13.68,120.71,108,1.8,018 km N 82° W of Tingloy (Batangas)
2025-03-27 22:51:00,7.82,126.81,9,3.1,038 km N 46° E of Baganga (Davao Oriental)
2025-03-27 22:49:00,7.63,122.29,1,1.7,015 km N 76° W of Tungawan (Zamboanga Sibugay)
2025-03-27 22:46:00,9.32,126.25,25,2.4,008 km N 51° E of Cortes (Surigao Del Sur)
2025-03-27 22:39:00,8.77,125.80,20,2.2,009 km N 41° E of City Of Bayugan (Agusan Del Sur)
2025-03-27 22:38:00,15.08,119.96,34,1.5,012 km N 79° W of San Felipe (Zambales)
2025-03-27 22:22:00,13.45,120.74,12,1.6,002 km N 87° E of Abra De Ilog (Occidental Mindoro)
2025-03-27 22:22:00,13.49,120.72,1,1.9,005 km N 11° W of Abra De Ilog (Occidental Mindoro)
2025-03-27 22:10:00,8.58,126.51,32,4.5,030 km N 38° E of Hinatuan (Surigao Del Sur)
2025-03-27 22:08:00,6.67,126.62,34,4.3,046 km S 24° E of Tarragona (Davao Oriental)
2025-03-27 21:21:00,7.49,126.13,4,2.5,006 km S 03° W of New Bataan (Davao De Oro)
2025-03-27 19:27:00,13.30,120.23,9,2.7,028 km S 63° W of Paluan (Occidental Mindoro)
2025-03-27 18:30:00,9.87,125.78,77,2.4,014 km S 62° E of Cagdianao (Dinagat Islands)
2025-03-27 18:28:00,7.81,126.06,23,1.6,002 km S 21° E of Monkayo (Davao De Oro)
2025-03-27 17:40:00,6.67,126.51,35,3.0,043 km S 10° E of Tarragona (Davao Oriental)
2025-03-27 17:26:00,8.77,126.43,22,1.8,015 km S 77° E of Marihatag (Surigao Del Sur)
2025-03-27 17:20:00,8.76,126.55,14,2.1,028 km S 81° E of Marihatag (Surigao Del Sur)
2025-03-27 17:13:00,8.08,123.34,9,2.6,007 km N 26° E of Midsalip (Zamboanga Del Sur)
2025-03-27 16:06:00,10.05,125.20,26,2.3,004 km S 77° E of San Francisco (Southern Leyte)
2025-03-27 15:43:00,9.68,126.20,22,2.3,013 km S 20° E of General Luna (Surigao Del Norte)
2025-03-27 15:41:00,9.65,126.15,30,2.6,015 km S 01° W of General Luna (Surigao Del Norte)
2025-03-27 15:09:00,13.99,120.48,166,2.0,019 km S 60° W of Nasugbu (Batangas)
2025-03-27 14:51:00,8.17,125.82,34,2.0,005 km S 83° W of Loreto (Agusan Del Sur)
2025-03-27 13:48:00,11.05,124.70,14,2.3,015 km N 03° E of Albuera (Leyte)
2025-03-27 13:27:00,8.69,122.80,1,2.3,048 km S 32° W of Siaton (Negros Oriental)
2025-03-27 11:44:00,14.14,122.07,28,1.7,007 km N 52° E of Alabat (Quezon)
2025-03-27 10:41:00,17.87,120.32,33,2.0,015 km N 89° W of Sinait (Ilocos Sur)
2025-03-27 10:38:00,9.56,125.55,32,1.6,003 km N 56° E of Mainit (Surigao Del Norte)
2025-03-27 10:17:00,9.66,126.07,30,2.6,011 km S 09° E of Dapa (Surigao Del Norte)
2025-03-27 09:26:00,13.59,121.07,49,1.4,016 km S 68° W of Lobo (Batangas)
2025-03-27 08:48:00,16.51,121.44,33,1.5,010 km N 88° W of Cabarroguis (Quirino)
2025-03-27 08:41:00,15.53,122.62,10,3.6,098 km N 19° E of Jomalig (Quezon)
2025-03-27 08:39:00,6.35,126.60,50,2.3,068 km S 60° E of Governor Generoso (Davao Oriental)
2025-03-27 08:30:00,10.40,125.15,30,2.0,006 km N 81° W of Hinunangan (Southern Leyte)
2025-03-27 08:17:00,8.42,125.55,22,1.9,022 km S 66° W of San Luis (Agusan Del Sur)
2025-03-27 06:53:00,6.59,125.41,1,3.5,007 km S 84° E of Sulop (Davao Del Sur)
2025-03-27 06:43:00,6.87,125.84,33,3.5,020 km S 80° W of Lupon (Davao Oriental)
2025-03-27 06:36:00,8.89,126.30,36,2.2,003 km S 07° W of Cagwait (Surigao Del Sur)
2025-03-27 06:03:00,2.44,122.10,574,4.6,353 km S 30° E of South Ubian (Tawi-tawi)
2025-03-27 05:29:00,10.30,125.18,32,1.9,006 km N 63° E of Saint Bernard (Southern Leyte)
2025-03-27 04:07:00,15.12,123.04,26,2.3,089 km N 59° E of Jomalig (Quezon)
2025-03-27 04:05:00,8.65,126.11,138,2.9,003 km N 37° E of Lianga (Surigao Del Sur)
2025-03-27 03:58:00,19.03,121.15,5,2.1,011 km S 35° W of Dalupiri Island (Calayan) (Cagayan)
2025-03-27 03:56:00,15.51,122.57,17,2.6,093 km N 16° E of Jomalig (Quezon)
2025-03-27 03:43:00,13.95,120.46,88,1.8,023 km S 53° W of Nasugbu (Batangas)
2025-03-27 03:41:00,10.23,125.29,32,2.0,006 km S 36° E of Anahawan (Southern Leyte)
2025-03-27 03:40:00,3.60,126.04,84,3.9,212 km S 19° E of Balut Island (Municipality Of Sarangani) (Davao Occidental)
2025-03-27 03:18:00,8.87,126.52,33,1.5,025 km S 76° E of Cagwait (Surigao Del Sur)
2025-03-27 02:29:00,16.40,122.07,6,2.3,015 km N 88° W of Dilasag (Aurora)
2025-03-27 02:28:00,10.31,125.23,31,1.9,005 km N 36° W of Anahawan (Southern Leyte)
2025-03-27 01:53:00,9.05,126.56,26,2.1,032 km N 74° E of Bayabas (Surigao Del Sur)
2025-03-27 01:51:00,8.60,126.60,17,1.7,039 km N 49° E of Hinatuan (Surigao Del Sur)
2025-03-27 01:45:00,13.84,120.51,67,1.3,013 km N 88° W of Calatagan (Batangas)
2025-03-27 01:25:00,16.23,120.86,7,2.4,012 km N 45° W of Santa Fe (Nueva Vizcaya)
2025-03-27 01:09:00,11.26,125.80,7,2.5,021 km N 29° E of Mercedes (Eastern Samar)
2025-03-27 00:30:00,11.65,126.55,15,3.7,108 km N 72° E of Hernani (Eastern Samar)
2025-03-26 23:40:00,5.03,125.66,210,2.8,050 km S 31° E of Balut Island (Municipality Of Sarangani) (Davao Occidental)
2025-03-26 23:31:00,17.66,119.73,10,2.5,068 km N 84° W of Santa Catalina (Ilocos Sur)
2025-03-26 23:30:00,7.82,126.79,18,1.7,037 km N 42° E of Baganga (Davao Oriental)
2025-03-26 23:21:00,10.41,125.18,1,2.1,002 km N 55° W of Hinunangan (Southern Leyte)
2025-03-26 22:46:00,5.92,125.56,63,2.3,009 km N 85° W of Jose Abad Santos (Davao Occidental)
2025-03-26 22:25:00,16.28,120.85,28,2.5,016 km N 34° W of Santa Fe (Nueva Vizcaya)
2025-03-26 22:18:00,17.58,120.46,2,2.0,007 km N 54° W of San Quintin (Abra)
2025-03-26 22:11:00,16.40,119.69,15,4.0,030 km N 67° W of Anda (Pangasinan)
2025-03-26 21:08:00,16.88,120.28,23,2.0,011 km N 73° W of Luna (La Union)
2025-03-26 20:56:00,15.63,121.66,8,4.4,017 km S 36° E of Baler (Aurora)
2025-03-26 20:43:00,8.38,126.60,24,2.2,029 km N 87° E of Hinatuan (Surigao Del Sur)
2025-03-26 20:09:00,8.58,126.20,79,1.5,012 km N 59° E of Barobo (Surigao Del Sur)
2025-03-26 19:54:00,6.50,126.22,29,2.2,023 km S 43° E of Governor Generoso (Davao Oriental)
2025-03-26 19:34:00,18.82,121.05,1,2.2,024 km N 09° W of Claveria (Cagayan)
2025-03-26 19:31:00,10.36,125.20,7,1.7,004 km S 04° W of Hinunangan (Southern Leyte)
2025-03-26 18:44:00,8.80,126.33,24,2.0,003 km S 84° E of Marihatag (Surigao Del Sur)
2025-03-26 18:41:00,9.98,125.21,21,1.8,011 km S 35° E of San Francisco (Southern Leyte)
2025-03-26 18:29:00,15.33,119.95,23,2.0,003 km S 86° W of Iba (Zambales)
2025-03-26 17:06:00,8.28,126.01,1,2.4,011 km S 05° E of Rosario (Agusan Del Sur)
2025-03-26 14:56:00,13.54,120.69,7,2.7,023 km S 57° W of Tingloy (Batangas)
2025-03-26 14:53:00,4.60,124.42,22,4.5,143 km S 51° W of Balut Island (Municipality Of Sarangani) (Davao Occidental)
2025-03-26 12:49:00,9.02,126.16,60,2.0,006 km S 07° W of City Of Tandag (Surigao Del Sur)
2025-03-26 12:48:00,9.44,126.17,19,2.3,024 km N 62° E of Cantilan (Surigao Del Sur)
2025-03-26 12:17:00,5.83,126.60,1,3.3,106 km S 85° E of Jose Abad Santos (Davao Occidental)
2025-03-26 11:22:00,8.41,125.91,7,1.8,011 km N 73° W of Rosario (Agusan Del Sur)
2025-03-26 10:30:00,8.43,126.05,3,3.2,008 km N 44° E of Rosario (Agusan Del Sur)
2025-03-26 09:26:00,11.67,125.65,9,2.2,036 km N 05° E of Hernani (Eastern Samar)
2025-03-26 09:12:00,11.62,125.90,15,2.3,044 km N 46° E of Hernani (Eastern Samar)
2025-03-26 08:26:00,8.85,123.21,18,2.3,027 km S 01° E of Zamboanguita (Negros Oriental)
2025-03-26 07:55:00,10.42,126.42,1,2.7,059 km N 41° E of Burgos (Surigao Del Norte)
2025-03-26 07:03:00,7.85,126.79,18,1.8,037 km N 80° E of Cateel (Davao Oriental)
2025-03-26 06:44:00,18.68,120.45,35,1.7,027 km N 48° W of Burgos (Ilocos Norte)
2025-03-26 06:21:00,6.16,125.57,54,2.4,015 km S 72° W of Don Marcelino (Davao Occidental)
2025-03-26 05:59:00,11.62,125.93,10,2.9,046 km N 48° E of Hernani (Eastern Samar)
2025-03-26 05:52:00,11.13,125.71,20,3.4,003 km N 04° E of Mercedes (Eastern Samar)
2025-03-26 05:32:00,6.06,125.58,66,2.5,018 km N 22° W of Jose Abad Santos (Davao Occidental)
2025-03-26 04:00:00,7.02,126.31,31,2.0,013 km N 51° E of City Of Mati (Davao Oriental)
2025-03-26 03:59:00,10.13,125.93,12,2.0,017 km N 46° W of Santa Monica (Surigao Del Norte)
2025-03-26 03:46:00,16.15,121.93,40,1.6,003 km N 72° W of Dinalungan (Aurora)
2025-03-26 03:29:00,11.75,126.20,2,4.4,077 km N 55° E of Hernani (Eastern Samar)
2025-03-26 03:09:00,12.45,120.76,28,1.9,024 km S 55° W of Calintaan (Occidental Mindoro)
2025-03-26 02:57:00,9.34,122.58,44,2.3,010 km S 37° W of Basay (Negros Oriental)
2025-03-26 02:46:00,9.97,125.76,30,1.6,011 km N 62° E of Cagdianao (Dinagat Islands)
2025-03-26 02:28:00,10.98,124.74,6,2.3,009 km N 33° E of Albuera (Leyte)
2025-03-26 01:48:00,13.57,120.67,74,1.5,016 km N 25° W of Abra De Ilog (Occidental Mindoro)
2025-03-26 01:43:00,6.49,126.21,127,3.8,023 km S 41° E of Governor Generoso (Davao Oriental)
2025-03-26 00:51:00,7.83,126.87,13,1.8,045 km N 50° E of Baganga (Davao Oriental)
2025-03-26 00:50:00,19.13,120.98,8,3.2,024 km N 85° W of Dalupiri Island (Calayan) (Cagayan)
2025-03-25 23:35:00,8.23,126.83,17,2.0,051 km N 66° E of Lingig (Surigao Del Sur)
2025-03-25 23:27:00,10.38,124.84,27,2.2,008 km N 45° E of Bato (Leyte)
2025-03-25 23:20:00,10.01,125.22,33,2.0,009 km S 54° E of San Francisco (Southern Leyte)
2025-03-25 22:46:00,14.05,120.46,107,2.1,019 km S 81° W of Nasugbu (Batangas)
2025-03-25 22:00:00,10.33,126.12,11,3.4,035 km N 08° E of Burgos (Surigao Del Norte)
2025-03-25 21:23:00,19.11,121.05,13,3.1,016 km S 90° W of Dalupiri Island (Calayan) (Cagayan)
2025-03-25 20:41:00,8.77,126.47,25,2.1,020 km S 81° E of Marihatag (Surigao Del Sur)
2025-03-25 20:09:00,13.72,120.67,182,2.2,013 km S 17° E of Calatagan (Batangas)
2025-03-25 18:23:00,10.37,126.13,24,2.4,040 km N 09° E of Burgos (Surigao Del Norte)
2025-03-25 18:04:00,9.23,125.58,16,1.8,005 km S 29° E of Santiago (Agusan Del Norte)
2025-03-25 17:39:00,11.18,124.65,4,2.4,010 km N 85° E of Kananga (Leyte)
2025-03-25 16:56:00,10.59,126.53,3,3.0,080 km N 39° E of Burgos (Surigao Del Norte)
2025-03-25 16:02:00,17.80,120.80,1,1.8,009 km N 16° W of Tineg (Abra)
2025-03-25 11:44:00,9.66,126.39,32,1.9,029 km S 61° E of General Luna (Surigao Del Norte)
2025-03-25 11:32:00,7.75,126.61,29,4.0,018 km S 77° E of Cateel (Davao Oriental)
2025-03-25 11:19:00,15.14,119.83,27,1.8,025 km S 85° W of Cabangan (Zambales)
2025-03-25 09:53:00,10.59,126.65,14,3.6,089 km N 45° E of Burgos (Surigao Del Norte)
2025-03-25 09:40:00,8.18,126.72,18,2.4,037 km N 64° E of Lingig (Surigao Del Sur)
2025-03-25 09:28:00,8.95,126.27,42,1.7,003 km S 36° W of Bayabas (Surigao Del Sur)
2025-03-25 06:23:00,15.43,121.83,1,2.4,046 km S 39° E of Baler (Aurora)
2025-03-25 05:20:00,7.76,122.33,4,1.8,019 km N 52° W of Roseller Lim (Zamboanga Sibugay)
2025-03-25 04:38:00,8.01,126.79,11,2.2,042 km S 86° E of Lingig (Surigao Del Sur)
2025-03-25 04:11:00,17.29,120.59,27,1.3,006 km N 15° E of San Emilio (Ilocos Sur)
2025-03-25 03:56:00,8.21,126.72,14,2.2,039 km N 61° E of Lingig (Surigao Del Sur)
2025-03-25 03:16:00,12.17,121.73,7,2.7,029 km S 50° W of Ferrol (Romblon)
2025-03-25 01:57:00,18.51,121.01,13,1.7,006 km S 21° E of Santa Praxedes (Cagayan)
2025-03-25 00:21:00,10.38,126.32,4,2.5,048 km N 34° E of Burgos (Surigao Del Norte)
2025-03-24 23:46:00,6.01,125.98,153,3.3,038 km N 74° E of Jose Abad Santos (Davao Occidental)
2025-03-24 23:40:00,8.22,126.90,1,2.4,057 km N 70° E of Lingig (Surigao Del Sur)
2025-03-24 23:38:00,9.02,126.53,12,2.5,028 km N 78° E of Bayabas (Surigao Del Sur)
2025-03-24 23:29:00,12.83,120.24,31,1.9,058 km S 89° W of Sablayan (Occidental Mindoro)
2025-03-24 23:17:00,11.83,126.07,12,3.0,068 km S 70° E of Dolores (Eastern Samar)
2025-03-24 21:36:00,5.20,125.09,13,2.4,043 km S 57° W of Balut Island (Municipality Of Sarangani) (Davao Occidental)
2025-03-24 21:10:00,11.72,125.32,28,2.5,015 km S 77° W of San Julian (Eastern Samar)
2025-03-24 20:37:00,13.53,120.23,1,3.3,021 km S 05° W of Looc (Occidental Mindoro)
2025-03-24 20:31:00,13.50,120.24,5,2.9,024 km S 02° W of Looc (Occidental Mindoro)
2025-03-24 20:22:00,5.66,124.77,26,2.1,034 km S 48° W of Maasim (Sarangani)
2025-03-24 20:17:00,13.57,121.63,1,2.4,027 km N 59° W of Boac (Marinduque)
2025-03-24 18:28:00,6.38,126.82,101,2.8,085 km S 29° E of Tarragona (Davao Oriental)
2025-03-24 18:19:00,7.80,126.85,5,2.5,041 km N 52° E of Baganga (Davao Oriental)
2025-03-24 17:53:00,7.94,124.28,17,2.5,007 km S 08° W of City Of Marawi (Lanao Del Sur)
2025-03-24 15:56:00,13.47,120.59,121,2.1,015 km N 79° W of Abra De Ilog (Occidental Mindoro)
2025-03-24 15:54:00,6.57,125.23,7,3.9,006 km S 24° W of Kiblawan (Davao Del Sur)
2025-03-24 14:57:00,11.51,125.27,21,1.7,021 km S 57° W of City Of Borongan (Eastern Samar)
2025-03-24 12:57:00,17.54,121.59,40,1.3,019 km N 66° W of Santa Maria (Isabela)
2025-03-24 12:40:00,14.06,120.43,165,2.3,022 km S 86° W of Nasugbu (Batangas)
2025-03-24 10:32:00,19.11,120.95,2,2.7,027 km N 89° W of Dalupiri Island (Calayan) (Cagayan)
2025-03-24 10:29:00,17.40,120.70,4,1.4,003 km S 02° E of Manabo (Abra)
2025-03-24 10:25:00,8.20,125.83,29,1.9,004 km N 53° W of Loreto (Agusan Del Sur)
2025-03-24 09:26:00,14.87,120.14,68,2.2,010 km S 42° W of Castillejos (Zambales)
2025-03-24 09:02:00,7.03,126.44,34,2.6,003 km S 26° W of Tarragona (Davao Oriental)
2025-03-24 08:31:00,8.38,126.13,9,2.7,010 km S 20° W of Tagbina (Surigao Del Sur)
2025-03-24 07:45:00,8.77,126.22,20,2.0,003 km N 06° W of San Agustin (Surigao Del Sur)
2025-03-24 07:16:00,8.08,126.49,25,1.6,010 km N 58° E of Lingig (Surigao Del Sur)
2025-03-24 05:06:00,10.09,126.41,8,3.1,038 km N 77° E of Burgos (Surigao Del Norte)
2025-03-24 04:46:00,9.39,126.22,30,1.7,013 km N 15° E of Cortes (Surigao Del Sur)
2025-03-24 02:16:00,9.16,125.70,11,3.2,017 km N 76° E of City Of Cabadbaran (Agusan Del Norte)
2025-03-24 01:34:00,9.28,126.10,29,2.4,011 km N 86° W of Cortes (Surigao Del Sur)
2025-03-24 01:23:00,13.68,120.57,90,2.8,018 km S 21° W of Calatagan (Batangas)
2025-03-24 00:49:00,14.64,123.19,1,2.7,032 km N 55° E of Tinaga Island (Vinzons) (Camarines Norte)
2025-03-24 00:48:00,11.81,125.00,23,2.2,003 km N 02° E of Motiong (Samar)
2025-03-24 00:42:00,4.25,127.08,28,4.2,225 km S 55° E of Balut Island (Municipality Of Sarangani) (Davao Occidental)
2025-03-24 00:25:00,5.11,126.38,1,3.0,108 km S 68° E of Sarangani Island (Municipality Of Sarangani) (Davao Occidental)
2025-03-24 00:20:00,9.46,126.09,21,2.3,019 km N 42° E of Cantilan (Surigao Del Sur)
2025-03-24 00:07:00,11.74,124.26,11,3.2,010 km S 67° W of Maripipi (Biliran)
2025-03-24 00:01:00,4.96,125.26,133,3.1,053 km S 20° W of Balut Island (Municipality Of Sarangani) (Davao Occidental)
2025-03-23 21:38:00,9.01,126.34,46,2.4,007 km N 52° E of Bayabas (Surigao Del Sur)
2025-03-23 20:40:00,10.25,125.92,34,1.5,031 km N 33° W of Burgos (Surigao Del Norte)
2025-03-23 20:11:00,7.83,126.75,22,2.2,035 km N 36° E of Baganga (Davao Oriental)
2025-03-23 19:41:00,10.02,122.35,10,2.3,029 km N 18° W of City Of Sipalay (Negros Occidental)
2025-03-23 17:42:00,8.37,126.78,14,2.7,048 km N 90° E of Hinatuan (Surigao Del Sur)
2025-03-23 17:27:00,14.14,120.39,104,1.8,027 km N 76° W of Nasugbu (Batangas)
2025-03-23 16:51:00,11.95,121.46,4,3.2,010 km N 79° W of Caluya (Antique)
2025-03-23 15:13:00,5.98,125.19,28,1.8,011 km N 82° W of Malapatan (Sarangani)
2025-03-23 14:15:00,7.77,127.16,9,3.1,069 km N 72° E of Baganga (Davao Oriental)
2025-03-23 11:41:00,9.03,127.35,41,2.4,116 km N 84° E of Cagwait (Surigao Del Sur)
2025-03-23 11:13:00,10.19,125.87,28,1.7,027 km N 45° W of Santa Monica (Surigao Del Norte)
2025-03-23 08:50:00,13.67,120.55,42,1.5,020 km S 26° W of Calatagan (Batangas)
2025-03-23 08:30:00,12.99,125.04,18,3.2,046 km N 04° E of Laoang (Northern Samar)
2025-03-23 08:12:00,8.09,126.29,35,1.6,014 km S 12° W of City Of Bislig (Surigao Del Sur)
2025-03-23 07:29:00,7.93,126.94,8,2.8,056 km N 74° E of Cateel (Davao Oriental)
2025-03-23 07:12:00,10.47,124.92,12,2.2,011 km N 35° W of Sogod (Southern Leyte)
2025-03-23 06:14:00,13.64,120.60,103,2.6,022 km S 09° W of Calatagan (Batangas)
2025-03-23 06:04:00,5.50,126.12,9,3.3,069 km S 49° E of Jose Abad Santos (Davao Occidental)
2025-03-23 05:14:00,12.80,124.79,43,3.5,031 km N 30° W of Pambujan (Northern Samar)
2025-03-23 05:12:00,9.81,125.41,2,3.1,004 km N 15° W of San Francisco (Surigao Del Norte)
2025-03-23 04:34:00,17.86,120.38,22,2.0,008 km S 86° W of Sinait (Ilocos Sur)
2025-03-23 04:19:00,5.94,125.85,143,3.0,023 km N 81° E of Jose Abad Santos (Davao Occidental)
2025-03-23 03:57:00,15.65,122.07,1,2.6,055 km S 13° E of Dinalungan (Aurora)
2025-03-23 02:33:00,7.78,127.19,7,2.5,081 km S 89° E of Cateel (Davao Oriental)
2025-03-23 02:30:00,7.85,127.32,2,2.8,089 km N 70° E of Baganga (Davao Oriental)
2025-03-23 02:09:00,7.73,127.25,1,3.3,078 km N 78° E of Baganga (Davao Oriental)
2025-03-23 02:07:00,11.69,125.90,12,2.3,048 km N 64° E of Maydolong (Eastern Samar)
2025-03-23 01:35:00,7.70,127.30,1,3.7,083 km N 80° E of Baganga (Davao Oriental)
2025-03-23 01:34:00,7.72,127.26,1,2.8,078 km N 78° E of Baganga (Davao Oriental)
2025-03-23 01:09:00,8.41,126.73,13,3.0,043 km N 83° E of Hinatuan (Surigao Del Sur)
2025-03-23 00:46:00,10.12,122.29,11,1.6,040 km N 66° W of Cauayan (Negros Occidental)
2025-03-23 00:33:00,15.63,122.00,3,3.3,050 km S 73° E of Baler (Aurora)
2025-03-23 00:13:00,7.67,127.07,1,2.4,057 km N 80° E of Baganga (Davao Oriental)
2025-03-22 22:39:00,16.52,122.18,63,1.8,009 km S 85° W of Dinapigue (Isabela)
2025-03-22 22:12:00,7.67,124.76,2,2.2,007 km N 50° E of Wao (Lanao Del Sur)
2025-03-22 22:11:00,16.35,120.22,13,2.4,015 km S 72° W of Aringay (La Union)
2025-03-22 21:23:00,8.76,126.57,31,2.4,030 km S 82° E of Marihatag (Surigao Del Sur)
2025-03-22 20:33:00,7.77,127.17,10,3.3,071 km N 72° E of Baganga (Davao Oriental)
2025-03-22 20:11:00,11.31,124.54,10,1.7,009 km S 45° E of Leyte (Leyte)
2025-03-22 19:19:00,8.81,126.48,16,3.7,023 km S 58° E of Cagwait (Surigao Del Sur)
2025-03-22 18:39:00,13.62,120.33,46,2.5,014 km S 36° E of Looc (Occidental Mindoro)
2025-03-22 17:58:00,8.67,125.66,27,1.7,001 km S 45° E of Esperanza (Agusan Del Sur)
2025-03-22 17:24:00,8.18,126.54,31,1.9,021 km N 42° E of Lingig (Surigao Del Sur)
2025-03-22 17:15:00,14.22,120.30,113,2.0,032 km S 40° W of Mariveles (Bataan)
2025-03-22 17:05:00,5.71,126.50,42,2.9,097 km S 77° E of Jose Abad Santos (Davao Occidental)
2025-03-22 16:51:00,7.58,126.72,2,3.6,018 km N 89° E of Baganga (Davao Oriental)
2025-03-22 16:51:00,7.75,126.92,27,1.4,044 km N 63° E of Baganga (Davao Oriental)
2025-03-22 16:34:00,7.77,127.08,17,2.6,061 km N 69° E of Baganga (Davao Oriental)
2025-03-22 15:54:00,7.89,126.71,10,2.0,038 km N 25° E of Baganga (Davao Oriental)
2025-03-22 15:47:00,7.93,126.50,2,2.2,015 km N 64° E of Boston (Davao Oriental)
2025-03-22 15:46:00,7.83,126.84,14,1.6,042 km N 47° E of Baganga (Davao Oriental)
2025-03-22 15:42:00,7.86,127.09,1,2.4,066 km N 61° E of Baganga (Davao Oriental)
2025-03-22 15:41:00,7.79,127.17,12,3.2,071 km N 70° E of Baganga (Davao Oriental)
2025-03-22 15:22:00,7.78,127.21,1,2.7,075 km N 72° E of Baganga (Davao Oriental)
2025-03-22 15:01:00,7.74,127.19,19,4.4,072 km N 75° E of Baganga (Davao Oriental)
2025-03-22 14:54:00,7.79,127.03,13,3.4,057 km N 66° E of Baganga (Davao Oriental)
2025-03-22 14:33:00,12.56,123.64,8,2.7,018 km N 56° E of Baleno (Masbate)
2025-03-22 14:27:00,9.63,126.19,32,1.5,018 km S 12° E of General Luna (Surigao Del Norte)
2025-03-22 14:25:00,7.90,126.78,10,2.3,038 km N 72° E of Cateel (Davao Oriental)
2025-03-22 13:52:00,7.76,127.16,8,3.7,069 km N 72° E of Baganga (Davao Oriental)
2025-03-22 13:32:00,7.93,126.86,15,2.7,051 km N 40° E of Baganga (Davao Oriental)
2025-03-22 13:30:00,7.83,127.11,10,3.0,067 km N 65° E of Baganga (Davao Oriental)
2025-03-22 13:27:00,7.75,127.15,6,4.1,068 km N 73° E of Baganga (Davao Oriental)
2025-03-22 11:44:00,10.78,125.96,73,2.3,026 km N 81° E of Homonhon Island (Guiuan) (Eastern Samar)
2025-03-22 11:42:00,10.96,126.18,3,2.8,051 km S 81° E of Guiuan (Eastern Samar)
2025-03-22 11:14:00,9.61,122.39,12,2.1,009 km N 85° W of Hinoba-an (Negros Occidental)
2025-03-22 11:01:00,6.37,125.78,14,1.7,020 km S 75° E of Malita (Davao Occidental)
2025-03-22 08:44:00,5.78,126.56,28,2.9,102 km S 82° E of Jose Abad Santos (Davao Occidental)
2025-03-22 08:15:00,17.02,120.98,33,1.6,007 km S 06° E of Bontoc (Mountain Province)
2025-03-22 08:14:00,7.81,126.90,11,1.8,046 km N 55° E of Baganga (Davao Oriental)
2025-03-22 07:28:00,7.75,127.24,1,2.8,077 km N 75° E of Baganga (Davao Oriental)
2025-03-22 06:43:00,7.81,126.90,11,1.5,045 km N 55° E of Baganga (Davao Oriental)
2025-03-22 06:36:00,7.79,126.81,23,2.1,040 km N 90° E of Cateel (Davao Oriental)
2025-03-22 06:35:00,7.74,127.09,13,2.7,061 km N 73° E of Baganga (Davao Oriental)
2025-03-22 06:34:00,16.89,120.95,2,3.8,008 km N 47° W of Hungduan (Ifugao)
2025-03-22 05:47:00,11.20,122.29,12,2.3,028 km East of Barbaza (Antique)
2025-03-22 05:10:00,10.42,125.18,4,1.9,011 km N 43° W of Hinundayan (Southern Leyte)
2025-03-22 04:58:00,11.48,126.19,20,3.6,065 km N 77° E of Hernani (Eastern Samar)
2025-03-22 04:08:00,13.49,120.74,1,2.0,005 km N 20° E of Abra De Ilog (Occidental Mindoro)
2025-03-22 03:57:00,9.60,122.40,10,2.8,008 km S 87° W of Hinoba-an (Negros Occidental)
2025-03-22 03:57:00,17.73,120.48,25,2.1,002 km S 54° E of San Juan (Ilocos Sur)
2025-03-22 03:34:00,17.31,120.76,5,1.9,006 km N 32° E of Tubo (Abra)
2025-03-22 02:50:00,17.52,120.04,7,2.5,035 km S 77° W of Santa Catalina (Ilocos Sur)
2025-03-22 01:45:00,17.48,120.39,3,2.3,005 km S 80° W of Santa (Ilocos Sur)
2025-03-22 01:31:00,7.98,126.78,18,2.1,041 km N 60° E of Cateel (Davao Oriental)
2025-03-22 01:27:00,9.71,126.32,15,3.2,020 km S 66° E of General Luna (Surigao Del Norte)
2025-03-22 01:19:00,17.50,120.50,1,2.4,005 km S 24° W of San Quintin (Abra)
2025-03-22 01:10:00,6.77,125.34,10,2.4,003 km N 37° W of City Of Digos (Davao Del Sur)
2025-03-22 00:54:00,7.89,126.31,30,2.0,008 km N 76° W of Boston (Davao Oriental)
2025-03-22 00:29:00,17.82,120.86,7,2.0,011 km N 19° E of Tineg (Abra)
2025-03-22 00:06:00,17.82,120.74,26,2.0,011 km N 19° E of Lagayan (Abra)
2025-03-21 23:59:00,7.77,127.30,8,2.4,085 km N 76° E of Baganga (Davao Oriental)
2025-03-21 22:25:00,15.12,122.81,21,2.7,073 km N 12° W of Tinaga Island (Vinzons) (Camarines Norte)
2025-03-21 22:16:00,8.95,126.27,36,2.5,003 km S 38° W of Bayabas (Surigao Del Sur)
2025-03-21 21:13:00,10.37,125.18,10,2.4,003 km S 47° W of Hinunangan (Southern Leyte)
2025-03-21 20:48:00,10.65,122.42,20,1.7,005 km S 65° E of Tigbauan (Iloilo)
2025-03-21 20:31:00,12.85,124.61,17,2.1,033 km N 55° E of Biri (Northern Samar)
2025-03-21 18:39:00,7.69,123.12,23,2.2,007 km S 25° W of Kumalarang (Zamboanga Del Sur)
2025-03-21 18:38:00,7.34,123.14,1,1.9,020 km S 11° W of Vincenzo A. Sagun (Zamboanga Del Sur)
2025-03-21 18:37:00,2.85,127.00,7,3.8,334 km S 32° E of Balut Island (Municipality Of Sarangani) (Davao Occidental)
2025-03-21 18:23:00,17.55,120.48,10,1.5,005 km N 80° W of San Quintin (Abra)
2025-03-21 17:47:00,8.22,126.79,27,2.7,046 km N 64° E of Lingig (Surigao Del Sur)
2025-03-21 17:11:00,10.35,125.15,16,1.9,007 km S 44° W of Hinunangan (Southern Leyte)
2025-03-21 16:52:00,10.20,125.54,170,2.0,001 km East of Libjo (Dinagat Islands)
2025-03-21 14:36:00,14.10,120.65,176,1.7,003 km N 41° E of Nasugbu (Batangas)
2025-03-21 12:25:00,7.95,126.59,17,1.6,022 km S 65° E of Lingig (Surigao Del Sur)
2025-03-21 11:38:00,8.42,127.20,6,2.3,095 km N 86° E of Hinatuan (Surigao Del Sur)
2025-03-21 11:36:00,8.34,127.53,45,3.0,127 km N 75° E of Lingig (Surigao Del Sur)
2025-03-21 11:26:00,10.45,125.24,33,1.6,008 km N 37° E of Hinunangan (Southern Leyte)
2025-03-21 10:46:00,12.15,125.36,1,2.3,009 km N 85° W of Oras (Eastern Samar)
2025-03-21 10:17:00,17.59,120.48,5,2.2,009 km N 82° W of Langiden (Abra)
2025-03-21 10:14:00,17.57,120.48,1,2.2,005 km N 56° W of San Quintin (Abra)
2025-03-21 08:28:00,8.47,126.58,23,2.3,029 km N 67° E of Hinatuan (Surigao Del Sur)
2025-03-21 06:24:00,10.08,125.23,12,2.8,015 km S 53° E of Liloan (Southern Leyte)
2025-03-21 05:56:00,18.97,121.24,6,2.7,015 km S 13° E of Dalupiri Island (Calayan) (Cagayan)
2025-03-21 05:35:00,14.51,123.65,1,2.9,068 km N 38° E of Siruma (Camarines Sur)
2025-03-21 04:43:00,15.01,120.24,33,1.2,009 km N 30° E of Castillejos (Zambales)
2025-03-21 03:39:00,8.00,126.60,18,1.9,021 km S 79° E of Lingig (Surigao Del Sur)
2025-03-21 02:52:00,10.12,125.93,27,1.7,016 km N 48° W of Santa Monica (Surigao Del Norte)
2025-03-21 02:13:00,13.77,120.77,34,1.3,017 km N 42° W of Tingloy (Batangas)
2025-03-21 02:12:00,13.53,120.81,7,2.0,013 km N 42° E of Abra De Ilog (Occidental Mindoro)
2025-03-21 01:54:00,17.83,120.64,9,2.4,014 km N 28° W of Lagayan (Abra)
2025-03-21 01:49:00,4.29,126.05,145,4.1,143 km S 29° E of Balut Island (Municipality Of Sarangani) (Davao Occidental)
2025-03-21 01:19:00,13.55,120.80,3,4.1,014 km N 34° E of Abra De Ilog (Occidental Mindoro)
2025-03-21 01:16:00,6.94,125.22,27,2.2,015 km S 82° E of Makilala (Cotabato)
2025-03-21 01:13:00,12.87,122.95,11,2.2,029 km S 05° W of San Pascual (Masbate)
2025-03-21 00:26:00,9.86,125.80,32,1.5,016 km S 62° E of Cagdianao (Dinagat Islands)
2025-03-21 00:03:00,17.04,120.53,1,1.6,006 km N 18° E of Suyo (Ilocos Sur)
2025-03-21 00:01:00,17.60,120.51,8,2.3,006 km N 61° W of Langiden (Abra)
2025-03-20 22:50:00,9.45,126.22,19,2.1,019 km N 10° E of Cortes (Surigao Del Sur)
2025-03-20 22:44:00,7.42,123.93,32,2.2,015 km N 52° W of Bongo Island (Parang) (Maguindanao Del Norte)
2025-03-20 20:35:00,8.89,126.38,30,1.7,010 km S 69° E of Cagwait (Surigao Del Sur)
2025-03-20 20:02:00,11.90,125.52,12,2.3,011 km S 89° E of Taft (Eastern Samar)
2025-03-20 19:45:00,14.96,119.27,23,3.0,086 km S 62° W of Iba (Zambales)
2025-03-20 19:20:00,10.25,123.29,7,2.4,011 km S 24° W of Vallehermoso (Negros Oriental)
2025-03-20 19:00:00,11.10,125.92,25,3.4,023 km N 70° E of Guiuan (Eastern Samar)
2025-03-20 18:18:00,11.86,125.08,7,2.1,012 km N 33° E of Paranas (Samar)
2025-03-20 18:14:00,8.89,126.33,34,2.6,005 km S 45° E of Cagwait (Surigao Del Sur)
2025-03-20 17:37:00,15.32,120.61,13,2.7,003 km S 24° E of Capas (Tarlac)
2025-03-20 17:08:00,14.02,122.51,1,2.8,007 km N 29° W of Tagkawayan (Quezon)
2025-03-20 14:57:00,8.09,126.51,26,1.6,012 km N 65° E of Lingig (Surigao Del Sur)
2025-03-20 14:06:00,8.17,125.96,15,1.6,004 km S 68° W of Bunawan (Agusan Del Sur)
2025-03-20 13:25:00,17.60,120.50,1,2.7,007 km N 19° W of San Quintin (Abra)
2025-03-20 12:26:00,14.31,123.07,2,1.9,022 km S 36° E of Tinaga Island (Vinzons) (Camarines Norte)
2025-03-20 11:54:00,17.59,120.18,30,2.5,020 km S 89° W of Santa Catalina (Ilocos Sur)
2025-03-20 11:44:00,13.58,120.62,112,1.6,019 km N 36° W of Abra De Ilog (Occidental Mindoro)
2025-03-20 09:25:00,8.14,126.15,33,1.5,015 km N 39° E of Trento (Agusan Del Sur)
2025-03-20 09:13:00,13.67,120.63,101,1.4,018 km South of Calatagan (Batangas)
2025-03-20 08:58:00,4.87,126.01,15,3.1,090 km S 42° E of Sarangani Island (Municipality Of Sarangani) (Davao Occidental)
2025-03-20 07:06:00,8.14,125.82,29,2.0,006 km S 49° W of Loreto (Agusan Del Sur)
2025-03-20 06:37:00,8.19,125.90,8,3.0,004 km N 70° E of Loreto (Agusan Del Sur)
2025-03-20 06:35:00,8.19,125.90,8,4.0,005 km N 81° E of Loreto (Agusan Del Sur)
2025-03-20 05:31:00,18.41,120.99,9,2.4,011 km S 56° E of Adams (Ilocos Norte)
2025-03-20 04:08:00,7.85,126.49,23,1.7,008 km N 28° E of Cateel (Davao Oriental)
2025-03-20 02:58:00,21.84,121.13,14,3.5,138 km N 32° W of Itbayat (Batanes)
2025-03-20 02:52:00,7.98,124.53,1,1.9,016 km S 87° E of Bubong (Lanao Del Sur)
2025-03-20 02:22:00,8.89,126.61,10,1.5,034 km S 85° E of Cagwait (Surigao Del Sur)
2025-03-20 01:56:00,8.57,126.24,19,1.9,015 km N 35° E of Tagbina (Surigao Del Sur)
2025-03-20 01:52:00,10.48,126.72,4,3.6,088 km N 54° E of Burgos (Surigao Del Norte)
2025-03-20 01:05:00,10.33,126.28,10,2.0,041 km N 34° E of Burgos (Surigao Del Norte)
2025-03-20 01:05:00,13.88,120.51,102,1.8,014 km N 70° W of Calatagan (Batangas)
2025-03-20 00:28:00,6.57,126.38,47,2.5,036 km S 75° E of Governor Generoso (Davao Oriental)
2025-03-20 00:18:00,9.58,126.11,24,1.8,017 km S 74° E of Socorro (Surigao Del Norte)
2025-03-19 23:46:00,17.66,120.35,3,2.5,006 km N 55° W of San Ildefonso (Ilocos Sur)
2025-03-19 23:43:00,8.51,123.52,12,2.1,004 km S 69° W of Rizal (Zamboanga Del Norte)
2025-03-19 23:28:00,9.90,122.07,1,1.7,043 km N 70° W of City Of Sipalay (Negros Occidental)
2025-03-19 23:05:00,10.40,125.18,17,2.1,002 km N 54° W of Hinunangan (Southern Leyte)
2025-03-19 22:47:00,19.85,121.35,10,2.0,067 km N 11° W of Calayan (Cagayan)
2025-03-19 22:10:00,18.44,120.89,9,1.9,002 km S 32° W of Adams (Ilocos Norte)
2025-03-19 21:32:00,16.31,120.01,33,1.6,007 km N 72° E of Anda (Pangasinan)
2025-03-19 21:06:00,16.08,120.50,131,2.1,006 km N 55° W of Laoac (Pangasinan)
2025-03-19 20:30:00,12.57,124.74,30,2.0,006 km N 14° W of Mondragon (Northern Samar)
2025-03-19 20:27:00,7.45,126.22,2,1.8,015 km S 41° E of New Bataan (Davao De Oro)
2025-03-19 20:19:00,10.36,125.99,17,2.2,038 km N 08° W of Santa Monica (Surigao Del Norte)
2025-03-19 19:43:00,9.15,125.72,29,1.7,018 km N 54° E of Remedios T. Romualdez (Agusan Del Norte)
2025-03-19 19:33:00,8.97,126.54,27,1.7,027 km N 77° E of Cagwait (Surigao Del Sur)
2025-03-19 17:43:00,6.26,125.59,128,2.5,013 km N 59° W of Don Marcelino (Davao Occidental)
2025-03-19 17:25:00,9.86,126.30,16,1.8,018 km N 61° E of General Luna (Surigao Del Norte)
2025-03-19 16:44:00,10.19,124.16,33,1.6,004 km N 04° E of Getafe (Bohol)
2025-03-19 16:04:00,19.01,121.12,1,2.5,015 km S 40° W of Dalupiri Island (Calayan) (Cagayan)
2025-03-19 14:12:00,2.99,125.94,107,3.6,274 km S 12° E of Balut Island (Municipality Of Sarangani) (Davao Occidental)
2025-03-19 13:34:00,18.20,120.86,5,1.8,008 km N 29° E of Carasi (Ilocos Norte)
2025-03-19 12:36:00,9.54,125.74,11,2.5,003 km S 11° E of Claver (Surigao Del Norte)
2025-03-19 12:12:00,8.03,126.69,22,1.9,030 km S 89° E of Lingig (Surigao Del Sur)
2025-03-19 12:07:00,14.89,119.78,4,2.2,034 km S 78° W of San Antonio (Zambales)
2025-03-19 11:03:00,8.78,126.23,30,1.7,004 km N 14° E of San Agustin (Surigao Del Sur)
2025-03-19 10:23:00,13.28,121.18,31,1.8,011 km S 01° W of City Of Calapan (Oriental Mindoro)
2025-03-19 10:13:00,6.57,125.99,35,3.5,013 km S 45° W of Governor Generoso (Davao Oriental)
2025-03-19 09:56:00,6.77,125.05,8,2.0,011 km N 83° W of Magsaysay (Davao Del Sur)
2025-03-19 09:19:00,7.95,125.95,33,1.7,009 km S 62° W of Santa Josefa (Agusan Del Sur)
2025-03-19 08:43:00,13.70,120.65,72,1.5,014 km S 07° E of Calatagan (Batangas)
2025-03-19 08:14:00,13.12,120.99,12,3.6,029 km N 82° E of Santa Cruz (Occidental Mindoro)
2025-03-19 07:40:00,12.96,124.57,16,2.6,038 km N 36° E of Biri (Northern Samar)
2025-03-19 07:25:00,13.10,121.14,25,1.8,017 km S 62° W of Victoria (Oriental Mindoro)
2025-03-19 07:24:00,13.14,120.95,6,3.9,026 km N 76° E of Santa Cruz (Occidental Mindoro)
2025-03-19 07:02:00,10.19,125.21,1,1.8,011 km N 71° E of Liloan (Southern Leyte)
2025-03-19 05:48:00,8.89,125.71,11,2.1,008 km N 11° E of Sibagat (Agusan Del Sur)
2025-03-19 05:23:00,8.36,126.63,31,3.0,033 km S 88° E of Hinatuan (Surigao Del Sur)
2025-03-19 05:05:00,10.25,126.16,15,1.9,028 km N 21° E of Burgos (Surigao Del Norte)
2025-03-19 04:46:00,13.95,120.55,109,1.6,015 km S 51° W of Lian (Batangas)
2025-03-19 03:39:00,9.40,126.23,21,2.3,014 km N 16° E of Cortes (Surigao Del Sur)
2025-03-19 02:59:00,6.87,123.54,34,1.8,058 km S 68° W of Datu Blah T. Sinsuat (Maguindanao Del Norte)
2025-03-19 02:49:00,10.04,126.05,8,2.2,002 km N 29° E of Santa Monica (Surigao Del Norte)
2025-03-19 02:45:00,4.61,126.21,34,3.3,125 km S 44° E of Balut Island (Municipality Of Sarangani) (Davao Occidental)
2025-03-19 02:27:00,9.30,126.21,3,2.2,004 km N 27° E of Cortes (Surigao Del Sur)
2025-03-19 01:51:00,13.54,120.75,1,2.0,011 km N 12° E of Abra De Ilog (Occidental Mindoro)
2025-03-19 01:12:00,13.21,124.21,11,2.5,009 km N 74° E of Rapu-rapu (Albay)
2025-03-19 01:01:00,7.85,126.47,33,1.6,007 km N 12° E of Cateel (Davao Oriental)
2025-03-19 00:59:00,13.53,120.74,3,2.3,009 km N 07° E of Abra De Ilog (Occidental Mindoro)
2025-03-19 00:40:00,9.32,126.16,33,1.9,006 km N 42° W of Cortes (Surigao Del Sur)
2025-03-19 00:29:00,9.71,126.16,37,1.4,008 km South of General Luna (Surigao Del Norte)
2025-03-19 00:09:00,19.07,121.17,9,2.4,005 km S 38° W of Dalupiri Island (Calayan) (Cagayan)
2025-03-18 23:22:00,10.10,125.07,2,1.8,008 km S 44° W of Liloan (Southern Leyte)
2025-03-18 22:57:00,8.91,126.32,29,2.0,002 km S 65° E of Cagwait (Surigao Del Sur)
2025-03-18 22:53:00,8.87,126.48,25,3.5,020 km S 76° E of Cagwait (Surigao Del Sur)
2025-03-18 21:32:00,8.66,126.65,26,2.3,042 km S 68° E of Marihatag (Surigao Del Sur)
2025-03-18 21:22:00,7.86,127.12,19,2.7,070 km N 63° E of Baganga (Davao Oriental)
2025-03-18 20:56:00,17.43,121.96,34,1.8,018 km S 82° E of San Pablo (Isabela)
2025-03-18 20:02:00,13.87,124.50,1,2.9,016 km N 51° E of Gigmoto (Catanduanes)
2025-03-18 19:56:00,17.42,120.82,20,2.0,005 km N 06° W of Boliney (Abra)
2025-03-18 19:41:00,10.33,126.21,31,1.5,037 km N 23° E of Burgos (Surigao Del Norte)
2025-03-18 19:34:00,10.23,126.28,8,2.0,032 km N 43° E of Burgos (Surigao Del Norte)
2025-03-18 19:06:00,10.35,126.15,13,2.2,038 km N 13° E of Burgos (Surigao Del Norte)
2025-03-18 18:22:00,7.80,126.37,33,1.5,007 km S 03° W of Boston (Davao Oriental)
2025-03-18 18:21:00,9.97,125.85,1,1.6,017 km N 48° W of Del Carmen (Surigao Del Norte)
2025-03-18 17:19:00,8.53,126.63,19,2.4,037 km N 61° E of Hinatuan (Surigao Del Sur)
2025-03-18 17:10:00,8.93,122.58,20,2.6,052 km S 74° W of Siaton (Negros Oriental)
2025-03-18 16:36:00,17.77,120.71,7,2.4,006 km N 03° E of Lagayan (Abra)
2025-03-18 16:21:00,17.46,120.64,10,2.7,004 km S 77° E of San Isidro (Abra)
2025-03-18 15:21:00,8.42,125.54,35,1.9,024 km S 68° W of San Luis (Agusan Del Sur)
2025-03-18 13:20:00,18.73,121.01,28,1.6,016 km N 31° W of Claveria (Cagayan)
2025-03-18 13:13:00,7.40,126.44,64,1.9,016 km N 61° W of Caraga (Davao Oriental)
2025-03-18 11:24:00,11.76,124.26,7,2.8,010 km S 78° W of Maripipi (Biliran)
2025-03-18 09:58:00,14.16,119.99,20,2.1,036 km N 23° W of Lubang (Occidental Mindoro)
2025-03-18 07:04:00,5.39,126.00,110,4.1,059 km S 81° E of Sarangani Island (Municipality Of Sarangani) (Davao Occidental)
2025-03-18 06:08:00,13.29,120.39,8,1.7,016 km S 31° W of Paluan (Occidental Mindoro)
2025-03-18 04:31:00,13.42,120.40,18,1.6,007 km N 82° W of Paluan (Occidental Mindoro)
2025-03-18 04:30:00,8.29,127.55,1,3.5,129 km N 78° E of Lingig (Surigao Del Sur)
2025-03-18 03:28:00,21.68,121.22,10,3.4,118 km N 33° W of Itbayat (Batanes)
2025-03-18 03:26:00,17.57,120.44,1,2.3,005 km East of City Of Vigan (Ilocos Sur)
2025-03-18 03:13:00,17.64,120.54,1,3.3,007 km N 22° W of Langiden (Abra)
2025-03-18 03:08:00,10.05,126.23,13,2.4,017 km N 77° E of Burgos (Surigao Del Norte)
2025-03-18 02:36:00,8.30,126.84,6,1.8,055 km N 58° E of Lingig (Surigao Del Sur)
2025-03-18 02:36:00,12.62,121.46,7,2.7,007 km N 62° W of Roxas (Oriental Mindoro)
2025-03-18 02:23:00,9.97,126.11,21,2.8,004 km N 28° E of San Isidro (Surigao Del Norte)
2025-03-18 02:09:00,17.81,120.68,34,1.8,011 km N 17° W of Lagayan (Abra)
2025-03-18 02:03:00,10.30,125.23,21,1.9,004 km N 41° W of Anahawan (Southern Leyte)
2025-03-18 02:02:00,8.80,126.49,27,1.8,021 km S 89° E of Marihatag (Surigao Del Sur)
2025-03-18 02:00:00,17.10,120.70,14,2.0,005 km S 36° E of Quirino (Ilocos Sur)
2025-03-18 01:57:00,7.59,124.58,36,2.1,017 km S 72° W of Wao (Lanao Del Sur)
2025-03-18 01:56:00,11.83,124.17,4,3.3,014 km S 65° E of Pio V. Corpus (Masbate)
2025-03-18 01:55:00,10.00,126.27,34,2.0,021 km N 71° E of San Isidro (Surigao Del Norte)
2025-03-18 01:52:00,7.90,126.79,17,2.2,039 km N 71° E of Cateel (Davao Oriental)
2025-03-18 01:30:00,9.66,125.98,1,2.4,005 km N 17° E of Socorro (Surigao Del Norte)
2025-03-18 01:23:00,8.78,126.61,16,2.1,035 km S 86° E of Marihatag (Surigao Del Sur)
2025-03-18 01:19:00,13.90,120.49,93,3.4,017 km N 66° W of Calatagan (Batangas)
2025-03-18 01:05:00,13.65,120.68,172,2.3,021 km S 15° E of Calatagan (Batangas)
2025-03-18 01:04:00,17.79,120.64,35,1.2,011 km N 13° W of Danglas (Abra)
2025-03-18 00:46:00,5.59,125.30,16,1.9,024 km N 56° W of Sarangani Island (Municipality Of Sarangani) (Davao Occidental)
2025-03-18 00:41:00,12.83,121.41,32,1.2,006 km S 54° W of Bansud (Oriental Mindoro)
2025-03-18 00:33:00,8.01,126.68,19,1.8,030 km S 83° E of Lingig (Surigao Del Sur)
2025-03-18 00:29:00,13.25,121.17,31,1.6,014 km S 07° W of City Of Calapan (Oriental Mindoro)
2025-03-18 00:23:00,9.99,125.23,17,2.1,011 km S 48° E of San Francisco (Southern Leyte)
2025-03-18 00:14:00,5.85,126.05,106,2.6,046 km S 82° E of Jose Abad Santos (Davao Occidental)
2025-03-18 00:06:00,17.62,120.48,1,2.2,008 km S 72° E of Santo Domingo (Ilocos Sur)
2025-03-17 23:41:00,7.90,126.70,33,5.0,029 km N 66° E of Cateel (Davao Oriental)
2025-03-17 23:29:00,11.60,124.54,22,1.8,006 km N 60° W of Caibiran (Biliran)
2025-03-17 23:01:00,17.53,120.91,1,2.1,005 km S 09° E of Licuan-Baay (Abra)
2025-03-17 23:01:00,17.73,120.54,32,1.2,008 km S 80° E of San Juan (Ilocos Sur)
2025-03-17 22:55:00,13.59,120.58,53,1.3,022 km N 45° W of Abra De Ilog (Occidental Mindoro)
2025-03-17 22:36:00,14.08,120.45,184,2.0,020 km N 89° W of Nasugbu (Batangas)
2025-03-17 22:36:00,17.60,120.56,36,1.4,003 km N 11° W of Langiden (Abra)
2025-03-17 22:04:00,16.27,121.40,23,1.5,012 km S 64° E of Kasibu (Nueva Vizcaya)
2025-03-17 21:53:00,17.60,120.45,11,1.8,007 km N 70° E of Bantay (Ilocos Sur)
2025-03-17 21:42:00,8.78,126.18,77,2.2,006 km N 51° W of San Agustin (Surigao Del Sur)
2025-03-17 20:59:00,8.75,126.77,6,2.6,052 km S 84° E of Marihatag (Surigao Del Sur)
2025-03-17 20:17:00,10.00,126.21,33,1.8,015 km S 83° E of Burgos (Surigao Del Norte)
2025-03-17 20:15:00,8.38,126.86,12,1.7,057 km N 89° E of Hinatuan (Surigao Del Sur)
2025-03-17 19:43:00,17.64,120.49,8,2.4,008 km S 54° E of Magsingal (Ilocos Sur)
2025-03-17 19:26:00,6.50,126.27,39,2.8,028 km S 52° E of Governor Generoso (Davao Oriental)
2025-03-17 18:39:00,7.67,124.57,27,1.8,018 km N 79° W of Wao (Lanao Del Sur)
2025-03-17 18:03:00,7.81,122.44,31,1.6,015 km S 40° W of Kalawit (Zamboanga Del Norte)
2025-03-17 17:26:00,12.83,124.87,19,2.3,030 km N 12° W of Pambujan (Northern Samar)
2025-03-17 17:26:00,13.75,120.88,30,1.6,007 km S 89° W of Mabini (Batangas)
2025-03-17 17:06:00,9.77,125.27,32,1.9,016 km S 02° W of San Ricardo (Southern Leyte)
2025-03-17 16:59:00,8.75,126.89,1,2.4,065 km S 85° E of Marihatag (Surigao Del Sur)
2025-03-17 16:53:00,9.36,126.20,23,1.6,009 km N 07° E of Cortes (Surigao Del Sur)
2025-03-17 16:44:00,8.83,126.61,24,2.4,034 km N 85° E of Marihatag (Surigao Del Sur)
2025-03-17 16:43:00,10.05,126.29,34,1.5,024 km N 83° E of Burgos (Surigao Del Norte)
2025-03-17 14:53:00,20.92,121.91,25,2.9,017 km N 27° E of Itbayat (Batanes)
2025-03-17 13:31:00,8.02,126.19,12,1.6,014 km S 81° E of Trento (Agusan Del Sur)
2025-03-17 13:00:00,8.99,125.67,12,2.1,012 km S 55° E of Remedios T. Romualdez (Agusan Del Norte)
2025-03-17 12:26:00,3.73,126.54,90,3.3,223 km S 34° E of Balut Island (Municipality Of Sarangani) (Davao Occidental)
2025-03-17 12:25:00,8.18,126.72,30,1.4,037 km N 65° E of Lingig (Surigao Del Sur)
2025-03-17 12:12:00,4.95,127.35,176,2.8,217 km S 61° E of Jose Abad Santos (Davao Occidental)
2025-03-17 09:36:00,8.51,126.45,32,2.1,020 km N 37° E of Hinatuan (Surigao Del Sur)
2025-03-17 09:12:00,11.91,125.50,33,1.8,009 km N 82° E of Taft (Eastern Samar)
2025-03-17 08:15:00,9.31,122.50,14,2.1,018 km S 54° W of Basay (Negros Oriental)
2025-03-17 06:41:00,8.86,126.50,26,3.7,022 km S 72° E of Cagwait (Surigao Del Sur)
2025-03-17 06:12:00,16.91,122.52,19,3.0,020 km S 29° E of Palanan (Isabela)
2025-03-17 05:01:00,16.91,122.54,15,3.0,021 km S 35° E of Palanan (Isabela)
2025-03-17 03:09:00,7.89,125.27,26,2.1,007 km S 68° W of San Fernando (Bukidnon)
2025-03-17 03:02:00,8.08,125.90,34,2.2,006 km N 84° W of Veruela (Agusan Del Sur)
2025-03-17 02:58:00,11.99,124.93,26,1.7,011 km N 82° E of San Jorge (Samar)
2025-03-17 02:46:00,17.94,120.51,24,1.9,003 km S 50° W of Pinili (Ilocos Norte)
2025-03-17 02:25:00,17.50,120.30,1,2.2,010 km S 61° W of Caoayan (Ilocos Sur)
2025-03-17 02:22:00,9.21,126.38,27,2.0,022 km S 72° E of Cortes (Surigao Del Sur)
2025-03-17 02:10:00,17.88,120.75,36,1.6,023 km N 24° E of Danglas (Abra)
2025-03-17 02:07:00,15.46,121.47,21,1.9,011 km N 47° E of Dingalan (Aurora)
2025-03-17 01:25:00,5.11,127.36,131,3.6,210 km S 65° E of Jose Abad Santos (Davao Occidental)
2025-03-17 01:02:00,15.13,121.59,20,2.6,033 km N 47° W of Panukulan (Quezon)
2025-03-17 01:00:00,15.50,121.47,19,3.2,015 km N 33° E of Dingalan (Aurora)
2025-03-17 00:10:00,8.86,126.90,6,3.7,066 km S 84° E of Cagwait (Surigao Del Sur)
2025-03-16 23:58:00,8.34,127.06,1,2.6,079 km N 65° E of Lingig (Surigao Del Sur)
2025-03-16 23:40:00,12.97,121.11,27,1.8,029 km S 40° W of Victoria (Oriental Mindoro)
2025-03-16 23:31:00,12.24,125.11,23,2.4,014 km S 38° E of Las Navas (Northern Samar)
2025-03-16 23:28:00,14.70,123.10,22,1.7,030 km N 32° E of Tinaga Island (Vinzons) (Camarines Norte)
2025-03-16 23:25:00,16.38,122.03,72,1.4,019 km S 86° W of Dilasag (Aurora)
2025-03-16 23:21:00,14.70,123.11,24,2.0,030 km N 36° E of Tinaga Island (Vinzons) (Camarines Norte)
2025-03-16 22:57:00,7.87,121.77,7,2.5,042 km N 81° W of Baliguian (Zamboanga Del Norte)
2025-03-16 22:52:00,10.14,125.91,19,2.0,020 km N 45° W of Santa Monica (Surigao Del Norte)
2025-03-16 22:47:00,17.53,120.34,1,2.2,005 km S 69° W of Caoayan (Ilocos Sur)
2025-03-16 22:46:00,8.51,126.44,9,2.3,019 km N 37° E of Hinatuan (Surigao Del Sur)
2025-03-16 22:11:00,13.82,120.50,76,1.7,014 km S 83° W of Calatagan (Batangas)
2025-03-16 17:47:00,11.46,125.33,30,1.7,019 km S 34° W of City Of Borongan (Eastern Samar)
2025-03-16 16:17:00,9.89,126.43,18,2.2,032 km N 67° E of General Luna (Surigao Del Norte)
2025-03-16 16:07:00,7.66,126.65,13,3.9,013 km N 46° E of Baganga (Davao Oriental)
2025-03-16 15:58:00,13.96,120.46,86,3.2,022 km S 69° W of Lian (Batangas)
2025-03-16 14:41:00,10.02,126.13,30,1.7,007 km N 88° E of Burgos (Surigao Del Norte)
2025-03-16 13:04:00,8.08,126.94,15,2.3,058 km N 85° E of Lingig (Surigao Del Sur)
2025-03-16 12:23:00,10.00,126.13,13,3.4,006 km S 72° E of Burgos (Surigao Del Norte)
2025-03-16 10:47:00,8.77,126.46,28,1.8,018 km S 79° E of Marihatag (Surigao Del Sur)
2025-03-16 10:02:00,6.38,125.30,5,2.7,003 km N 76° E of Malungon (Sarangani)
2025-03-16 09:42:00,10.23,126.16,28,1.4,025 km N 20° E of Burgos (Surigao Del Norte)
2025-03-16 09:10:00,10.30,126.16,9,4.6,032 km N 16° E of Burgos (Surigao Del Norte)
2025-03-16 07:12:00,19.03,121.30,7,1.9,013 km S 49° E of Dalupiri Island (Calayan) (Cagayan)
2025-03-16 07:10:00,10.03,126.07,3,2.4,002 km N 04° W of Burgos (Surigao Del Norte)
2025-03-16 06:51:00,10.00,126.07,6,2.5,004 km S 66° E of Santa Monica (Surigao Del Norte)
2025-03-16 06:47:00,16.27,122.43,6,1.9,027 km S 59° E of Dilasag (Aurora)
2025-03-16 06:23:00,9.66,126.30,35,1.4,021 km S 47° E of General Luna (Surigao Del Norte)
2025-03-16 06:16:00,17.63,120.55,3,2.3,006 km N 18° W of Langiden (Abra)
2025-03-16 05:55:00,8.81,126.43,24,2.1,019 km S 50° E of Cagwait (Surigao Del Sur)
2025-03-16 05:52:00,15.72,119.92,37,1.6,004 km S 16° E of Santa Cruz (Zambales)
2025-03-16 05:44:00,19.87,121.39,18,2.3,068 km N 07° W of Calayan (Cagayan)
2025-03-16 05:16:00,5.88,126.77,30,2.6,115 km S 42° E of Governor Generoso (Davao Oriental)
2025-03-16 05:10:00,14.13,119.63,21,3.0,061 km N 61° W of Lubang (Occidental Mindoro)
2025-03-16 04:34:00,8.43,127.32,13,2.5,108 km N 86° E of Hinatuan (Surigao Del Sur)
2025-03-16 04:31:00,8.84,126.51,15,1.7,029 km S 60° E of Bayabas (Surigao Del Sur)
2025-03-16 04:09:00,7.73,127.32,1,2.7,085 km N 78° E of Baganga (Davao Oriental)
2025-03-16 04:02:00,8.82,126.59,17,1.7,037 km S 65° E of Bayabas (Surigao Del Sur)
2025-03-16 03:56:00,10.39,125.19,2,2.0,001 km S 40° W of Hinunangan (Southern Leyte)
2025-03-16 03:50:00,8.87,126.57,19,4.4,030 km S 79° E of Cagwait (Surigao Del Sur)
2025-03-16 03:40:00,13.09,120.26,33,1.4,040 km S 67° W of Mamburao (Occidental Mindoro)
2025-03-16 03:23:00,8.36,127.57,22,2.1,136 km S 89° E of Hinatuan (Surigao Del Sur)
2025-03-16 02:27:00,16.44,122.16,38,2.5,007 km N 47° W of Dilasag (Aurora)
2025-03-16 02:02:00,19.09,121.19,6,2.3,003 km S 42° W of Dalupiri Island (Calayan) (Cagayan)
2025-03-16 01:59:00,8.40,126.84,6,3.1,055 km N 86° E of Hinatuan (Surigao Del Sur)
2025-03-16 00:11:00,14.52,121.71,35,1.8,020 km S 36° E of Real (Quezon)
2025-03-15 23:53:00,10.00,125.23,13,1.8,006 km N 20° W of Pintuyan (Southern Leyte)
2025-03-15 23:16:00,16.55,120.28,67,2.2,006 km N 50° W of Bauang (La Union)
2025-03-15 23:11:00,4.88,124.46,15,3.1,122 km S 61° W of Balut Island (Municipality Of Sarangani) (Davao Occidental)
2025-03-15 23:05:00,7.26,126.42,130,2.6,014 km N 69° W of Manay (Davao Oriental)
2025-03-15 22:52:00,13.12,124.18,91,3.5,009 km S 39° E of Rapu-rapu (Albay)
2025-03-15 22:43:00,12.22,124.34,2,2.2,019 km S 04° E of San Isidro (Northern Samar)
2025-03-15 22:32:00,14.81,120.04,25,2.0,017 km S 18° W of San Antonio (Zambales)
2025-03-15 22:00:00,8.37,123.25,23,2.1,016 km S 15° W of Katipunan (Zamboanga Del Norte)
2025-03-15 21:22:00,13.50,120.69,1,1.5,007 km N 32° W of Abra De Ilog (Occidental Mindoro)
2025-03-15 21:21:00,7.26,126.71,117,1.8,039 km S 25° E of Baganga (Davao Oriental)
2025-03-15 20:02:00,9.71,126.00,33,1.6,008 km S 49° W of Dapa (Surigao Del Norte)
2025-03-15 20:00:00,8.89,126.41,37,2.2,013 km S 74° E of Cagwait (Surigao Del Sur)
2025-03-15 19:23:00,17.79,120.63,32,1.7,012 km N 20° W of Danglas (Abra)
2025-03-15 19:21:00,17.64,120.54,4,2.5,008 km N 22° W of Langiden (Abra)
2025-03-15 19:14:00,18.83,121.01,15,1.9,026 km N 18° W of Claveria (Cagayan)
2025-03-15 17:07:00,13.66,120.16,16,1.4,012 km S 53° W of Looc (Occidental Mindoro)
2025-03-15 16:38:00,10.45,125.98,14,2.5,044 km N 78° E of Loreto (Dinagat Islands)
2025-03-15 15:55:00,18.96,121.29,26,3.0,015 km N 34° W of Fuga Island (Aparri) (Cagayan)
2025-03-15 15:33:00,14.96,122.63,3,2.9,044 km N 47° E of Jomalig (Quezon)
2025-03-15 15:06:00,9.18,126.21,34,1.6,018 km S 70° E of Lanuza (Surigao Del Sur)
2025-03-15 11:57:00,15.38,120.36,184,2.0,027 km S 63° W of City Of Tarlac (Tarlac)
2025-03-15 07:47:00,9.46,126.22,17,2.3,020 km N 08° E of Cortes (Surigao Del Sur)
2025-03-15 06:58:00,7.52,124.41,5,2.5,005 km N 78° E of Buldon (Maguindanao Del Norte)
2025-03-15 05:54:00,11.41,124.45,5,1.7,005 km S 37° E of Calubian (Leyte)
2025-03-15 05:51:00,9.55,123.39,16,1.8,005 km N 53° W of Oslob (Cebu)
2025-03-15 05:15:00,10.81,125.28,3,1.9,030 km N 77° E of Abuyog (Leyte)
2025-03-15 04:11:00,20.00,122.20,20,2.4,047 km S 35° E of Uyugan (Batanes)
2025-03-15 03:57:00,20.12,121.37,27,3.0,057 km S 66° W of Sabtang (Batanes)
2025-03-15 03:43:00,6.34,126.28,118,3.0,042 km S 33° E of Governor Generoso (Davao Oriental)
2025-03-15 03:41:00,18.36,120.89,25,2.6,011 km S 06° W of Adams (Ilocos Norte)
2025-03-15 03:22:00,15.66,121.11,34,1.8,005 km N 42° W of Bongabon (Nueva Ecija)
2025-03-15 03:16:00,11.41,124.42,26,2.0,004 km S 08° W of Calubian (Leyte)
2025-03-15 03:15:00,11.21,121.99,6,2.5,006 km N 79° W of Barbaza (Antique)
2025-03-15 03:13:00,18.92,121.36,6,3.0,008 km N 05° W of Fuga Island (Aparri) (Cagayan)
2025-03-15 03:12:00,13.47,120.73,104,2.4,003 km North of Abra De Ilog (Occidental Mindoro)
2025-03-15 03:01:00,8.40,127.64,14,3.4,141 km N 74° E of Lingig (Surigao Del Sur)
2025-03-15 02:58:00,11.89,125.56,17,1.7,015 km N 54° E of Sulat (Eastern Samar)
2025-03-15 02:55:00,17.61,120.45,2,2.9,005 km S 52° E of Santo Domingo (Ilocos Sur)
2025-03-15 02:48:00,8.42,127.44,33,2.4,121 km N 69° E of Lingig (Surigao Del Sur)
2025-03-15 02:36:00,9.25,125.67,18,2.3,013 km S 84° E of Santiago (Agusan Del Norte)
2025-03-15 02:20:00,16.95,121.43,29,1.9,008 km N 61° W of Alfonso Lista (Ifugao)
2025-03-15 02:00:00,16.94,121.40,29,1.9,009 km S 62° E of Aguinaldo (Ifugao)
2025-03-15 01:52:00,11.31,124.60,3,2.1,005 km N 70° W of Capoocan (Leyte)
2025-03-15 01:46:00,14.78,120.03,30,2.9,020 km S 18° W of San Antonio (Zambales)
2025-03-15 01:38:00,7.65,126.67,17,2.6,015 km N 53° E of Baganga (Davao Oriental)
2025-03-15 01:38:00,17.01,121.40,35,1.6,009 km N 62° E of Aguinaldo (Ifugao)
2025-03-15 01:37:00,9.69,122.26,23,2.3,021 km S 66° W of City Of Sipalay (Negros Occidental)
2025-03-15 01:30:00,8.11,126.84,11,2.6,048 km N 81° E of Lingig (Surigao Del Sur)
2025-03-15 01:26:00,9.89,121.93,9,3.0,057 km N 77° W of City Of Sipalay (Negros Occidental)
2025-03-15 01:18:00,11.71,125.77,6,3.0,035 km S 83° E of San Julian (Eastern Samar)
2025-03-15 01:08:00,17.71,120.54,32,1.7,009 km S 64° E of San Juan (Ilocos Sur)
2025-03-15 00:49:00,15.67,121.82,8,2.5,030 km S 70° E of Baler (Aurora)
2025-03-15 00:29:00,20.98,121.23,53,3.7,067 km N 72° W of Itbayat (Batanes)
2025-03-14 23:39:00,17.69,120.52,34,2.0,010 km N 87° E of Magsingal (Ilocos Sur)
2025-03-14 23:13:00,9.02,126.21,45,1.6,003 km N 86° W of Tago (Surigao Del Sur)
2025-03-14 21:34:00,8.90,126.33,30,2.7,004 km S 64° E of Cagwait (Surigao Del Sur)
2025-03-14 20:21:00,17.66,121.31,33,2.0,012 km N 68° W of Pinukpuk (Kalinga)
2025-03-14 20:07:00,9.94,125.41,21,2.1,018 km N 05° W of San Francisco (Surigao Del Norte)
2025-03-14 18:08:00,10.39,123.18,2,2.5,004 km N 77° W of City Of Canlaon (Negros Oriental)
2025-03-14 17:59:00,5.31,126.22,1,3.3,085 km S 78° E of Sarangani Island (Municipality Of Sarangani) (Davao Occidental)
2025-03-14 17:46:00,6.82,126.07,38,2.5,002 km S 52° W of San Isidro (Davao Oriental)
2025-03-14 16:16:00,17.56,120.41,1,2.1,003 km S 56° E of City Of Vigan (Ilocos Sur)
2025-03-14 14:27:00,7.19,126.58,19,2.6,006 km S 64° E of Manay (Davao Oriental)
2025-03-14 13:45:00,17.62,120.36,2,2.1,004 km West of San Ildefonso (Ilocos Sur)
2025-03-14 12:38:00,19.26,121.26,24,2.7,018 km N 17° E of Dalupiri Island (Calayan) (Cagayan)
2025-03-14 12:11:00,12.96,120.92,1,2.8,020 km N 51° E of Sablayan (Occidental Mindoro)
2025-03-14 11:34:00,8.09,126.96,5,2.7,060 km N 85° E of Lingig (Surigao Del Sur)
2025-03-14 10:20:00,9.65,126.33,13,2.3,041 km N 85° E of Socorro (Surigao Del Norte)
2025-03-14 08:14:00,11.01,124.72,5,3.7,010 km N 18° E of Albuera (Leyte)
2025-03-14 07:10:00,8.19,124.74,2,2.1,015 km S 24° E of Baungon (Bukidnon)
2025-03-14 06:12:00,17.57,120.43,3,2.3,005 km S 87° E of City Of Vigan (Ilocos Sur)
2025-03-14 05:55:00,13.66,120.64,96,1.9,019 km S 01° E of Calatagan (Batangas)
2025-03-14 05:51:00,17.67,120.35,1,4.3,008 km S 80° W of Magsingal (Ilocos Sur)
2025-03-14 05:30:00,17.61,120.39,2,2.6,002 km S 03° W of San Ildefonso (Ilocos Sur)
2025-03-14 05:05:00,18.43,120.79,56,2.4,010 km S 13° W of Dumalneg (Ilocos Norte)
2025-03-14 05:04:00,11.14,124.75,33,1.6,007 km S 31° W of Jaro (Leyte)
2025-03-14 04:52:00,8.40,127.68,26,3.3,145 km N 74° E of Lingig (Surigao Del Sur)
2025-03-14 04:48:00,15.17,121.21,33,1.5,028 km N 36° E of Doña Remedios Trinidad (Bulacan)
2025-03-14 04:48:00,17.66,120.72,29,1.8,002 km N 55° E of Dolores (Abra)
2025-03-14 04:25:00,17.67,120.43,4,4.4,002 km S 68° W of Magsingal (Ilocos Sur)
2025-03-14 03:50:00,8.38,127.45,30,3.2,120 km N 72° E of Lingig (Surigao Del Sur)
2025-03-14 03:28:00,3.96,125.65,28,3.7,162 km S 09° E of Balut Island (Municipality Of Sarangani) (Davao Occidental)
2025-03-14 03:07:00,11.00,124.75,4,2.7,011 km N 35° E of Albuera (Leyte)
2025-03-14 01:45:00,8.06,126.29,65,3.0,014 km N 82° W of Lingig (Surigao Del Sur)
2025-03-14 01:45:00,16.76,121.46,24,2.0,009 km N 07° W of Cordon (Isabela)
2025-03-14 00:45:00,11.02,124.77,6,2.5,014 km N 34° E of Albuera (Leyte)
2025-03-14 00:13:00,18.12,120.65,9,2.1,004 km S 06° E of Sarrat (Ilocos Norte)
2025-03-14 00:04:00,12.40,124.51,35,1.8,014 km S 12° E of San Jose (Northern Samar)
2025-03-13 22:52:00,11.25,125.92,8,2.5,028 km N 53° E of Mercedes (Eastern Samar)
2025-03-13 19:55:00,8.34,127.46,33,2.4,121 km N 74° E of Lingig (Surigao Del Sur)
2025-03-13 18:56:00,16.11,120.70,119,1.9,007 km N 31° E of San Manuel (Pangasinan)
2025-03-13 18:20:00,17.76,120.53,5,3.0,014 km N 55° E of Magsingal (Ilocos Sur)
2025-03-13 18:03:00,6.32,124.62,2,2.4,014 km N 44° W of Lake Sebu (South Cotabato)
2025-03-13 17:45:00,15.29,120.34,110,1.5,025 km N 79° W of Mabalacat City (Pampanga)
2025-03-13 14:45:00,11.01,124.75,3,3.8,012 km N 28° E of Albuera (Leyte)
2025-03-13 14:06:00,8.21,127.77,33,3.2,151 km N 62° E of Baganga (Davao Oriental)
2025-03-13 10:44:00,12.33,124.59,33,1.5,005 km N 45° W of Lope De Vega (Northern Samar)
2025-03-13 10:13:00,13.79,120.57,94,1.6,008 km S 59° W of Calatagan (Batangas)
2025-03-13 10:11:00,8.43,126.54,26,3.9,024 km N 71° E of Hinatuan (Surigao Del Sur)
2025-03-13 07:58:00,7.63,124.71,5,3.0,002 km S 60° W of Wao (Lanao Del Sur)
2025-03-13 06:04:00,15.11,120.04,32,1.5,006 km S 22° W of Cabangan (Zambales)
2025-03-13 05:37:00,8.39,127.38,32,2.2,100 km N 68° E of Lingig (Surigao Del Sur)
2025-03-13 05:29:00,14.80,124.59,119,2.9,095 km N 29° E of Pandan (Catanduanes)
2025-03-13 04:47:00,8.85,126.54,22,2.2,027 km N 78° E of Marihatag (Surigao Del Sur)
2025-03-13 04:05:00,13.61,120.53,82,2.6,022 km N 18° E of Paluan (Occidental Mindoro)
2025-03-13 03:56:00,7.78,125.73,23,2.4,004 km N 14° E of San Isidro (Davao Del Norte)
2025-03-13 03:40:00,8.34,127.43,13,3.5,117 km N 74° E of Lingig (Surigao Del Sur)
2025-03-13 03:33:00,13.87,124.02,14,2.0,017 km S 43° W of Caramoran (Catanduanes)
2025-03-13 03:07:00,8.35,127.41,33,2.5,115 km N 73° E of Lingig (Surigao Del Sur)
2025-03-13 02:22:00,9.79,126.33,34,1.7,019 km N 87° E of General Luna (Surigao Del Norte)
2025-03-13 02:02:00,8.27,127.64,33,3.3,137 km N 79° E of Lingig (Surigao Del Sur)
2025-03-13 01:39:00,16.65,119.66,17,2.8,038 km N 41° W of Bolinao (Pangasinan)
2025-03-13 00:23:00,18.40,120.90,4,2.2,007 km South of Adams (Ilocos Norte)
2025-03-13 00:18:00,11.81,124.21,5,2.0,016 km N 78° W of Maripipi (Biliran)
2025-03-12 23:53:00,17.60,120.51,6,3.0,013 km N 76° E of City Of Vigan (Ilocos Sur)
2025-03-12 23:53:00,17.73,120.59,33,1.8,008 km N 64° W of Danglas (Abra)
2025-03-12 23:48:00,8.40,127.28,19,2.4,103 km N 67° E of Lingig (Surigao Del Sur)
2025-03-12 23:09:00,8.40,127.54,10,5.6,131 km N 72° E of Lingig (Surigao Del Sur)
2025-03-12 22:23:00,5.58,125.92,87,2.2,048 km S 40° E of Jose Abad Santos (Davao Occidental)
2025-03-12 20:05:00,6.46,127.08,166,2.4,096 km S 47° E of Tarragona (Davao Oriental)
2025-03-12 20:03:00,8.15,125.94,6,2.0,007 km S 66° W of Bunawan (Agusan Del Sur)
2025-03-12 19:10:00,13.32,120.22,7,2.1,028 km S 67° W of Paluan (Occidental Mindoro)
2025-03-12 18:59:00,13.62,120.60,45,1.7,023 km S 09° W of Calatagan (Batangas)
2025-03-12 18:55:00,16.44,120.08,26,1.6,021 km N 75° E of Bolinao (Pangasinan)
2025-03-12 17:19:00,12.81,123.01,7,2.7,028 km S 69° W of Claveria (Masbate)
2025-03-12 17:00:00,8.07,126.70,24,2.8,032 km N 84° E of Lingig (Surigao Del Sur)
2025-03-12 15:20:00,10.45,123.11,9,2.6,013 km N 59° W of City Of Canlaon (Negros Oriental)
2025-03-12 14:58:00,17.24,120.61,16,2.1,003 km S 86° E of San Emilio (Ilocos Sur)
2025-03-12 14:17:00,7.39,126.77,29,1.9,024 km N 75° E of Caraga (Davao Oriental)
2025-03-12 13:45:00,7.86,127.06,23,2.7,063 km N 60° E of Baganga (Davao Oriental)
2025-03-12 11:42:00,7.86,124.65,16,1.5,025 km N 18° W of Wao (Lanao Del Sur)
2025-03-12 07:12:00,16.89,119.97,11,1.9,043 km N 85° W of Luna (La Union)
2025-03-12 07:11:00,16.81,120.01,24,2.0,038 km N 74° W of Bacnotan (La Union)
2025-03-12 07:00:00,18.37,120.89,1,2.7,010 km S 10° W of Adams (Ilocos Norte)
2025-03-12 07:00:00,18.98,121.35,8,2.0,015 km N 06° W of Fuga Island (Aparri) (Cagayan)
2025-03-12 06:43:00,4.45,125.73,161,3.4,112 km S 18° E of Balut Island (Municipality Of Sarangani) (Davao Occidental)
2025-03-12 06:06:00,7.61,124.67,2,2.3,006 km S 63° W of Wao (Lanao Del Sur)
2025-03-12 05:37:00,7.71,126.71,13,2.8,022 km N 46° E of Baganga (Davao Oriental)
2025-03-12 04:39:00,9.92,125.70,32,1.7,003 km S 83° E of Cagdianao (Dinagat Islands)
2025-03-12 04:39:00,18.42,120.93,33,1.7,006 km S 34° E of Adams (Ilocos Norte)
2025-03-12 04:37:00,17.09,120.59,7,2.2,003 km N 75° W of Sigay (Ilocos Sur)
2025-03-12 04:32:00,8.21,125.98,11,2.0,004 km N 25° W of Bunawan (Agusan Del Sur)
2025-03-12 03:56:00,13.05,124.59,16,2.5,044 km N 88° E of Prieto Diaz (Sorsogon)
2025-03-12 03:51:00,6.12,126.01,139,2.8,036 km S 77° E of Don Marcelino (Davao Occidental)
2025-03-12 03:08:00,17.67,120.51,33,1.6,009 km S 81° E of Magsingal (Ilocos Sur)
2025-03-12 02:33:00,9.67,126.27,34,2.1,017 km S 46° E of General Luna (Surigao Del Norte)
2025-03-12 02:32:00,9.69,126.19,24,1.7,011 km S 20° E of General Luna (Surigao Del Norte)
2025-03-12 02:29:00,11.36,125.28,61,2.0,024 km N 07° W of Lawaan (Eastern Samar)
2025-03-12 02:28:00,17.59,120.51,4,2.0,005 km N 14° W of San Quintin (Abra)
2025-03-12 02:13:00,7.29,125.95,26,3.0,011 km S 78° E of Mabini (Davao De Oro)
2025-03-12 02:08:00,13.95,122.57,16,2.0,004 km N 45° W of Del Gallego (Camarines Sur)
2025-03-12 01:47:00,10.49,125.28,4,1.9,013 km S 73° E of Silago (Southern Leyte)
2025-03-12 00:54:00,17.75,120.62,35,1.5,008 km N 38° W of Danglas (Abra)
2025-03-12 00:52:00,17.61,120.54,1,2.7,005 km N 36° W of Langiden (Abra)
2025-03-12 00:49:00,17.70,120.57,35,1.5,010 km N 88° W of Danglas (Abra)
2025-03-12 00:48:00,17.68,120.56,32,1.6,011 km N 35° W of Bangued (Abra)
2025-03-12 00:45:00,17.60,120.47,1,3.1,008 km N 39° W of San Quintin (Abra)
2025-03-12 00:39:00,11.71,125.25,26,2.0,020 km N 86° E of Hinabangan (Samar)
2025-03-12 00:36:00,19.33,121.49,32,2.5,008 km N 13° E of Calayan (Cagayan)
2025-03-12 00:35:00,17.73,120.56,12,2.6,011 km S 82° E of San Juan (Ilocos Sur)
2025-03-12 00:27:00,8.13,126.50,38,3.4,014 km N 45° E of Lingig (Surigao Del Sur)
2025-03-12 00:13:00,10.03,126.12,59,2.4,006 km N 74° E of Burgos (Surigao Del Norte)
2025-03-12 00:11:00,17.65,120.75,1,2.5,005 km East of Dolores (Abra)
2025-03-12 00:08:00,17.98,120.55,1,2.0,004 km N 33° E of Pinili (Ilocos Norte)
2025-03-12 00:06:00,17.58,120.43,4,2.2,005 km N 84° E of City Of Vigan (Ilocos Sur)
2025-03-11 23:49:00,9.79,126.13,32,2.2,003 km N 67° W of General Luna (Surigao Del Norte)
2025-03-11 22:32:00,9.33,126.25,30,2.4,009 km N 45° E of Cortes (Surigao Del Sur)
2025-03-11 21:30:00,20.05,122.11,29,2.9,038 km S 29° E of Uyugan (Batanes)
2025-03-11 21:02:00,6.80,126.27,31,1.8,017 km S 21° E of City Of Mati (Davao Oriental)
2025-03-11 20:38:00,17.68,119.50,20,3.0,092 km N 84° W of Santa Catalina (Ilocos Sur)
2025-03-11 20:33:00,11.93,124.07,5,3.2,006 km N 27° E of Pio V. Corpus (Masbate)
2025-03-11 20:21:00,17.72,120.59,34,1.7,009 km N 72° W of Danglas (Abra)
2025-03-11 20:19:00,16.45,122.24,33,3.1,007 km N 26° E of Dilasag (Aurora)
2025-03-11 20:10:00,20.07,122.00,32,3.0,032 km S 24° E of Sabtang (Batanes)
2025-03-11 19:59:00,8.04,126.65,32,1.9,026 km N 90° E of Lingig (Surigao Del Sur)
2025-03-11 19:30:00,18.95,122.15,5,3.0,030 km N 82° E of Camiguin Island (Calayan) (Cagayan)
2025-03-11 18:00:00,17.59,120.47,9,2.1,009 km N 78° E of City Of Vigan (Ilocos Sur)
2025-03-11 17:45:00,11.04,125.29,93,2.9,012 km S 05° W of Lawaan (Eastern Samar)
2025-03-11 17:34:00,11.63,125.51,40,1.6,009 km N 73° E of City Of Borongan (Eastern Samar)
2025-03-11 16:16:00,6.05,124.92,32,1.8,021 km S 31° E of T'boli (South Cotabato)
2025-03-11 16:12:00,19.17,121.22,23,2.2,007 km N 12° E of Dalupiri Island (Calayan) (Cagayan)
2025-03-11 14:58:00,7.95,122.80,10,2.4,008 km S 43° W of Godod (Zamboanga Del Norte)
2025-03-11 14:41:00,9.61,126.29,33,1.8,024 km S 37° E of General Luna (Surigao Del Norte)
2025-03-11 14:25:00,11.54,125.86,17,4.3,034 km N 50° E of Hernani (Eastern Samar)
2025-03-11 13:35:00,10.43,123.19,2,2.5,006 km N 31° W of City Of Canlaon (Negros Oriental)
2025-03-11 13:25:00,17.21,120.53,2,1.8,006 km S 63° E of Banayoyo (Ilocos Sur)
2025-03-11 12:58:00,13.60,120.44,1,2.0,021 km N 07° W of Paluan (Occidental Mindoro)
2025-03-11 12:48:00,17.63,120.52,3,2.4,007 km N 37° W of Langiden (Abra)
2025-03-11 12:25:00,9.64,125.78,139,2.1,010 km N 60° E of Gigaquit (Surigao Del Norte)
2025-03-11 12:03:00,13.22,124.57,6,3.4,045 km N 64° E of Prieto Diaz (Sorsogon)
2025-03-11 11:05:00,4.81,126.16,24,3.7,106 km S 51° E of Balut Island (Municipality Of Sarangani) (Davao Occidental)
2025-03-11 10:43:00,18.60,120.97,8,2.1,005 km N 23° W of Santa Praxedes (Cagayan)
2025-03-11 09:39:00,8.99,126.52,27,3.2,025 km N 71° E of Cagwait (Surigao Del Sur)
2025-03-11 09:16:00,18.45,120.82,10,2.3,008 km S 05° E of Dumalneg (Ilocos Norte)
2025-03-11 09:10:00,15.52,122.04,17,2.1,058 km S 62° E of Baler (Aurora)
2025-03-11 07:46:00,9.61,126.15,7,2.5,019 km S 03° W of General Luna (Surigao Del Norte)
2025-03-11 06:58:00,13.72,120.63,100,2.1,012 km S 02° W of Calatagan (Batangas)
2025-03-11 06:07:00,16.84,119.98,13,3.5,042 km N 72° W of Bacnotan (La Union)
2025-03-11 05:30:00,17.58,120.49,1,2.8,005 km N 38° W of San Quintin (Abra)
2025-03-11 05:25:00,8.93,126.21,44,1.5,009 km S 65° W of Bayabas (Surigao Del Sur)
2025-03-11 05:23:00,17.61,120.51,1,3.4,007 km N 62° W of Langiden (Abra)
2025-03-11 05:22:00,8.72,127.52,30,2.6,134 km S 86° E of Marihatag (Surigao Del Sur)
2025-03-11 05:17:00,8.09,126.89,6,2.6,053 km N 83° E of Lingig (Surigao Del Sur)
2025-03-11 05:02:00,17.57,120.48,2,2.6,005 km N 50° W of San Quintin (Abra)
2025-03-11 04:54:00,7.76,126.92,13,2.0,045 km N 62° E of Baganga (Davao Oriental)
2025-03-11 04:51:00,17.15,120.62,4,2.5,006 km N 74° W of Quirino (Ilocos Sur)
2025-03-11 04:42:00,17.60,120.51,1,2.7,012 km S 70° E of Santo Domingo (Ilocos Sur)
2025-03-11 04:30:00,17.61,120.50,1,2.6,007 km N 19° W of San Quintin (Abra)
2025-03-11 03:56:00,11.11,122.51,34,2.2,003 km S 70° W of Calinog (Iloilo)
2025-03-11 03:56:00,17.69,120.55,7,3.2,012 km N 34° W of Bangued (Abra)
2025-03-11 03:38:00,17.60,120.48,9,2.3,008 km N 35° W of San Quintin (Abra)
2025-03-11 03:18:00,9.36,126.05,17,2.4,009 km N 70° E of Cantilan (Surigao Del Sur)
2025-03-11 01:22:00,20.08,121.91,31,2.8,030 km S 06° W of Uyugan (Batanes)
2025-03-11 01:11:00,11.80,124.01,44,1.9,008 km N 25° W of Esperanza (Masbate)
2025-03-11 01:07:00,13.65,120.54,106,3.2,022 km S 26° W of Calatagan (Batangas)
2025-03-11 00:26:00,10.39,125.18,1,3.1,002 km S 69° W of Hinunangan (Southern Leyte)
2025-03-11 00:21:00,7.59,124.62,34,1.6,001 km S 39° W of Wao (Lanao Del Sur)
2025-03-10 23:26:00,17.59,120.47,9,2.1,007 km N 48° W of San Quintin (Abra)
2025-03-10 23:15:00,17.60,120.46,7,2.0,007 km N 75° E of Bantay (Ilocos Sur)
2025-03-10 22:56:00,7.67,126.54,23,2.3,011 km N 13° W of Baganga (Davao Oriental)
2025-03-10 21:17:00,13.71,120.37,31,2.2,013 km S 86° E of Looc (Occidental Mindoro)
2025-03-10 21:14:00,17.57,120.74,6,2.4,004 km N 39° E of Bucay (Abra)
2025-03-10 21:09:00,6.40,126.30,27,3.2,037 km S 42° E of Governor Generoso (Davao Oriental)
2025-03-10 20:11:00,11.23,125.38,10,2.4,013 km N 38° E of Lawaan (Eastern Samar)
2025-03-10 19:11:00,10.41,123.18,3,2.2,005 km N 57° W of City Of Canlaon (Negros Oriental)
2025-03-10 18:02:00,10.02,126.53,33,2.5,049 km N 57° E of General Luna (Surigao Del Norte)
2025-03-10 17:52:00,10.31,126.30,10,3.2,041 km N 38° E of Burgos (Surigao Del Norte)
2025-03-10 16:56:00,17.58,120.47,3,2.5,006 km N 49° W of San Quintin (Abra)
2025-03-10 16:23:00,14.01,122.51,1,2.7,006 km N 33° W of Tagkawayan (Quezon)
2025-03-10 15:56:00,8.85,126.29,28,1.9,005 km N 15° W of Marihatag (Surigao Del Sur)
2025-03-10 15:07:00,17.55,120.35,1,2.3,003 km N 86° W of Caoayan (Ilocos Sur)
2025-03-10 14:52:00,7.70,126.72,19,3.0,022 km N 53° E of Baganga (Davao Oriental)
2025-03-10 14:43:00,9.62,126.33,34,2.7,026 km S 47° E of General Luna (Surigao Del Norte)
2025-03-10 14:03:00,7.75,126.45,18,1.9,004 km South of Cateel (Davao Oriental)
2025-03-10 13:56:00,7.72,126.61,20,1.8,017 km N 19° E of Baganga (Davao Oriental)
2025-03-10 13:52:00,7.68,126.83,16,4.3,032 km N 68° E of Baganga (Davao Oriental)
2025-03-10 13:35:00,17.66,120.76,10,2.5,004 km S 39° E of San Juan (Abra)
2025-03-10 13:34:00,11.62,124.14,34,1.5,017 km S 40° E of Esperanza (Masbate)
2025-03-10 12:50:00,10.29,126.29,8,2.8,038 km N 38° E of Burgos (Surigao Del Norte)
2025-03-10 09:44:00,10.07,126.26,33,1.8,021 km N 75° E of Burgos (Surigao Del Norte)
2025-03-10 09:22:00,17.74,120.62,34,1.4,007 km N 48° W of Danglas (Abra)
2025-03-10 09:20:00,17.63,120.51,6,2.5,009 km N 44° W of Langiden (Abra)
2025-03-10 08:58:00,17.62,120.46,11,2.5,008 km S 26° E of Magsingal (Ilocos Sur)
2025-03-10 08:38:00,17.60,120.45,8,2.4,006 km N 70° E of Bantay (Ilocos Sur)
2025-03-10 08:22:00,9.99,126.02,6,2.3,004 km S 38° W of Santa Monica (Surigao Del Norte)
2025-03-10 06:12:00,11.58,125.25,32,1.4,020 km S 81° W of City Of Borongan (Eastern Samar)
2025-03-10 05:48:00,5.02,126.49,1,2.5,124 km S 66° E of Sarangani Island (Municipality Of Sarangani) (Davao Occidental)
2025-03-10 05:41:00,9.79,125.53,147,2.3,005 km S 84° E of City Of Surigao (Surigao Del Norte)
2025-03-10 05:26:00,17.77,120.66,37,1.6,007 km N 46° W of Lagayan (Abra)
2025-03-10 05:06:00,17.76,120.64,35,1.8,008 km N 22° W of Danglas (Abra)
2025-03-10 05:05:00,17.64,120.51,5,2.3,009 km N 41° W of Langiden (Abra)
2025-03-10 04:57:00,13.00,124.51,11,2.1,034 km S 82° E of Prieto Diaz (Sorsogon)
2025-03-10 04:57:00,17.60,120.54,7,2.0,004 km N 54° W of Langiden (Abra)
2025-03-10 04:38:00,17.56,120.47,1,2.2,005 km N 65° W of San Quintin (Abra)
2025-03-10 04:16:00,8.16,122.40,1,1.8,017 km N 53° W of Labason (Zamboanga Del Norte)
2025-03-10 04:16:00,8.30,123.31,33,1.2,016 km N 15° W of Dumingag (Zamboanga Del Sur)
2025-03-10 03:59:00,17.60,120.49,1,2.6,006 km N 24° W of San Quintin (Abra)
2025-03-10 03:45:00,7.06,124.99,1,1.9,010 km S 74° E of Matalam (Cotabato)
2025-03-10 03:41:00,10.24,125.86,33,1.5,032 km N 38° W of Santa Monica (Surigao Del Norte)
2025-03-10 03:35:00,17.62,120.51,5,1.9,008 km N 46° W of Langiden (Abra)
2025-03-10 03:26:00,8.45,126.62,33,2.2,033 km N 74° E of Hinatuan (Surigao Del Sur)
2025-03-10 03:20:00,17.70,120.54,35,1.5,010 km S 62° E of San Juan (Ilocos Sur)
2025-03-10 03:20:00,17.72,120.58,35,1.8,010 km N 72° W of Danglas (Abra)
2025-03-10 03:15:00,17.57,120.39,1,2.5,000 km S 44° E of City Of Vigan (Ilocos Sur)
2025-03-10 03:14:00,7.60,124.72,1,2.0,004 km S 13° W of Wao (Lanao Del Sur)
2025-03-10 02:58:00,17.57,120.49,1,2.6,004 km N 42° W of San Quintin (Abra)
2025-03-10 02:40:00,17.74,120.60,34,1.6,008 km N 55° W of Danglas (Abra)
2025-03-10 02:38:00,8.99,126.21,50,1.7,013 km N 54° W of Cagwait (Surigao Del Sur)
2025-03-10 02:38:00,17.59,120.49,2,2.5,006 km N 37° W of San Quintin (Abra)
2025-03-10 02:05:00,8.31,125.95,7,2.6,010 km S 37° W of Rosario (Agusan Del Sur)
2025-03-10 02:05:00,17.55,120.35,5,2.8,003 km N 78° W of Caoayan (Ilocos Sur)
2025-03-10 01:58:00,17.62,120.51,2,2.9,007 km N 42° W of Langiden (Abra)
2025-03-10 01:56:00,10.33,126.63,7,3.2,070 km N 60° E of Burgos (Surigao Del Norte)
2025-03-10 01:55:00,9.21,126.46,15,1.6,030 km S 76° E of Cortes (Surigao Del Sur)
2025-03-10 01:45:00,17.56,120.44,1,3.5,006 km S 72° E of City Of Vigan (Ilocos Sur)
2025-03-10 01:43:00,10.34,122.32,27,2.2,032 km S 50° W of Nueva Valencia (Guimaras)
2025-03-10 01:38:00,10.18,121.68,29,3.5,044 km S 42° W of Anini-y (Antique)
2025-03-10 01:38:00,14.76,120.04,36,1.8,021 km S 15° W of San Antonio (Zambales)
2025-03-10 01:10:00,10.29,126.51,8,3.1,057 km N 58° E of Burgos (Surigao Del Norte)
2025-03-10 00:23:00,12.62,123.45,4,2.0,013 km N 28° E of Aroroy (Masbate)
2025-03-10 00:18:00,12.93,125.39,7,2.8,053 km N 16° E of Mapanas (Northern Samar)
2025-03-10 00:06:00,14.06,120.21,1,1.6,024 km N 22° E of Lubang (Occidental Mindoro)
2025-03-10 00:06:00,17.56,120.47,1,2.1,006 km N 69° W of San Quintin (Abra)
2025-03-09 23:28:00,5.89,126.76,23,2.8,113 km S 42° E of Governor Generoso (Davao Oriental)
2025-03-09 23:26:00,6.06,126.79,10,2.8,103 km S 51° E of Governor Generoso (Davao Oriental)
2025-03-09 23:24:00,5.54,126.90,38,4.6,153 km S 37° E of Governor Generoso (Davao Oriental)
2025-03-09 23:06:00,8.87,122.48,33,1.6,062 km S 16° W of Basay (Negros Oriental)
2025-03-09 22:11:00,17.58,120.45,7,2.2,006 km N 83° E of City Of Vigan (Ilocos Sur)
2025-03-09 21:42:00,13.85,120.28,94,1.5,017 km S 89° E of Lubang (Occidental Mindoro)
2025-03-09 21:14:00,7.60,124.71,3,2.6,004 km S 14° W of Wao (Lanao Del Sur)
2025-03-09 20:06:00,7.93,127.59,20,2.5,120 km N 71° E of Baganga (Davao Oriental)
2025-03-09 18:24:00,8.86,126.20,32,1.5,013 km S 59° W of Cagwait (Surigao Del Sur)
2025-03-09 18:04:00,8.91,126.10,33,1.9,008 km S 60° E of San Miguel (Surigao Del Sur)
2025-03-09 18:01:00,17.54,120.40,1,2.3,002 km S 78° E of Caoayan (Ilocos Sur)
2025-03-09 17:46:00,8.93,126.28,41,4.6,003 km N 53° W of Cagwait (Surigao Del Sur)
2025-03-09 17:32:00,17.85,120.98,33,1.4,021 km N 12° E of Lacub (Abra)
2025-03-09 17:19:00,10.35,125.97,29,2.3,042 km S 89° E of Loreto (Dinagat Islands)
2025-03-09 17:00:00,17.72,120.58,35,2.5,009 km N 71° W of Danglas (Abra)
2025-03-09 17:00:00,17.72,120.59,32,1.9,009 km N 70° W of Danglas (Abra)
2025-03-09 16:46:00,11.99,124.06,6,2.4,007 km S 79° E of Cataingan (Masbate)
2025-03-09 16:07:00,17.58,120.48,6,2.4,006 km N 51° W of San Quintin (Abra)
2025-03-09 15:33:00,17.58,120.39,4,2.6,000 km S 62° W of Bantay (Ilocos Sur)
2025-03-09 15:27:00,6.02,123.65,33,2.4,063 km S 70° W of Palimbang (Sultan Kudarat)
2025-03-09 15:21:00,17.54,120.48,2,2.8,004 km N 88° W of San Quintin (Abra)
2025-03-09 15:05:00,17.58,120.46,7,2.5,007 km N 54° W of San Quintin (Abra)
2025-03-09 15:04:00,17.61,120.45,4,3.8,006 km S 57° E of Santo Domingo (Ilocos Sur)
2025-03-09 15:02:00,17.59,120.47,2,2.5,008 km S 45° E of Santo Domingo (Ilocos Sur)
2025-03-09 15:00:00,17.59,120.47,6,2.2,007 km N 42° W of San Quintin (Abra)
2025-03-09 14:57:00,17.55,120.43,3,2.2,005 km S 60° E of City Of Vigan (Ilocos Sur)
2025-03-09 14:53:00,17.72,120.58,33,1.2,009 km N 74° W of Danglas (Abra)
2025-03-09 14:52:00,17.65,120.52,2,2.9,010 km N 27° W of Langiden (Abra)
2025-03-09 14:46:00,17.61,120.49,1,2.3,009 km N 62° W of Langiden (Abra)
2025-03-09 14:43:00,17.61,120.47,6,3.8,007 km S 63° E of Santo Domingo (Ilocos Sur)
2025-03-09 12:14:00,10.33,122.56,16,2.7,022 km S 07° E of Nueva Valencia (Guimaras)
2025-03-09 11:34:00,8.92,126.36,33,1.9,006 km East of Cagwait (Surigao Del Sur)
2025-03-09 10:57:00,12.33,123.78,9,1.7,010 km S 02° E of Batuan (Masbate)
2025-03-09 10:15:00,17.79,121.09,6,3.5,021 km N 48° E of Lacub (Abra)
2025-03-09 09:48:00,15.06,119.88,11,2.5,021 km S 90° W of San Felipe (Zambales)
2025-03-09 09:40:00,12.29,123.80,2,4.1,007 km N 12° E of Uson (Masbate)
2025-03-09 09:28:00,9.83,122.55,25,2.1,014 km N 62° E of City Of Sipalay (Negros Occidental)
2025-03-09 09:07:00,13.76,120.40,70,4.0,016 km N 73° E of Looc (Occidental Mindoro)
2025-03-09 09:05:00,7.64,124.72,8,2.3,001 km S 79° W of Wao (Lanao Del Sur)
2025-03-09 08:36:00,17.62,120.56,4,3.1,005 km N 01° W of Langiden (Abra)
2025-03-09 08:33:00,17.62,120.54,2,3.3,006 km N 33° W of Langiden (Abra)
2025-03-09 08:18:00,17.66,120.53,6,4.4,010 km N 23° W of Langiden (Abra)
2025-03-09 06:18:00,9.27,126.20,19,2.6,001 km S 57° E of Cortes (Surigao Del Sur)
2025-03-09 06:09:00,12.57,118.25,43,2.6,190 km N 75° W of Busuanga (Palawan)
2025-03-09 06:00:00,13.67,120.68,111,1.4,019 km S 16° E of Calatagan (Batangas)
2025-03-09 05:33:00,19.24,121.19,2,2.9,015 km N 07° W of Dalupiri Island (Calayan) (Cagayan)
2025-03-09 05:29:00,13.71,120.57,142,2.0,015 km S 26° W of Calatagan (Batangas)
2025-03-09 05:10:00,8.95,126.20,32,1.5,010 km S 78° W of Bayabas (Surigao Del Sur)
2025-03-09 04:43:00,7.93,126.80,12,2.3,041 km N 68° E of Cateel (Davao Oriental)
2025-03-09 04:31:00,9.00,126.21,53,2.3,004 km S 54° W of Tago (Surigao Del Sur)
2025-03-09 04:27:00,5.13,125.76,95,3.2,048 km S 50° E of Balut Island (Municipality Of Sarangani) (Davao Occidental)
2025-03-09 04:01:00,7.60,124.72,2,3.9,005 km South of Wao (Lanao Del Sur)
2025-03-09 04:00:00,8.00,126.79,19,1.9,042 km S 85° E of Lingig (Surigao Del Sur)
2025-03-09 03:40:00,12.31,120.81,34,1.6,024 km S 45° W of Rizal (Occidental Mindoro)
2025-03-09 02:48:00,7.62,124.74,1,2.0,003 km S 38° E of Wao (Lanao Del Sur)
2025-03-09 02:42:00,9.07,125.92,19,1.7,019 km N 44° W of San Miguel (Surigao Del Sur)
2025-03-09 02:08:00,13.81,120.63,121,1.5,002 km S 10° W of Calatagan (Batangas)
2025-03-09 01:09:00,5.85,126.21,77,3.6,063 km S 83° E of Jose Abad Santos (Davao Occidental)
2025-03-09 00:56:00,7.62,124.71,37,1.6,003 km S 25° W of Wao (Lanao Del Sur)
2025-03-09 00:55:00,8.44,126.82,2,2.6,054 km N 81° E of Hinatuan (Surigao Del Sur)
2025-03-09 00:54:00,7.60,124.65,33,1.5,009 km S 62° W of Wao (Lanao Del Sur)
2025-03-09 00:41:00,9.38,126.12,20,2.7,014 km N 32° W of Cortes (Surigao Del Sur)
2025-03-09 00:19:00,7.63,124.75,1,1.6,003 km S 61° E of Wao (Lanao Del Sur)
2025-03-08 23:37:00,7.61,124.65,9,1.6,009 km S 66° W of Wao (Lanao Del Sur)
2025-03-08 23:09:00,5.73,125.48,9,2.5,027 km S 41° W of Jose Abad Santos (Davao Occidental)
2025-03-08 23:04:00,6.59,125.42,17,1.5,002 km S 82° E of Malalag (Davao Del Sur)
2025-03-08 22:20:00,7.61,124.73,7,2.8,003 km S 05° E of Wao (Lanao Del Sur)
2025-03-08 22:07:00,19.45,121.21,17,3.9,035 km N 53° W of Calayan (Cagayan)
2025-03-08 21:18:00,8.20,126.75,7,2.4,042 km N 64° E of Lingig (Surigao Del Sur)
2025-03-08 21:17:00,10.14,125.30,27,1.4,015 km S 16° E of Anahawan (Southern Leyte)
2025-03-08 21:16:00,6.72,123.62,26,2.3,050 km N 79° W of Lebak (Sultan Kudarat)
2025-03-08 20:56:00,8.29,125.95,4,2.2,012 km S 30° W of Rosario (Agusan Del Sur)
2025-03-08 20:56:00,14.15,121.27,32,1.3,004 km S 28° W of Bay (Laguna)
2025-03-08 20:52:00,12.80,122.98,28,1.7,031 km S 69° W of Claveria (Masbate)
2025-03-08 20:36:00,7.64,127.55,9,2.8,110 km N 86° E of Baganga (Davao Oriental)
2025-03-08 18:53:00,7.65,124.75,3,2.2,004 km N 70° E of Wao (Lanao Del Sur)
2025-03-08 18:13:00,17.59,120.49,3,2.2,006 km N 32° W of San Quintin (Abra)
2025-03-08 17:37:00,15.39,120.07,43,1.3,012 km N 24° E of Botolan (Zambales)
2025-03-08 17:13:00,7.61,124.71,4,4.2,003 km S 34° W of Wao (Lanao Del Sur)
2025-03-08 16:22:00,8.90,126.31,37,2.0,002 km S 37° E of Cagwait (Surigao Del Sur)
2025-03-08 16:03:00,8.89,126.29,31,4.0,003 km S 32° W of Cagwait (Surigao Del Sur)
2025-03-08 16:03:00,13.59,120.51,5,2.6,020 km N 15° E of Paluan (Occidental Mindoro)
2025-03-08 15:00:00,9.73,125.45,29,1.8,006 km S 34° E of San Francisco (Surigao Del Norte)
2025-03-08 14:09:00,6.82,123.65,32,2.0,049 km S 56° W of Datu Blah T. Sinsuat (Maguindanao Del Norte)
2025-03-08 13:38:00,19.08,121.21,11,1.7,003 km S 02° E of Dalupiri Island (Calayan) (Cagayan)
2025-03-08 13:31:00,12.84,123.02,10,2.4,026 km S 73° W of Claveria (Masbate)
2025-03-08 10:54:00,7.09,127.51,31,3.2,109 km S 83° E of Manay (Davao Oriental)
2025-03-08 10:37:00,7.59,124.69,3,2.8,006 km S 35° W of Wao (Lanao Del Sur)
2025-03-08 09:30:00,7.59,124.73,7,3.2,006 km S 04° E of Wao (Lanao Del Sur)
2025-03-08 08:44:00,19.10,121.18,11,1.6,003 km S 82° W of Dalupiri Island (Calayan) (Cagayan)
2025-03-08 06:42:00,15.36,122.39,1,2.4,070 km N 16° E of Patnanungan (Quezon)
2025-03-08 06:39:00,8.80,126.42,25,1.9,013 km S 89° E of Marihatag (Surigao Del Sur)
2025-03-08 06:36:00,13.16,125.68,33,2.2,089 km N 32° E of Mapanas (Northern Samar)
2025-03-08 05:58:00,6.66,126.19,43,2.2,013 km N 87° E of Governor Generoso (Davao Oriental)
2025-03-08 05:41:00,13.73,120.59,104,2.0,013 km S 22° W of Calatagan (Batangas)
2025-03-08 04:56:00,17.83,120.92,9,1.8,016 km N 42° E of Tineg (Abra)
2025-03-08 04:46:00,13.21,124.58,12,3.6,045 km N 66° E of Prieto Diaz (Sorsogon)
2025-03-08 04:44:00,7.65,124.70,7,1.8,003 km N 56° W of Wao (Lanao Del Sur)
2025-03-08 04:27:00,7.63,124.74,1,2.2,002 km S 52° E of Wao (Lanao Del Sur)
2025-03-08 04:26:00,7.66,124.78,1,1.7,006 km N 64° E of Wao (Lanao Del Sur)
2025-03-08 04:24:00,11.29,124.59,13,1.7,005 km N 89° W of Capoocan (Leyte)
2025-03-08 04:18:00,13.96,120.47,86,2.6,023 km N 52° W of Calatagan (Batangas)
2025-03-08 03:57:00,7.61,124.70,6,3.0,004 km S 32° W of Wao (Lanao Del Sur)
2025-03-08 03:55:00,7.63,124.73,1,3.2,001 km S 15° E of Wao (Lanao Del Sur)
2025-03-08 03:51:00,9.58,126.21,29,1.6,023 km S 15° E of General Luna (Surigao Del Norte)
2025-03-08 03:47:00,7.68,124.86,37,1.5,016 km N 75° E of Wao (Lanao Del Sur)
2025-03-08 03:39:00,9.64,126.30,34,1.6,022 km S 45° E of General Luna (Surigao Del Norte)
2025-03-08 03:34:00,7.90,127.05,7,2.3,065 km N 56° E of Baganga (Davao Oriental)
2025-03-08 03:24:00,7.81,124.94,19,1.6,009 km N 65° W of Maramag (Bukidnon)
2025-03-08 03:11:00,9.65,126.06,17,2.7,011 km N 70° E of Socorro (Surigao Del Norte)
2025-03-08 03:07:00,7.62,124.66,6,1.8,007 km S 74° W of Wao (Lanao Del Sur)
2025-03-08 03:05:00,7.67,124.69,6,1.8,005 km N 53° W of Wao (Lanao Del Sur)
2025-03-08 02:52:00,7.64,124.73,1,2.4,001 km S 73° E of Wao (Lanao Del Sur)
2025-03-08 02:44:00,7.62,127.47,1,2.5,100 km N 87° E of Baganga (Davao Oriental)
2025-03-08 02:42:00,7.62,124.70,7,2.7,003 km S 49° W of Wao (Lanao Del Sur)
2025-03-08 02:12:00,7.61,124.72,2,2.6,004 km S 14° W of Wao (Lanao Del Sur)
2025-03-08 01:47:00,7.64,124.74,2,1.7,002 km N 74° E of Wao (Lanao Del Sur)
2025-03-08 01:42:00,7.60,124.73,5,3.7,004 km S 03° E of Wao (Lanao Del Sur)
2025-03-08 01:40:00,7.62,124.67,9,1.8,007 km S 73° W of Wao (Lanao Del Sur)
2025-03-08 01:38:00,7.64,124.73,3,2.9,001 km N 76° E of Wao (Lanao Del Sur)
2025-03-08 01:34:00,7.63,124.68,7,1.9,005 km S 81° W of Wao (Lanao Del Sur)
2025-03-08 01:31:00,7.62,124.70,6,2.0,003 km S 45° W of Wao (Lanao Del Sur)
2025-03-08 01:25:00,7.64,124.74,4,2.2,002 km N 83° E of Wao (Lanao Del Sur)
2025-03-08 01:20:00,7.63,124.71,6,2.4,002 km S 62° W of Wao (Lanao Del Sur)
2025-03-08 01:17:00,7.60,124.69,5,2.5,005 km S 43° W of Wao (Lanao Del Sur)
2025-03-08 01:16:00,7.63,124.75,1,1.6,003 km S 81° E of Wao (Lanao Del Sur)
2025-03-08 01:13:00,7.63,124.78,8,1.9,006 km S 81° E of Wao (Lanao Del Sur)
2025-03-08 01:12:00,7.63,124.70,4,1.8,003 km S 76° W of Wao (Lanao Del Sur)
2025-03-08 01:04:00,15.44,119.73,17,2.5,019 km N 87° W of Palauig (Zambales)
2025-03-08 00:58:00,7.92,125.26,22,1.3,008 km N 85° W of San Fernando (Bukidnon)
2025-03-08 00:53:00,7.64,124.75,4,4.9,003 km S 84° E of Wao (Lanao Del Sur)
2025-03-08 00:48:00,13.56,120.32,2,2.2,019 km S 23° E of Looc (Occidental Mindoro)
2025-03-08 00:45:00,5.97,125.33,5,2.1,004 km N 86° E of Malapatan (Sarangani)
2025-03-08 00:10:00,10.25,124.90,1,2.6,011 km S 52° W of Tomas Oppus (Southern Leyte)
2025-03-08 00:09:00,8.59,126.03,11,1.7,008 km S 52° W of Lianga (Surigao Del Sur)
2025-03-07 23:47:00,9.02,125.81,70,1.7,025 km S 81° E of Remedios T. Romualdez (Agusan Del Norte)
2025-03-07 23:26:00,17.56,120.18,10,2.0,020 km S 79° W of Santa Catalina (Ilocos Sur)
2025-03-07 23:06:00,7.61,124.77,1,2.7,006 km S 52° E of Wao (Lanao Del Sur)
2025-03-07 22:18:00,10.32,126.48,15,2.3,056 km N 54° E of Burgos (Surigao Del Norte)
2025-03-07 22:07:00,8.48,126.63,28,3.1,035 km N 68° E of Hinatuan (Surigao Del Sur)
2025-03-07 21:33:00,18.01,120.65,25,2.4,003 km N 08° W of Banna (Ilocos Norte)
2025-03-07 21:10:00,6.69,124.88,10,2.5,006 km S 14° E of Datu Paglas (Maguindanao Del Sur)
2025-03-07 21:01:00,17.71,121.56,30,1.5,011 km S 76° E of Tuao (Cagayan)
2025-03-07 20:57:00,10.94,123.81,3,3.2,014 km N 28° W of Tabuelan (Cebu)
2025-03-07 20:33:00,4.74,125.55,172,2.9,076 km S 11° E of Balut Island (Municipality Of Sarangani) (Davao Occidental)
2025-03-07 20:33:00,8.45,126.84,1,2.2,056 km N 81° E of Hinatuan (Surigao Del Sur)
2025-03-07 19:15:00,10.31,126.23,33,1.4,036 km N 28° E of Burgos (Surigao Del Norte)
2025-03-07 18:46:00,8.85,126.22,31,1.6,011 km N 56° W of Marihatag (Surigao Del Sur)
2025-03-07 18:33:00,8.99,126.22,24,1.5,003 km S 17° W of Tago (Surigao Del Sur)
2025-03-07 16:43:00,6.97,124.02,29,1.5,011 km S 03° E of Datu Blah T. Sinsuat (Maguindanao Del Norte)
2025-03-07 14:40:00,18.09,120.81,58,1.7,006 km S 13° W of Carasi (Ilocos Norte)
2025-03-07 10:44:00,13.20,120.42,13,2.0,025 km S 10° W of Paluan (Occidental Mindoro)
2025-03-07 09:31:00,7.66,124.75,3,2.3,004 km N 52° E of Wao (Lanao Del Sur)
2025-03-07 07:40:00,7.64,127.34,8,2.8,086 km N 85° E of Baganga (Davao Oriental)
2025-03-07 07:18:00,14.03,120.38,193,2.3,028 km S 79° W of Nasugbu (Batangas)
2025-03-07 07:11:00,12.87,123.06,9,2.2,021 km S 82° W of Claveria (Masbate)
2025-03-07 06:46:00,8.59,126.94,11,2.1,071 km N 70° E of Hinatuan (Surigao Del Sur)
2025-03-07 06:39:00,7.65,124.69,8,2.3,004 km N 79° W of Wao (Lanao Del Sur)
2025-03-07 06:26:00,12.80,122.99,10,3.7,030 km S 68° W of Claveria (Masbate)
2025-03-07 06:23:00,11.88,124.11,2,2.5,007 km S 83° E of Pio V. Corpus (Masbate)
2025-03-07 06:19:00,13.98,120.54,94,1.7,013 km S 61° W of Lian (Batangas)
2025-03-07 06:03:00,12.81,122.96,9,4.0,033 km S 72° W of Claveria (Masbate)
2025-03-07 05:53:00,8.91,126.27,43,2.8,004 km S 71° W of Cagwait (Surigao Del Sur)
2025-03-07 04:18:00,13.17,120.84,46,2.6,016 km N 55° E of Santa Cruz (Occidental Mindoro)
2025-03-07 04:11:00,7.71,126.61,51,2.4,016 km N 22° E of Baganga (Davao Oriental)
2025-03-07 02:25:00,7.75,126.60,34,3.5,017 km S 73° E of Cateel (Davao Oriental)
2025-03-07 02:05:00,13.49,120.02,26,2.9,036 km S 44° W of Looc (Occidental Mindoro)
2025-03-07 01:41:00,7.60,124.76,1,4.3,006 km S 39° E of Wao (Lanao Del Sur)
2025-03-07 00:46:00,8.80,126.33,28,2.9,004 km N 85° E of Marihatag (Surigao Del Sur)
2025-03-07 00:27:00,10.12,126.05,23,3.0,011 km N 14° W of Burgos (Surigao Del Norte)
2025-03-07 00:01:00,7.62,124.75,3,2.6,003 km S 54° E of Wao (Lanao Del Sur)
2025-03-06 23:48:00,7.60,124.65,33,1.3,009 km S 61° W of Wao (Lanao Del Sur)
2025-03-06 23:34:00,7.61,124.66,32,1.5,008 km S 69° W of Wao (Lanao Del Sur)
2025-03-06 23:23:00,13.20,120.85,32,1.6,019 km N 48° E of Santa Cruz (Occidental Mindoro)
2025-03-06 22:58:00,7.62,124.66,34,1.4,007 km S 76° W of Wao (Lanao Del Sur)
2025-03-06 22:55:00,7.60,124.66,34,1.3,008 km S 58° W of Wao (Lanao Del Sur)
2025-03-06 22:47:00,8.70,126.56,9,3.6,031 km S 70° E of Marihatag (Surigao Del Sur)
2025-03-06 22:45:00,7.59,124.64,34,1.4,011 km S 59° W of Wao (Lanao Del Sur)
2025-03-06 22:12:00,7.59,124.60,35,1.6,014 km S 69° W of Wao (Lanao Del Sur)
2025-03-06 22:11:00,7.64,124.71,9,2.1,002 km N 86° W of Wao (Lanao Del Sur)
2025-03-06 22:02:00,7.62,124.66,34,1.3,007 km S 74° W of Wao (Lanao Del Sur)
2025-03-06 22:00:00,7.65,124.75,1,3.0,003 km N 76° E of Wao (Lanao Del Sur)
2025-03-06 21:53:00,7.61,124.67,33,1.4,007 km S 63° W of Wao (Lanao Del Sur)
2025-03-06 21:52:00,7.63,124.77,1,1.9,006 km S 82° E of Wao (Lanao Del Sur)
2025-03-06 21:44:00,7.64,124.77,2,1.9,005 km N 84° E of Wao (Lanao Del Sur)
2025-03-06 21:43:00,7.63,124.69,34,1.4,004 km S 80° W of Wao (Lanao Del Sur)
2025-03-06 21:40:00,7.64,124.78,2,4.6,006 km N 86° E of Wao (Lanao Del Sur)
2025-03-06 20:22:00,9.98,125.22,27,1.7,011 km S 41° E of San Francisco (Southern Leyte)
2025-03-06 19:53:00,17.44,120.25,1,2.2,019 km S 50° W of Caoayan (Ilocos Sur)
2025-03-06 19:34:00,10.36,125.99,21,1.8,038 km N 07° W of Santa Monica (Surigao Del Norte)
2025-03-06 18:15:00,11.58,125.66,16,1.9,019 km N 63° E of Maydolong (Eastern Samar)
2025-03-06 17:31:00,10.54,122.31,1,2.4,014 km S 05° W of Guimbal (Iloilo)
2025-03-06 16:57:00,9.87,125.99,37,1.9,002 km N 77° E of Del Carmen (Surigao Del Norte)
2025-03-06 16:43:00,11.79,125.29,29,2.3,018 km S 80° W of Sulat (Eastern Samar)
2025-03-06 16:24:00,4.44,125.67,204,3.2,111 km S 14° E of Balut Island (Municipality Of Sarangani) (Davao Occidental)
2025-03-06 13:10:00,10.22,125.93,32,1.5,025 km N 27° W of Santa Monica (Surigao Del Norte)
2025-03-06 11:36:00,15.71,121.61,29,1.5,004 km S 10° E of Baler (Aurora)
2025-03-06 11:29:00,15.22,120.16,1,1.7,013 km N 60° E of Cabangan (Zambales)
2025-03-06 10:55:00,8.58,122.82,24,2.3,027 km N 54° W of Jose Dalman (Zamboanga Del Norte)
2025-03-06 10:43:00,12.85,123.25,1,1.4,005 km S 01° W of Claveria (Masbate)
2025-03-06 10:25:00,5.42,125.23,103,2.4,021 km N 89° W of Balut Island (Municipality Of Sarangani) (Davao Occidental)
2025-03-06 10:15:00,17.85,120.20,19,2.8,027 km S 86° W of Sinait (Ilocos Sur)
2025-03-06 10:02:00,10.46,126.17,33,1.4,050 km N 12° E of Burgos (Surigao Del Norte)
2025-03-06 09:03:00,6.88,125.21,33,1.5,010 km N 03° W of Bansalan (Davao Del Sur)
2025-03-06 07:05:00,5.32,125.93,80,2.4,053 km S 72° E of Sarangani Island (Municipality Of Sarangani) (Davao Occidental)
2025-03-06 07:03:00,11.83,125.61,23,1.7,019 km N 63° E of San Julian (Eastern Samar)
2025-03-06 06:57:00,11.73,126.00,25,2.1,060 km N 44° E of Hernani (Eastern Samar)
2025-03-06 06:28:00,9.38,123.81,30,2.3,023 km S 15° E of Panglao (Bohol)
2025-03-06 05:21:00,8.18,126.88,8,2.5,054 km N 73° E of Lingig (Surigao Del Sur)
2025-03-06 05:01:00,9.64,126.16,33,2.1,015 km South of General Luna (Surigao Del Norte)
2025-03-06 04:57:00,14.00,123.80,7,2.3,017 km N 40° E of Garchitorena (Camarines Sur)
2025-03-06 04:36:00,6.15,126.59,45,2.2,080 km S 46° E of Governor Generoso (Davao Oriental)
2025-03-06 04:34:00,6.64,127.09,172,2.4,084 km S 57° E of Tarragona (Davao Oriental)
2025-03-06 04:21:00,14.02,122.49,5,2.6,008 km N 43° W of Tagkawayan (Quezon)
2025-03-06 04:05:00,10.69,125.98,12,2.3,029 km S 77° E of Homonhon Island (Guiuan) (Eastern Samar)
2025-03-06 02:59:00,10.48,126.33,5,2.2,058 km N 29° E of Burgos (Surigao Del Norte)
2025-03-06 02:23:00,15.73,119.59,13,2.5,036 km S 73° W of Infanta (Pangasinan)
2025-03-06 02:18:00,18.19,121.06,1,1.9,007 km S 11° E of Calanasan (Apayao)
2025-03-06 02:01:00,10.11,126.44,7,2.1,041 km N 76° E of Burgos (Surigao Del Norte)
2025-03-06 01:08:00,15.14,120.01,28,2.6,005 km S 65° W of Cabangan (Zambales)
2025-03-06 00:44:00,10.02,126.05,18,3.1,001 km S 84° E of Santa Monica (Surigao Del Norte)
2025-03-06 00:23:00,8.07,127.23,1,2.4,090 km N 88° E of Lingig (Surigao Del Sur)
2025-03-06 00:17:00,9.33,126.25,20,2.3,009 km N 47° E of Cortes (Surigao Del Sur)
2025-03-05 23:59:00,7.67,126.63,14,2.3,013 km N 36° E of Baganga (Davao Oriental)
2025-03-05 23:54:00,5.91,124.63,7,2.7,009 km S 07° E of Kiamba (Sarangani)
2025-03-05 23:33:00,13.29,122.18,2,2.5,010 km S 68° E of Torrijos (Marinduque)
2025-03-05 23:31:00,10.74,126.19,7,2.1,051 km N 90° E of Homonhon Island (Guiuan) (Eastern Samar)
2025-03-05 22:06:00,8.79,126.53,22,2.1,026 km S 87° E of Marihatag (Surigao Del Sur)
2025-03-05 21:52:00,9.73,123.82,35,1.3,003 km S 65° W of Maribojoc (Bohol)
2025-03-05 20:38:00,8.39,126.38,22,2.6,005 km N 67° E of Hinatuan (Surigao Del Sur)
2025-03-05 20:26:00,12.38,124.98,29,2.1,007 km N 54° W of Las Navas (Northern Samar)
2025-03-05 20:24:00,9.49,126.51,11,2.3,042 km N 55° E of Cortes (Surigao Del Sur)
2025-03-05 20:07:00,17.61,122.33,21,2.7,026 km N 21° E of Maconacon (Isabela)
2025-03-05 19:52:00,12.40,123.75,6,1.8,004 km S 58° W of Batuan (Masbate)
2025-03-05 14:50:00,11.37,125.71,12,2.0,011 km N 74° E of Hernani (Eastern Samar)
2025-03-05 13:18:00,7.18,123.58,34,1.7,037 km S 31° E of Tabina (Zamboanga Del Sur)
2025-03-05 12:28:00,11.76,125.88,10,2.5,046 km N 89° E of San Julian (Eastern Samar)
2025-03-05 06:47:00,8.87,126.21,19,2.2,011 km S 59° W of Cagwait (Surigao Del Sur)
2025-03-05 06:45:00,7.19,123.61,33,2.0,037 km S 36° E of Tabina (Zamboanga Del Sur)
2025-03-05 05:36:00,15.61,119.49,19,2.5,048 km S 69° W of Santa Cruz (Zambales)
2025-03-05 05:32:00,12.29,122.35,12,3.7,027 km S 86° W of San Fernando (Romblon)
2025-03-05 05:23:00,14.20,124.04,13,2.1,022 km N 40° W of Pandan (Catanduanes)
2025-03-05 05:22:00,9.40,125.33,40,2.1,026 km S 17° W of Malimono (Surigao Del Norte)
2025-03-05 04:50:00,10.39,125.05,4,2.1,008 km N 84° E of Sogod (Southern Leyte)
2025-03-05 04:41:00,7.12,126.73,134,2.3,023 km S 64° E of Manay (Davao Oriental)
2025-03-05 04:30:00,14.96,120.04,25,2.3,006 km N 81° W of San Antonio (Zambales)
2025-03-05 04:26:00,14.93,119.95,31,1.7,015 km S 84° W of San Antonio (Zambales)
2025-03-05 04:00:00,13.17,124.23,32,2.1,011 km S 78° E of Rapu-rapu (Albay)
2025-03-05 03:42:00,12.54,124.74,23,2.6,003 km N 34° W of Mondragon (Northern Samar)
2025-03-05 03:29:00,6.07,126.37,30,3.3,072 km S 27° E of Governor Generoso (Davao Oriental)
2025-03-05 02:33:00,9.50,123.66,23,2.0,014 km S 50° W of Panglao (Bohol)
2025-03-05 01:48:00,10.15,126.15,33,2.2,017 km N 30° E of Burgos (Surigao Del Norte)
2025-03-05 01:46:00,8.54,125.55,28,2.3,018 km S 35° W of Esperanza (Agusan Del Sur)
2025-03-05 01:34:00,13.16,120.92,1,1.8,024 km N 69° E of Santa Cruz (Occidental Mindoro)
2025-03-05 00:56:00,12.82,124.74,17,2.0,034 km N 02° W of Mondragon (Northern Samar)
2025-03-05 00:38:00,17.64,120.43,15,2.0,002 km S 86° E of Santo Domingo (Ilocos Sur)
2025-03-05 00:29:00,15.59,121.95,18,2.0,045 km S 66° E of Baler (Aurora)
2025-03-05 00:06:00,9.89,126.01,19,2.9,004 km N 64° E of Del Carmen (Surigao Del Norte)
2025-03-04 23:12:00,19.02,121.68,8,2.3,024 km N 57° W of Camiguin Island (Calayan) (Cagayan)
2025-03-04 21:47:00,7.80,125.88,53,1.7,010 km S 80° E of Laak (Davao De Oro)
2025-03-04 21:45:00,15.84,122.07,20,1.9,035 km S 20° E of Dinalungan (Aurora)
2025-03-04 19:32:00,5.99,124.69,8,2.5,007 km S 87° E of Kiamba (Sarangani)
2025-03-04 19:30:00,9.24,126.08,12,2.2,002 km N 76° E of Lanuza (Surigao Del Sur)
2025-03-04 19:16:00,10.41,125.55,34,1.7,007 km N 34° W of Loreto (Dinagat Islands)
2025-03-04 18:53:00,11.74,125.84,11,2.5,042 km S 89° E of San Julian (Eastern Samar)
2025-03-04 18:47:00,17.48,120.40,15,2.9,007 km S 16° E of Caoayan (Ilocos Sur)
2025-03-04 18:40:00,13.95,120.49,88,2.1,020 km N 51° W of Calatagan (Batangas)
2025-03-04 18:09:00,14.59,120.41,102,1.4,003 km S 25° E of Bagac (Bataan)
2025-03-04 16:07:00,5.74,126.49,47,2.9,095 km S 79° E of Jose Abad Santos (Davao Occidental)
2025-03-04 15:43:00,10.47,124.40,9,1.6,017 km S 04° W of Poro (Cebu)
2025-03-04 15:31:00,15.37,119.87,30,1.9,009 km S 32° W of Palauig (Zambales)
2025-03-04 14:51:00,17.68,120.55,9,2.6,011 km N 10° W of Langiden (Abra)
2025-03-04 12:51:00,16.74,120.45,1,3.1,015 km N 04° E of Bagulin (La Union)
2025-03-04 11:24:00,13.48,120.57,44,1.5,013 km N 58° E of Paluan (Occidental Mindoro)
2025-03-04 09:42:00,6.71,125.21,17,5.0,000 km N 56° W of Matanao (Davao Del Sur)
2025-03-04 06:32:00,15.41,122.44,31,1.5,076 km N 18° E of Patnanungan (Quezon)
2025-03-04 06:00:00,5.74,126.57,57,2.8,104 km S 79° E of Jose Abad Santos (Davao Occidental)
2025-03-04 05:47:00,9.14,126.86,25,2.5,066 km N 74° E of Bayabas (Surigao Del Sur)
2025-03-04 05:41:00,7.78,126.63,25,1.8,020 km S 87° E of Cateel (Davao Oriental)
2025-03-04 05:36:00,11.57,125.66,9,2.7,019 km N 65° E of Maydolong (Eastern Samar)
2025-03-04 04:34:00,9.28,126.05,17,1.9,015 km N 90° W of Cortes (Surigao Del Sur)
2025-03-04 04:34:00,15.55,121.21,20,1.9,017 km N 54° W of Gabaldon (Nueva Ecija)
2025-03-04 04:14:00,15.01,121.67,8,2.5,018 km N 63° W of Panukulan (Quezon)
2025-03-04 03:32:00,15.45,122.25,9,2.1,073 km N 25° E of Burdeos (Quezon)
2025-03-04 03:28:00,10.13,125.88,14,1.7,025 km N 59° W of Burgos (Surigao Del Norte)
2025-03-04 02:53:00,12.21,120.90,31,1.7,024 km S 48° W of San Jose (Occidental Mindoro)
2025-03-04 02:46:00,9.66,126.22,17,2.3,016 km S 27° E of General Luna (Surigao Del Norte)
2025-03-04 02:44:00,9.76,126.40,14,3.0,027 km S 85° E of General Luna (Surigao Del Norte)
2025-03-04 02:07:00,7.56,124.48,5,1.9,013 km N 69° E of Buldon (Maguindanao Del Norte)
2025-03-04 02:06:00,20.41,121.40,21,3.6,050 km N 81° W of Sabtang (Batanes)
2025-03-04 01:51:00,18.82,119.77,3,2.6,097 km N 70° W of Burgos (Ilocos Norte)
2025-03-04 01:47:00,14.92,121.63,28,1.5,018 km N 04° E of General Nakar (Quezon)
2025-03-04 01:43:00,14.40,123.13,53,2.2,021 km S 67° E of Tinaga Island (Vinzons) (Camarines Norte)
2025-03-04 00:49:00,7.34,126.74,22,1.6,019 km N 87° E of Caraga (Davao Oriental)
2025-03-04 00:46:00,7.69,124.35,6,2.2,008 km S 36° E of Butig (Lanao Del Sur)
2025-03-04 00:45:00,7.53,124.26,3,1.9,005 km S 74° E of Kapatagan (Lanao Del Sur)
2025-03-04 00:42:00,10.35,126.16,11,3.6,038 km N 15° E of Burgos (Surigao Del Norte)
2025-03-04 00:18:00,7.50,124.45,1,2.4,008 km S 82° E of Buldon (Maguindanao Del Norte)
2025-03-03 23:47:00,13.82,120.61,106,1.5,002 km S 59° W of Calatagan (Batangas)
2025-03-03 23:46:00,12.97,124.60,17,2.4,041 km N 39° E of Biri (Northern Samar)
2025-03-03 23:27:00,8.70,122.67,4,2.2,053 km N 54° W of Jose Dalman (Zamboanga Del Norte)
2025-03-03 23:16:00,20.29,121.24,28,3.3,066 km S 86° W of Sabtang (Batanes)
2025-03-03 22:02:00,13.45,120.55,2,3.1,010 km N 67° E of Paluan (Occidental Mindoro)
2025-03-03 21:43:00,8.77,122.91,19,3.2,039 km N 20° W of Jose Dalman (Zamboanga Del Norte)
2025-03-03 21:42:00,19.77,121.73,1,2.7,041 km N 40° W of Babuyan Island (Calayan) (Cagayan)
2025-03-03 21:27:00,5.87,126.31,53,2.9,074 km S 87° E of Jose Abad Santos (Davao Occidental)
2025-03-03 20:22:00,7.77,127.10,4,2.8,063 km N 70° E of Baganga (Davao Oriental)
2025-03-03 19:02:00,7.00,125.63,29,2.4,030 km N 52° E of Santa Cruz (Davao Del Sur)
2025-03-03 18:26:00,8.90,125.99,19,1.8,007 km S 45° W of San Miguel (Surigao Del Sur)
2025-03-03 18:08:00,18.69,120.50,1,3.0,025 km N 39° W of Burgos (Ilocos Norte)
2025-03-03 17:45:00,3.90,125.95,81,3.5,178 km S 19° E of Balut Island (Municipality Of Sarangani) (Davao Occidental)
2025-03-03 16:51:00,9.29,125.85,33,1.7,014 km S 52° W of Carrascal (Surigao Del Sur)
2025-03-03 15:36:00,9.73,124.67,20,1.8,010 km S 82° E of Anda (Bohol)
2025-03-03 14:01:00,16.81,122.55,4,3.3,031 km S 25° E of Palanan (Isabela)
2025-03-03 12:02:00,11.52,125.72,18,2.1,023 km N 31° E of Hernani (Eastern Samar)
2025-03-03 11:24:00,9.20,126.78,6,2.5,060 km N 65° E of Bayabas (Surigao Del Sur)
2025-03-03 09:49:00,12.99,124.14,110,3.8,008 km N 15° E of Gubat (Sorsogon)
2025-03-03 09:36:00,7.77,127.04,12,2.0,057 km N 67° E of Baganga (Davao Oriental)
2025-03-03 08:09:00,15.86,120.02,23,2.3,013 km N 75° E of Infanta (Pangasinan)
2025-03-03 07:06:00,6.61,126.41,26,2.0,038 km S 82° E of Governor Generoso (Davao Oriental)
2025-03-03 06:50:00,5.37,124.11,16,3.0,088 km S 29° W of Maitum (Sarangani)
2025-03-03 05:11:00,16.14,119.62,18,4.5,019 km N 82° W of Agno (Pangasinan)
2025-03-03 04:58:00,7.74,124.46,17,1.6,015 km S 49° E of Ganassi (Lanao Del Sur)
2025-03-03 03:59:00,7.60,123.77,11,2.2,022 km S 13° E of Sultan Naga Dimaporo (Lanao Del Norte)
2025-03-03 03:32:00,14.75,119.76,7,2.3,042 km S 58° W of San Antonio (Zambales)
2025-03-03 02:48:00,19.94,121.67,26,2.7,048 km S 26° W of Sabtang (Batanes)
2025-03-03 02:47:00,16.12,119.96,4,2.5,005 km S 28° W of City Of Alaminos (Pangasinan)
2025-03-03 01:38:00,9.37,125.86,81,2.5,010 km N 89° W of Carrascal (Surigao Del Sur)
2025-03-03 01:37:00,7.64,126.60,30,1.5,009 km N 31° E of Baganga (Davao Oriental)
2025-03-03 01:35:00,18.75,120.02,15,2.9,071 km N 68° W of Burgos (Ilocos Norte)
2025-03-02 22:54:00,16.89,120.43,79,2.1,001 km S 77° E of Bangar (La Union)
2025-03-02 22:34:00,6.57,126.40,39,2.5,037 km S 76° E of Governor Generoso (Davao Oriental)
2025-03-02 22:13:00,10.18,125.85,25,2.1,028 km N 49° W of Santa Monica (Surigao Del Norte)
2025-03-02 22:11:00,9.05,126.04,31,2.3,011 km N 01° W of San Miguel (Surigao Del Sur)
2025-03-02 21:16:00,10.88,123.20,5,2.1,012 km S 43° E of Manapla (Negros Occidental)
2025-03-02 21:15:00,9.05,126.20,31,1.6,004 km S 52° E of City Of Tandag (Surigao Del Sur)
2025-03-02 20:42:00,7.73,122.50,8,1.8,009 km N 27° E of Roseller Lim (Zamboanga Sibugay)
2025-03-02 19:13:00,8.94,126.31,29,1.7,003 km N 23° E of Cagwait (Surigao Del Sur)
2025-03-02 19:08:00,8.97,126.46,23,3.0,018 km N 71° E of Cagwait (Surigao Del Sur)
2025-03-02 19:03:00,11.53,124.41,7,2.7,004 km S 13° E of Naval (Biliran)
2025-03-02 18:14:00,9.59,126.06,2,2.1,011 km S 72° E of Socorro (Surigao Del Norte)
2025-03-02 17:34:00,18.34,120.49,2,2.0,011 km N 88° W of Pasuquin (Ilocos Norte)
2025-03-02 16:24:00,9.79,122.59,13,2.2,007 km S 48° W of Candoni (Negros Occidental)
2025-03-02 16:13:00,15.51,119.91,17,2.7,008 km N 02° W of Palauig (Zambales)
2025-03-02 15:21:00,7.65,126.61,29,2.4,010 km N 35° E of Baganga (Davao Oriental)
2025-03-02 15:17:00,9.51,126.36,46,1.4,032 km N 36° E of Cortes (Surigao Del Sur)
2025-03-02 15:13:00,8.39,126.01,1,1.9,001 km N 50° E of Rosario (Agusan Del Sur)
2025-03-02 14:44:00,14.01,120.30,71,3.0,026 km N 49° E of Lubang (Occidental Mindoro)
2025-03-02 13:54:00,6.90,126.72,113,2.4,034 km S 62° E of Tarragona (Davao Oriental)
2025-03-02 10:23:00,8.79,122.52,28,2.8,064 km S 62° W of Siaton (Negros Oriental)
2025-03-02 10:20:00,8.41,127.09,1,2.9,086 km N 61° E of Lingig (Surigao Del Sur)
2025-03-02 10:02:00,8.08,127.32,52,3.0,100 km N 87° E of Lingig (Surigao Del Sur)
2025-03-02 10:01:00,5.37,126.45,80,3.2,107 km S 56° E of Jose Abad Santos (Davao Occidental)
2025-03-02 09:10:00,9.97,125.78,32,1.5,013 km N 70° E of Cagdianao (Dinagat Islands)
2025-03-02 08:47:00,11.77,124.19,2,3.0,017 km S 86° W of Maripipi (Biliran)
2025-03-02 08:28:00,8.28,126.68,31,1.6,039 km S 76° E of Hinatuan (Surigao Del Sur)
2025-03-02 07:00:00,7.73,126.73,17,2.6,025 km N 47° E of Baganga (Davao Oriental)
2025-03-02 06:44:00,13.77,120.82,7,2.1,013 km N 27° W of Tingloy (Batangas)
2025-03-02 06:26:00,7.76,122.28,26,1.2,016 km S 71° E of Baliguian (Zamboanga Del Norte)
2025-03-02 06:25:00,7.64,126.45,30,1.8,015 km N 59° W of Baganga (Davao Oriental)
2025-03-02 05:56:00,9.97,124.29,20,2.2,005 km S 71° W of San Miguel (Bohol)
2025-03-02 05:52:00,7.63,126.58,9,2.2,006 km N 20° E of Baganga (Davao Oriental)
2025-03-02 05:47:00,16.02,119.52,9,2.1,032 km S 71° W of Agno (Pangasinan)
2025-03-02 05:42:00,17.81,121.07,4,3.1,021 km N 40° E of Lacub (Abra)
2025-03-02 05:18:00,16.71,120.11,24,1.7,025 km N 65° W of City Of San Fernando (La Union)
2025-03-02 04:38:00,10.36,125.20,34,1.5,004 km South of Hinunangan (Southern Leyte)
2025-03-02 04:00:00,7.24,125.66,20,2.8,005 km S 18° W of City Of Panabo (Davao Del Norte)
2025-03-02 03:26:00,7.27,125.63,14,2.7,005 km S 71° W of City Of Panabo (Davao Del Norte)
2025-03-02 03:00:00,11.81,126.14,1,3.1,074 km S 89° E of Sulat (Eastern Samar)
2025-03-02 02:01:00,7.59,124.65,33,1.4,009 km S 57° W of Wao (Lanao Del Sur)
2025-03-02 01:48:00,7.83,126.88,33,2.0,057 km S 66° E of Lingig (Surigao Del Sur)
2025-03-02 01:40:00,5.19,125.87,106,2.5,055 km S 55° E of Sarangani Island (Municipality Of Sarangani) (Davao Occidental)
2025-03-02 01:23:00,14.76,119.94,33,1.7,026 km S 37° W of San Antonio (Zambales)
2025-03-02 01:19:00,10.45,123.08,1,2.8,016 km N 65° W of City Of Canlaon (Negros Oriental)
2025-03-02 01:15:00,7.66,126.73,20,2.4,021 km N 64° E of Baganga (Davao Oriental)
2025-03-02 01:13:00,13.60,120.51,8,1.7,020 km N 14° E of Paluan (Occidental Mindoro)
2025-03-02 00:23:00,11.77,125.93,10,3.2,051 km N 88° E of San Julian (Eastern Samar)
2025-03-01 23:51:00,8.71,126.37,29,1.7,013 km S 37° E of Marihatag (Surigao Del Sur)
2025-03-01 23:16:00,9.98,126.07,33,2.2,004 km S 03° W of Burgos (Surigao Del Norte)
2025-03-01 22:40:00,15.61,122.13,10,2.7,063 km S 75° E of Baler (Aurora)
2025-03-01 22:12:00,14.12,120.46,115,2.2,020 km N 75° W of Nasugbu (Batangas)
2025-03-01 21:59:00,7.68,126.82,22,4.9,031 km N 67° E of Baganga (Davao Oriental)
2025-03-01 19:09:00,8.08,126.84,31,1.8,047 km N 85° E of Lingig (Surigao Del Sur)
2025-03-01 18:26:00,12.46,123.68,16,1.5,009 km S 76° W of San Fernando (Masbate)
2025-03-01 18:16:00,9.25,125.99,121,2.3,003 km S 72° E of Madrid (Surigao Del Sur)
2025-03-01 17:07:00,11.52,125.61,20,2.1,020 km N 03° W of Hernani (Eastern Samar)
2025-03-01 17:00:00,18.73,120.91,5,2.4,020 km N 26° W of Santa Praxedes (Cagayan)
2025-03-01 16:46:00,8.38,125.62,1,2.3,023 km N 61° W of La Paz (Agusan Del Sur)
2025-03-01 16:00:00,6.24,124.36,14,3.6,019 km N 79° E of Palimbang (Sultan Kudarat)
2025-03-01 14:47:00,8.84,122.54,21,4.0,060 km S 65° W of Siaton (Negros Oriental)
2025-03-01 14:36:00,7.67,126.70,16,3.8,018 km N 56° E of Baganga (Davao Oriental)
2025-03-01 14:29:00,6.67,124.19,3,2.3,021 km S 12° E of South Upi (Maguindanao Del Sur)
2025-03-01 14:29:00,9.29,126.03,27,1.8,007 km S 47° E of Cantilan (Surigao Del Sur)
2025-03-01 14:04:00,15.02,122.65,2,2.2,050 km N 44° E of Jomalig (Quezon)
2025-03-01 12:28:00,3.44,126.05,30,3.6,229 km S 18° E of Balut Island (Municipality Of Sarangani) (Davao Occidental)
2025-03-01 12:02:00,13.95,120.24,57,1.9,016 km N 53° E of Lubang (Occidental Mindoro)
2025-03-01 11:24:00,8.86,126.51,15,1.5,024 km S 75° E of Cagwait (Surigao Del Sur)
2025-03-01 09:47:00,18.40,120.65,2,3.4,012 km S 05° E of Burgos (Ilocos Norte)
2025-03-01 09:38:00,8.23,126.85,2,2.6,052 km N 66° E of Lingig (Surigao Del Sur)
2025-03-01 09:26:00,15.67,121.99,5,2.0,047 km S 78° E of Baler (Aurora)
2025-03-01 09:25:00,7.58,126.06,20,2.7,009 km N 64° W of New Bataan (Davao De Oro)
2025-03-01 09:20:00,10.23,126.26,33,1.4,031 km N 41° E of Burgos (Surigao Del Norte)
2025-03-01 09:11:00,15.69,121.99,9,2.0,046 km S 81° E of Baler (Aurora)
2025-03-01 08:47:00,9.63,126.18,36,1.4,017 km S 08° E of General Luna (Surigao Del Norte)
2025-03-01 05:52:00,5.81,125.28,12,2.3,008 km S 81° E of Glan (Sarangani)
2025-03-01 05:51:00,13.55,120.90,8,1.6,007 km N 49° W of Puerto Galera (Oriental Mindoro)
2025-03-01 05:49:00,10.56,124.79,24,1.7,009 km N 39° E of Inopacan (Leyte)
2025-03-01 05:32:00,9.90,126.33,14,2.4,023 km N 55° E of General Luna (Surigao Del Norte)
2025-03-01 05:00:00,10.88,125.53,6,4.5,028 km S 18° E of Giporlos (Eastern Samar)
2025-03-01 04:48:00,9.16,126.76,15,3.9,056 km N 68° E of Bayabas (Surigao Del Sur)
2025-03-01 03:39:00,6.21,126.84,74,2.9,098 km S 60° E of Governor Generoso (Davao Oriental)
2025-03-01 03:10:00,7.30,125.63,12,2.6,005 km N 65° W of City Of Panabo (Davao Del Norte)
2025-03-01 02:48:00,13.37,120.79,18,1.7,011 km S 42° E of Abra De Ilog (Occidental Mindoro)
2025-03-01 01:51:00,8.33,127.46,21,2.3,120 km N 75° E of Lingig (Surigao Del Sur)
2025-03-01 00:38:00,9.15,126.71,9,2.6,051 km N 67° E of Bayabas (Surigao Del Sur)
2025-03-01 00:23:00,7.80,127.31,1,3.4,086 km N 73° E of Baganga (Davao Oriental)
2025-02-28 23:15:00,11.30,125.90,10,2.4,031 km S 80° E of Hernani (Eastern Samar)
2025-02-28 21:56:00,6.68,126.62,23,2.4,045 km S 24° E of Tarragona (Davao Oriental)
2025-02-28 21:39:00,10.17,126.64,1,1.4,064 km N 75° E of Burgos (Surigao Del Norte)
2025-02-28 21:38:00,7.67,126.04,8,2.1,005 km S 88° W of Compostela (Davao De Oro)
2025-02-28 21:33:00,6.04,122.60,34,2.4,071 km S 45° E of Al-barka (Basilan)
2025-02-28 21:05:00,17.64,120.91,18,2.6,013 km N 56° W of Malibcong (Abra)
2025-02-28 18:55:00,14.69,125.08,30,2.7,119 km N 46° E of Bagamanoc (Catanduanes)
2025-02-28 18:16:00,9.91,122.57,27,1.7,010 km S 39° W of Cauayan (Negros Occidental)
2025-02-28 18:16:00,13.98,120.43,88,3.2,024 km S 65° W of Nasugbu (Batangas)
2025-02-28 18:07:00,9.75,122.25,22,2.1,020 km S 83° W of City Of Sipalay (Negros Occidental)
2025-02-28 18:01:00,6.72,125.16,19,2.7,003 km S 12° E of Magsaysay (Davao Del Sur)
2025-02-28 14:09:00,7.98,126.94,10,3.1,057 km N 69° E of Cateel (Davao Oriental)
2025-02-28 11:55:00,6.01,127.03,134,3.5,128 km S 56° E of Governor Generoso (Davao Oriental)
2025-02-28 11:34:00,10.70,125.40,70,1.6,036 km S 82° W of Homonhon Island (Guiuan) (Eastern Samar)
2025-02-28 11:27:00,19.92,121.49,33,4.1,061 km S 41° W of Sabtang (Batanes)
2025-02-28 06:13:00,9.54,124.16,39,1.9,008 km S 02° W of Dimiao (Bohol)
2025-02-28 05:36:00,8.07,124.78,15,1.8,027 km S 48° E of Talakag (Bukidnon)
2025-02-28 05:12:00,6.46,126.10,114,2.0,021 km S 08° E of Governor Generoso (Davao Oriental)
2025-02-28 04:51:00,15.02,120.03,33,1.6,005 km N 83° W of San Narciso (Zambales)
2025-02-28 04:41:00,7.62,124.75,33,1.6,003 km S 62° E of Wao (Lanao Del Sur)
2025-02-28 04:17:00,6.59,125.51,32,1.7,006 km N 40° E of Santa Maria (Davao Occidental)
2025-02-28 04:15:00,6.64,125.59,28,1.8,016 km N 51° E of Santa Maria (Davao Occidental)
2025-02-28 03:53:00,9.28,126.22,12,2.1,003 km East of Cortes (Surigao Del Sur)
2025-02-28 03:50:00,15.52,119.98,22,2.4,002 km S 67° E of Masinloc (Zambales)
2025-02-28 03:24:00,17.23,120.66,21,3.3,008 km S 64° W of Tubo (Abra)
2025-02-28 03:22:00,9.30,126.55,16,2.9,039 km N 86° E of Cortes (Surigao Del Sur)
2025-02-28 03:11:00,7.51,123.85,32,1.6,025 km S 70° W of Malabang (Lanao Del Sur)
2025-02-28 03:05:00,13.66,120.65,104,2.3,020 km S 06° E of Calatagan (Batangas)
2025-02-28 02:56:00,7.45,123.88,21,2.6,021 km N 55° W of Bongo Island (Parang) (Maguindanao Del Norte)
2025-02-28 02:47:00,7.38,125.88,22,2.2,002 km N 75° E of Maco (Davao De Oro)
2025-02-28 02:32:00,11.63,124.37,33,2.1,002 km N 50° W of Almeria (Biliran)
2025-02-28 01:58:00,6.95,127.05,12,3.3,064 km S 63° E of Manay (Davao Oriental)
2025-02-28 00:16:00,9.66,123.62,37,1.7,013 km S 68° E of Alcoy (Cebu)
2025-02-28 00:02:00,16.33,119.82,25,2.6,010 km S 49° W of Bolinao (Pangasinan)
2025-02-27 23:30:00,3.52,127.27,44,4.7,293 km S 44° E of Balut Island (Municipality Of Sarangani) (Davao Occidental)
2025-02-27 23:24:00,13.51,120.29,12,1.7,024 km S 09° E of Looc (Occidental Mindoro)
2025-02-27 22:17:00,13.55,120.68,9,2.2,012 km N 23° W of Abra De Ilog (Occidental Mindoro)
2025-02-27 22:06:00,7.32,125.88,29,2.1,003 km N 63° E of Mabini (Davao De Oro)
2025-02-27 21:53:00,13.52,120.68,5,3.3,010 km N 30° W of Abra De Ilog (Occidental Mindoro)
2025-02-27 20:39:00,4.51,125.91,141,3.2,113 km S 28° E of Balut Island (Municipality Of Sarangani) (Davao Occidental)
2025-02-27 20:31:00,11.87,124.16,3,2.6,012 km S 84° E of Pio V. Corpus (Masbate)
2025-02-27 18:09:00,5.42,126.83,109,2.9,142 km S 67° E of Jose Abad Santos (Davao Occidental)
2025-02-27 16:54:00,8.88,126.26,30,1.6,006 km S 42° W of Cagwait (Surigao Del Sur)
2025-02-27 15:17:00,13.55,120.40,31,2.2,017 km N 25° W of Paluan (Occidental Mindoro)
2025-02-27 13:51:00,8.88,126.39,33,2.2,011 km S 69° E of Cagwait (Surigao Del Sur)
2025-02-27 12:38:00,8.01,127.01,21,2.6,069 km N 46° E of Baganga (Davao Oriental)
2025-02-27 09:12:00,9.98,122.53,32,1.7,010 km N 88° W of Cauayan (Negros Occidental)
2025-02-27 07:52:00,9.61,126.25,22,1.3,022 km S 28° E of General Luna (Surigao Del Norte)
2025-02-27 06:40:00,6.14,125.84,22,2.8,033 km N 40° E of Jose Abad Santos (Davao Occidental)
2025-02-27 02:24:00,10.05,124.22,1,2.8,011 km N 01° W of Danao (Bohol)
2025-02-27 01:41:00,4.81,127.50,96,4.1,237 km S 72° E of Sarangani Island (Municipality Of Sarangani) (Davao Occidental)
2025-02-27 00:57:00,8.64,126.82,11,2.2,060 km S 73° E of Marihatag (Surigao Del Sur)
2025-02-27 00:41:00,10.95,125.90,22,2.1,022 km S 65° E of Guiuan (Eastern Samar)
2025-02-27 00:38:00,15.08,121.98,27,1.7,024 km N 49° E of Panukulan (Quezon)
2025-02-26 23:38:00,10.75,121.68,17,1.7,033 km S 72° W of Belison (Antique)
2025-02-26 23:23:00,12.40,124.48,3,2.5,014 km S 02° W of San Jose (Northern Samar)
2025-02-26 22:36:00,14.04,120.41,117,2.3,024 km S 82° W of Nasugbu (Batangas)
2025-02-26 22:21:00,6.33,125.46,1,2.7,021 km S 77° E of Malungon (Sarangani)
2025-02-26 21:48:00,17.06,120.88,15,2.6,005 km S 07° E of Besao (Mountain Province)
2025-02-26 21:22:00,11.13,125.69,25,1.8,019 km S 80° E of Quinapondan (Eastern Samar)
2025-02-26 20:48:00,14.59,123.05,1,2.9,016 km N 40° E of Tinaga Island (Vinzons) (Camarines Norte)
2025-02-26 19:29:00,11.73,125.26,28,1.7,021 km N 82° E of Hinabangan (Samar)
2025-02-26 19:19:00,5.71,126.33,144,2.2,079 km S 73° E of Jose Abad Santos (Davao Occidental)
2025-02-26 18:46:00,8.69,126.69,6,2.0,045 km S 74° E of Marihatag (Surigao Del Sur)
2025-02-26 18:04:00,21.45,121.43,33,3.2,085 km N 31° W of Itbayat (Batanes)
2025-02-26 17:40:00,9.03,126.59,18,2.1,034 km N 79° E of Bayabas (Surigao Del Sur)
2025-02-26 16:23:00,13.25,124.34,30,2.1,024 km N 74° E of Rapu-rapu (Albay)
2025-02-26 15:04:00,15.69,121.73,1,3.1,019 km S 66° E of Baler (Aurora)
2025-02-26 14:59:00,18.11,120.17,14,2.0,034 km N 74° W of Currimao (Ilocos Norte)
2025-02-26 14:52:00,15.83,120.65,22,2.4,005 km N 50° E of San Manuel (Tarlac)
2025-02-26 14:23:00,18.05,121.32,16,2.0,015 km N 77° E of Kabugao (Apayao)
2025-02-26 14:04:00,8.39,126.59,26,2.5,028 km N 85° E of Hinatuan (Surigao Del Sur)
2025-02-26 13:58:00,12.15,120.43,18,2.7,030 km N 56° E of Coron (Palawan)
2025-02-26 13:42:00,12.66,121.44,4,2.6,011 km N 46° W of Roxas (Oriental Mindoro)
2025-02-26 12:52:00,3.84,125.85,143,3.9,181 km S 15° E of Balut Island (Municipality Of Sarangani) (Davao Occidental)
2025-02-26 12:33:00,7.48,123.91,10,2.7,022 km S 53° W of Malabang (Lanao Del Sur)
2025-02-26 09:37:00,11.48,125.85,2,3.1,029 km N 59° E of Hernani (Eastern Samar)
2025-02-26 08:44:00,12.32,123.85,1,3.2,013 km N 32° E of Uson (Masbate)
2025-02-26 06:58:00,13.72,120.54,93,2.0,016 km S 38° W of Calatagan (Batangas)
2025-02-26 06:53:00,13.66,120.63,100,2.3,019 km S 01° W of Calatagan (Batangas)
2025-02-26 06:17:00,8.01,124.62,4,2.6,024 km S 72° E of Tagoloan Ii (Lanao Del Sur)
2025-02-26 06:01:00,15.68,121.76,26,1.9,023 km S 67° E of Baler (Aurora)
2025-02-26 05:52:00,15.19,123.27,33,2.2,086 km N 24° E of Tinaga Island (Vinzons) (Camarines Norte)
2025-02-26 04:17:00,9.25,123.17,9,2.1,009 km S 68° W of Valencia (Negros Oriental)
2025-02-26 04:05:00,9.26,123.16,6,3.0,010 km S 73° W of Valencia (Negros Oriental)
2025-02-26 03:59:00,9.28,123.18,7,3.4,007 km S 87° W of Valencia (Negros Oriental)
2025-02-26 03:55:00,18.32,120.84,9,3.0,017 km S 23° W of Adams (Ilocos Norte)
2025-02-26 03:27:00,18.20,120.81,73,3.8,007 km N 08° W of Carasi (Ilocos Norte)
2025-02-26 03:21:00,16.06,119.44,9,3.8,039 km S 81° W of Agno (Pangasinan)
2025-02-26 03:07:00,13.69,120.68,108,1.9,017 km S 19° E of Calatagan (Batangas)
2025-02-26 03:04:00,15.81,120.84,32,1.8,005 km N 47° E of Talugtug (Nueva Ecija)
2025-02-26 02:54:00,12.82,124.85,14,3.1,030 km N 16° W of Pambujan (Northern Samar)
2025-02-26 01:35:00,16.05,119.09,3,3.3,076 km S 84° W of Agno (Pangasinan)
2025-02-26 00:54:00,15.14,122.81,1,2.3,075 km N 12° W of Tinaga Island (Vinzons) (Camarines Norte)
2025-02-26 00:32:00,8.77,126.56,12,3.6,029 km S 82° E of Marihatag (Surigao Del Sur)
2025-02-26 00:29:00,10.52,125.44,7,4.1,023 km N 40° W of Loreto (Dinagat Islands)
2025-02-25 23:59:00,3.08,125.55,140,4.9,258 km S 03° E of Balut Island (Municipality Of Sarangani) (Davao Occidental)
2025-02-25 22:57:00,19.59,121.27,1,3.7,042 km N 31° W of Calayan (Cagayan)
2025-02-25 22:23:00,4.40,126.25,88,3.8,145 km S 39° E of Balut Island (Municipality Of Sarangani) (Davao Occidental)
2025-02-25 21:29:00,15.27,120.08,24,2.1,006 km S 71° E of Botolan (Zambales)
2025-02-25 20:20:00,8.24,126.63,21,2.8,035 km S 67° E of Hinatuan (Surigao Del Sur)
2025-02-25 18:53:00,6.87,126.27,31,2.2,011 km S 31° E of City Of Mati (Davao Oriental)
2025-02-25 15:30:00,9.65,122.12,7,3.1,037 km S 69° W of City Of Sipalay (Negros Occidental)
2025-02-25 13:51:00,13.41,120.61,7,2.7,014 km S 74° W of Abra De Ilog (Occidental Mindoro)
2025-02-25 12:30:00,13.86,120.60,95,2.0,005 km N 57° W of Calatagan (Batangas)
2025-02-25 12:00:00,7.01,127.21,19,2.6,078 km S 73° E of Manay (Davao Oriental)
2025-02-25 10:23:00,9.55,126.28,24,2.0,028 km S 28° E of General Luna (Surigao Del Norte)
2025-02-25 07:54:00,17.53,122.23,15,2.2,016 km N 04° W of Maconacon (Isabela)
2025-02-25 06:10:00,8.85,126.35,31,2.5,008 km N 43° E of Marihatag (Surigao Del Sur)
2025-02-25 05:48:00,18.47,120.89,7,2.5,002 km N 55° W of Adams (Ilocos Norte)
2025-02-25 01:42:00,10.16,122.42,2,2.0,031 km N 48° W of Cauayan (Negros Occidental)
2025-02-25 01:32:00,17.03,120.96,34,1.5,004 km N 57° E of Sabangan (Mountain Province)
2025-02-25 01:05:00,8.51,127.04,4,4.2,079 km N 79° E of Hinatuan (Surigao Del Sur)
2025-02-25 00:51:00,9.34,126.70,8,2.3,057 km N 83° E of Cortes (Surigao Del Sur)
2025-02-25 00:26:00,17.76,120.54,24,2.0,009 km S 69° E of Cabugao (Ilocos Sur)
2025-02-25 00:07:00,5.78,126.33,17,3.0,077 km S 79° E of Jose Abad Santos (Davao Occidental)
2025-02-24 23:51:00,15.82,120.90,28,2.0,006 km S 02° E of Lupao (Nueva Ecija)
2025-02-24 23:38:00,9.73,122.25,8,2.4,020 km S 78° W of City Of Sipalay (Negros Occidental)
2025-02-24 23:08:00,8.04,125.72,15,2.5,022 km S 45° W of Loreto (Agusan Del Sur)
2025-02-24 22:55:00,10.91,122.98,19,2.1,004 km N 08° E of Enrique B. Magalona (Negros Occidental)
2025-02-24 22:45:00,19.50,120.16,4,2.6,118 km N 68° W of Dalupiri Island (Calayan) (Cagayan)
2025-02-24 22:24:00,8.16,126.61,23,2.5,025 km N 59° E of Lingig (Surigao Del Sur)
2025-02-24 21:53:00,9.22,126.73,14,3.5,056 km N 60° E of Bayabas (Surigao Del Sur)
2025-02-24 20:11:00,12.85,125.31,20,2.2,040 km N 32° E of Palapag (Northern Samar)
2025-02-24 19:11:00,8.36,127.15,6,3.1,089 km N 66° E of Lingig (Surigao Del Sur)
2025-02-24 17:51:00,16.88,119.85,14,3.4,057 km N 87° W of Luna (La Union)
2025-02-24 17:24:00,9.76,124.99,22,1.8,019 km S 29° W of Limasawa (Southern Leyte)
2025-02-24 17:03:00,9.63,125.80,4,2.1,010 km N 49° E of Claver (Surigao Del Norte)
2025-02-24 15:00:00,8.75,126.11,32,1.6,013 km N 07° E of Lianga (Surigao Del Sur)
2025-02-24 12:20:00,13.93,120.58,7,1.6,012 km N 30° W of Calatagan (Batangas)
2025-02-24 11:17:00,8.82,126.23,34,1.6,008 km N 74° W of Marihatag (Surigao Del Sur)
2025-02-24 10:51:00,18.43,120.92,13,2.7,004 km S 35° E of Adams (Ilocos Norte)
2025-02-24 09:50:00,8.41,127.05,1,3.0,079 km N 87° E of Hinatuan (Surigao Del Sur)
2025-02-24 09:37:00,8.06,126.53,28,2.0,013 km N 78° E of Lingig (Surigao Del Sur)
2025-02-24 08:08:00,13.66,120.64,98,2.1,019 km S 02° E of Calatagan (Batangas)
2025-02-24 07:49:00,8.95,126.34,29,1.9,006 km S 76° E of Bayabas (Surigao Del Sur)
2025-02-24 06:59:00,10.49,124.35,7,1.7,017 km S 23° W of Poro (Cebu)
2025-02-24 05:54:00,8.03,126.81,13,3.4,044 km S 89° E of Lingig (Surigao Del Sur)
2025-02-24 05:49:00,8.90,126.46,33,1.7,017 km S 82° E of Cagwait (Surigao Del Sur)
2025-02-24 05:10:00,8.98,126.51,31,2.2,024 km N 72° E of Cagwait (Surigao Del Sur)
2025-02-24 04:58:00,9.23,126.98,1,3.6,081 km N 69° E of Bayabas (Surigao Del Sur)
2025-02-24 04:34:00,9.90,124.06,3,2.6,004 km S 71° W of Sagbayan (Bohol)
2025-02-24 04:21:00,13.23,120.57,19,3.0,002 km N 77° W of Mamburao (Occidental Mindoro)
2025-02-24 03:58:00,11.35,125.38,19,2.1,020 km S 45° W of Balangkayan (Eastern Samar)
2025-02-24 03:46:00,9.38,126.45,31,2.2,031 km N 67° E of Cortes (Surigao Del Sur)
2025-02-24 01:44:00,15.12,119.97,20,2.7,010 km S 66° W of Cabangan (Zambales)
2025-02-24 01:22:00,14.57,120.18,25,2.2,015 km S 39° W of Morong (Bataan)
2025-02-24 00:50:00,9.36,126.47,16,1.9,032 km N 73° E of Cortes (Surigao Del Sur)
2025-02-23 23:12:00,15.41,119.78,34,1.3,014 km S 81° W of Palauig (Zambales)
2025-02-23 22:20:00,13.73,120.60,94,1.9,011 km S 16° W of Calatagan (Batangas)
2025-02-23 22:07:00,15.19,122.92,1,3.3,080 km N 04° W of Tinaga Island (Vinzons) (Camarines Norte)
2025-02-23 22:00:00,8.20,126.87,9,3.4,053 km N 71° E of Lingig (Surigao Del Sur)
2025-02-23 20:31:00,9.27,123.21,1,2.9,004 km S 76° W of Valencia (Negros Oriental)
2025-02-23 20:17:00,4.85,125.01,22,3.8,077 km S 36° W of Balut Island (Municipality Of Sarangani) (Davao Occidental)
2025-02-23 20:01:00,13.52,120.64,52,2.1,013 km N 49° W of Abra De Ilog (Occidental Mindoro)
2025-02-23 19:52:00,8.59,126.60,23,2.2,038 km N 50° E of Hinatuan (Surigao Del Sur)
2025-02-23 19:11:00,8.12,127.07,2,2.4,073 km N 83° E of Lingig (Surigao Del Sur)
2025-02-23 18:14:00,13.63,122.00,2,2.0,017 km N 12° W of Santa Cruz (Marinduque)
2025-02-23 17:53:00,7.37,126.32,33,1.8,022 km N 75° E of Maragusan (Davao De Oro)
2025-02-23 17:23:00,13.73,122.53,32,1.5,007 km S 81° E of Buenavista (Quezon)
2025-02-23 17:14:00,15.55,119.92,24,2.1,005 km N 71° W of Masinloc (Zambales)
2025-02-23 17:05:00,17.62,120.24,25,1.8,013 km N 76° W of Santa Catalina (Ilocos Sur)
2025-02-23 16:44:00,8.56,125.81,16,2.0,011 km N 50° E of San Luis (Agusan Del Sur)
2025-02-23 16:42:00,8.83,126.64,5,1.9,038 km N 86° E of Marihatag (Surigao Del Sur)
2025-02-23 16:41:00,8.76,126.60,6,1.8,033 km S 83° E of Marihatag (Surigao Del Sur)
2025-02-23 16:38:00,8.87,126.77,19,2.4,051 km S 84° E of Cagwait (Surigao Del Sur)
2025-02-23 15:47:00,8.02,123.78,31,1.8,001 km S 20° W of Baroy (Lanao Del Norte)
2025-02-23 15:21:00,14.35,120.42,124,1.6,012 km S 40° W of Mariveles (Bataan)
2025-02-23 15:01:00,10.83,122.74,20,2.0,004 km N 71° E of Dumangas (Iloilo)
2025-02-23 14:57:00,8.99,126.41,31,2.2,014 km N 80° E of Bayabas (Surigao Del Sur)
2025-02-23 13:24:00,8.35,126.62,25,1.7,031 km S 86° E of Hinatuan (Surigao Del Sur)
2025-02-23 13:10:00,4.59,126.17,97,3.4,124 km S 42° E of Balut Island (Municipality Of Sarangani) (Davao Occidental)
2025-02-23 11:57:00,14.20,120.38,47,1.7,029 km S 26° W of Mariveles (Bataan)
2025-02-23 11:55:00,11.82,125.56,19,2.3,011 km N 87° E of Sulat (Eastern Samar)
2025-02-23 11:50:00,11.64,124.64,33,2.0,010 km N 43° E of Caibiran (Biliran)
2025-02-23 11:32:00,6.10,125.42,63,1.9,015 km S 87° E of Alabel (Sarangani)
2025-02-23 09:56:00,19.89,121.53,1,3.1,058 km N 44° W of Babuyan Island (Calayan) (Cagayan)
2025-02-23 09:52:00,8.68,126.63,43,1.9,039 km S 71° E of Marihatag (Surigao Del Sur)
2025-02-23 08:29:00,6.06,125.73,103,3.0,016 km S 16° E of Don Marcelino (Davao Occidental)
2025-02-23 06:31:00,8.82,123.20,10,3.4,030 km N 33° W of City Of Dipolog (Zamboanga Del Norte)
2025-02-23 06:22:00,7.70,123.75,7,1.9,011 km S 17° E of Sultan Naga Dimaporo (Lanao Del Norte)
2025-02-23 06:19:00,9.08,125.49,14,2.3,007 km S 53° W of City Of Cabadbaran (Agusan Del Norte)
2025-02-23 06:18:00,8.77,126.76,16,2.2,051 km S 87° E of Marihatag (Surigao Del Sur)
2025-02-23 05:59:00,11.51,125.80,19,2.2,027 km N 48° E of Hernani (Eastern Samar)
2025-02-23 05:57:00,9.22,122.38,20,2.1,036 km S 54° W of Basay (Negros Oriental)
2025-02-23 05:18:00,5.89,125.17,17,2.6,009 km N 28° W of Glan (Sarangani)
2025-02-23 05:13:00,10.58,122.48,24,1.8,009 km N 50° W of Nueva Valencia (Guimaras)
2025-02-23 05:05:00,10.52,126.40,1,3.3,065 km N 33° E of Burgos (Surigao Del Norte)
2025-02-23 05:02:00,8.84,126.66,22,1.9,040 km N 84° E of Marihatag (Surigao Del Sur)
2025-02-23 05:00:00,8.80,126.60,9,2.0,033 km East of Marihatag (Surigao Del Sur)
2025-02-23 04:59:00,10.44,125.19,1,2.8,005 km N 14° W of Hinunangan (Southern Leyte)
2025-02-23 03:47:00,17.84,120.68,8,3.1,008 km S 15° E of Nueva Era (Ilocos Norte)
2025-02-23 03:34:00,11.56,125.82,11,2.8,032 km N 44° E of Hernani (Eastern Samar)
2025-02-23 03:17:00,6.02,126.32,108,2.5,072 km S 74° E of Don Marcelino (Davao Occidental)
2025-02-23 02:30:00,11.56,125.80,14,4.5,031 km N 40° E of Hernani (Eastern Samar)
2025-02-23 02:25:00,9.08,126.96,10,2.5,075 km N 76° E of Cagwait (Surigao Del Sur)
2025-02-23 02:24:00,15.64,121.21,7,1.7,007 km N 76° E of Bongabon (Nueva Ecija)
2025-02-23 02:21:00,13.61,120.59,91,1.8,023 km N 40° W of Abra De Ilog (Occidental Mindoro)
2025-02-23 01:30:00,12.97,121.09,24,1.6,030 km S 43° W of Victoria (Oriental Mindoro)
2025-02-23 01:20:00,10.71,125.03,2,2.8,004 km S 28° E of Abuyog (Leyte)
2025-02-23 01:06:00,17.21,119.90,30,2.0,058 km N 85° W of City Of Candon (Ilocos Sur)
2025-02-23 01:02:00,13.12,123.99,9,1.8,014 km S 88° E of Manito (Albay)
2025-02-23 00:55:00,11.86,120.87,5,2.1,058 km S 31° W of Magsaysay (Occidental Mindoro)
2025-02-23 00:51:00,9.93,123.22,12,1.7,006 km S 23° E of Jimalalud (Negros Oriental)
2025-02-23 00:22:00,17.92,120.85,1,1.6,020 km N 88° E of Nueva Era (Ilocos Norte)
2025-02-22 22:51:00,9.16,125.84,110,2.4,018 km S 50° W of Madrid (Surigao Del Sur)
2025-02-22 22:47:00,11.10,124.64,22,1.4,012 km S 41° E of Kananga (Leyte)
2025-02-22 22:21:00,8.61,126.61,10,1.8,040 km N 48° E of Hinatuan (Surigao Del Sur)
2025-02-22 21:41:00,18.41,120.79,7,2.0,013 km S 65° W of Adams (Ilocos Norte)
2025-02-22 16:30:00,8.64,126.67,25,2.5,044 km S 67° E of Marihatag (Surigao Del Sur)
2025-02-22 15:05:00,7.95,124.58,3,2.8,021 km N 31° W of Amai Manabilang (Lanao Del Sur)
2025-02-22 12:46:00,9.79,126.38,18,1.9,025 km N 89° E of General Luna (Surigao Del Norte)
2025-02-22 11:57:00,16.93,121.47,33,1.8,002 km N 48° W of Alfonso Lista (Ifugao)
2025-02-22 11:17:00,17.82,120.75,1,2.1,013 km S 41° E of Nueva Era (Ilocos Norte)
2025-02-22 09:48:00,11.35,124.57,1,2.4,009 km S 76° E of Leyte (Leyte)
2025-02-22 09:29:00,11.35,124.54,1,2.5,006 km S 66° E of Leyte (Leyte)
2025-02-22 09:28:00,11.35,124.45,3,2.1,005 km S 59° W of Leyte (Leyte)
2025-02-22 09:22:00,12.90,123.06,9,2.2,020 km S 89° W of Claveria (Masbate)
2025-02-22 09:21:00,11.35,124.53,1,2.2,005 km S 61° E of Leyte (Leyte)
2025-02-22 09:13:00,13.84,121.37,78,2.2,003 km N 60° W of San Juan (Batangas)
2025-02-22 09:07:00,19.02,121.23,16,2.3,010 km S 16° E of Dalupiri Island (Calayan) (Cagayan)
2025-02-22 08:43:00,11.38,124.43,16,1.7,006 km N 83° W of Leyte (Leyte)
2025-02-22 08:34:00,11.36,124.55,1,2.7,007 km S 81° E of Leyte (Leyte)
2025-02-22 08:34:00,17.79,121.01,4,1.5,016 km N 28° E of Lacub (Abra)
2025-02-22 08:33:00,11.32,124.57,1,1.7,011 km S 59° E of Leyte (Leyte)
2025-02-22 08:31:00,11.35,124.54,2,3.5,007 km S 73° E of Leyte (Leyte)
2025-02-22 06:16:00,19.00,121.29,12,3.0,014 km S 36° E of Dalupiri Island (Calayan) (Cagayan)
2025-02-22 06:12:00,9.91,124.12,44,1.6,003 km East of Sagbayan (Bohol)
2025-02-22 05:29:00,12.01,124.16,6,1.6,005 km S 04° W of Tagapul-an (Samar)
2025-02-22 05:28:00,11.51,124.57,35,1.7,004 km N 10° W of Cabucgayan (Biliran)
2025-02-22 04:40:00,12.80,123.04,12,2.4,025 km S 62° W of Claveria (Masbate)
2025-02-22 04:18:00,8.29,126.81,1,2.2,053 km N 57° E of Lingig (Surigao Del Sur)
2025-02-22 04:04:00,8.81,126.45,29,1.7,017 km N 85° E of Marihatag (Surigao Del Sur)
2025-02-22 02:44:00,4.02,126.35,97,3.9,186 km S 34° E of Balut Island (Municipality Of Sarangani) (Davao Occidental)
2025-02-22 01:39:00,7.57,124.70,30,1.4,008 km N 04° E of Banisilan (Cotabato)
2025-02-22 01:39:00,7.82,126.95,12,1.8,051 km N 58° E of Baganga (Davao Oriental)
2025-02-22 01:36:00,15.64,119.51,19,3.0,045 km N 88° W of Candelaria (Zambales)
2025-02-22 01:31:00,13.50,121.49,10,2.4,028 km N 46° E of Naujan (Oriental Mindoro)
2025-02-22 01:21:00,9.87,122.35,20,1.5,014 km N 39° W of City Of Sipalay (Negros Occidental)
2025-02-22 01:16:00,11.17,124.68,13,2.0,013 km S 84° E of Kananga (Leyte)
2025-02-22 00:55:00,16.70,119.98,18,2.9,036 km N 16° E of Bolinao (Pangasinan)
2025-02-22 00:31:00,13.70,120.64,102,1.7,015 km S 02° E of Calatagan (Batangas)
2025-02-21 23:57:00,13.72,120.62,133,2.0,012 km S 08° W of Calatagan (Batangas)
2025-02-21 23:49:00,7.81,122.69,33,1.6,002 km N 29° W of Naga (Zamboanga Sibugay)
2025-02-21 23:46:00,13.21,120.59,8,1.5,002 km S 03° W of Mamburao (Occidental Mindoro)
2025-02-21 23:45:00,9.13,126.26,15,1.4,011 km N 57° E of City Of Tandag (Surigao Del Sur)
2025-02-21 23:44:00,9.80,126.21,23,1.9,006 km N 71° E of General Luna (Surigao Del Norte)
2025-02-21 23:37:00,9.71,126.17,32,1.4,008 km S 14° E of General Luna (Surigao Del Norte)
2025-02-21 23:19:00,9.66,125.87,107,2.8,011 km N 64° W of Socorro (Surigao Del Norte)
2025-02-21 22:49:00,17.94,122.37,8,1.7,054 km N 84° E of Baggao (Cagayan)
2025-02-21 21:15:00,12.89,125.16,11,3.2,038 km N 07° E of Palapag (Northern Samar)
2025-02-21 20:51:00,9.89,126.36,14,2.5,025 km N 63° E of General Luna (Surigao Del Norte)
2025-02-21 20:38:00,10.16,126.00,28,1.6,017 km N 16° W of Santa Monica (Surigao Del Norte)
2025-02-21 19:43:00,19.17,121.19,15,3.1,007 km N 15° W of Dalupiri Island (Calayan) (Cagayan)
2025-02-21 18:37:00,9.72,122.56,10,2.0,015 km S 39° W of Candoni (Negros Occidental)
2025-02-21 18:25:00,13.67,120.61,92,1.8,018 km S 09° W of Calatagan (Batangas)
2025-02-21 18:15:00,8.07,123.20,2,2.4,013 km N 70° W of Midsalip (Zamboanga Del Sur)
2025-02-21 18:03:00,16.86,119.99,6,3.0,041 km N 90° W of Luna (La Union)
2025-02-21 16:40:00,12.30,124.66,35,1.5,004 km S 87° E of Lope De Vega (Northern Samar)
2025-02-21 16:16:00,5.83,126.00,136,3.0,040 km S 77° E of Jose Abad Santos (Davao Occidental)
2025-02-21 13:33:00,21.45,120.48,9,4.3,160 km N 63° W of Itbayat (Batanes)
2025-02-21 12:26:00,7.96,126.41,40,1.6,009 km S 04° W of Lingig (Surigao Del Sur)
2025-02-21 12:09:00,9.64,126.12,24,1.8,015 km S 29° E of Dapa (Surigao Del Norte)
2025-02-21 11:14:00,10.99,125.56,18,2.2,019 km S 39° E of Giporlos (Eastern Samar)
2025-02-21 10:54:00,15.15,122.77,17,2.5,069 km N 43° E of Jomalig (Quezon)
2025-02-21 10:31:00,8.22,126.67,18,2.3,035 km N 55° E of Lingig (Surigao Del Sur)
2025-02-21 10:30:00,8.21,126.71,22,1.7,042 km N 80° E of Lingig (Surigao Del Sur)
2025-02-21 09:22:00,12.77,123.06,9,4.6,025 km S 56° W of Claveria (Masbate)
2025-02-21 09:19:00,12.82,123.08,18,3.1,021 km S 63° W of Claveria (Masbate)
2025-02-21 09:16:00,9.90,126.43,10,2.9,032 km N 66° E of General Luna (Surigao Del Norte)
2025-02-21 08:45:00,13.47,124.96,16,3.6,067 km S 72° E of Baras (Catanduanes)
2025-02-21 08:35:00,7.87,127.07,2,2.8,065 km N 60° E of Baganga (Davao Oriental)
2025-02-21 07:48:00,13.06,120.55,27,2.4,019 km S 15° W of Mamburao (Occidental Mindoro)
2025-02-21 03:50:00,8.45,122.91,11,1.9,012 km N 86° W of Jose Dalman (Zamboanga Del Norte)
2025-02-21 03:02:00,10.16,126.17,33,1.4,019 km N 33° E of Burgos (Surigao Del Norte)
2025-02-21 02:59:00,6.22,125.97,50,3.2,031 km N 85° E of Don Marcelino (Davao Occidental)
2025-02-21 02:32:00,9.96,126.18,32,1.6,011 km N 73° E of San Isidro (Surigao Del Norte)
2025-02-21 02:10:00,9.98,126.08,16,2.3,004 km S 03° E of Burgos (Surigao Del Norte)
2025-02-21 02:02:00,13.57,120.70,127,3.1,015 km N 11° W of Abra De Ilog (Occidental Mindoro)
2025-02-21 01:30:00,9.77,125.72,28,2.5,018 km N 48° E of Placer (Surigao Del Norte)
2025-02-21 01:18:00,11.36,124.49,1,2.9,001 km S 32° E of Leyte (Leyte)
2025-02-21 01:16:00,14.17,121.96,1,2.3,005 km S 58° E of Perez (Quezon)
2025-02-21 01:00:00,15.12,123.03,21,2.3,071 km N 07° E of Tinaga Island (Vinzons) (Camarines Norte)
2025-02-20 22:40:00,15.12,123.00,26,2.2,071 km N 05° E of Tinaga Island (Vinzons) (Camarines Norte)
2025-02-20 22:23:00,9.93,126.15,10,2.2,007 km S 88° E of San Isidro (Surigao Del Norte)
2025-02-20 20:40:00,6.73,126.89,12,2.6,060 km S 54° E of Tarragona (Davao Oriental)
2025-02-20 20:37:00,10.26,126.06,11,2.7,027 km N 04° W of Burgos (Surigao Del Norte)
2025-02-20 17:54:00,8.88,126.50,13,2.9,023 km S 79° E of Cagwait (Surigao Del Sur)
2025-02-20 17:40:00,8.03,126.68,13,2.0,029 km S 89° E of Lingig (Surigao Del Sur)
2025-02-20 15:47:00,18.94,121.71,11,2.0,016 km N 80° W of Camiguin Island (Calayan) (Cagayan)
2025-02-20 15:44:00,6.12,124.59,5,1.9,017 km S 49° W of Lake Sebu (South Cotabato)
2025-02-20 11:37:00,9.69,126.30,33,1.8,018 km S 57° E of General Luna (Surigao Del Norte)
2025-02-20 11:10:00,5.95,125.66,71,2.7,005 km N 24° E of Jose Abad Santos (Davao Occidental)
2025-02-20 07:38:00,6.71,125.93,30,3.4,017 km N 67° W of Governor Generoso (Davao Oriental)
2025-02-20 07:02:00,6.68,125.33,7,2.3,004 km S 69° E of Hagonoy (Davao Del Sur)
2025-02-20 05:34:00,9.47,125.44,8,2.7,012 km S 47° W of Mainit (Surigao Del Norte)
2025-02-20 05:18:00,6.85,124.96,7,2.6,009 km N 78° E of Tulunan (Cotabato)
2025-02-20 04:09:00,8.42,126.66,32,2.3,036 km N 81° E of Hinatuan (Surigao Del Sur)
2025-02-20 04:01:00,9.64,126.14,28,2.3,016 km S 36° E of Dapa (Surigao Del Norte)
2025-02-20 03:07:00,5.95,126.57,7,3.1,095 km S 35° E of Governor Generoso (Davao Oriental)
2025-02-20 02:47:00,11.50,124.46,3,2.1,009 km S 42° E of Naval (Biliran)
2025-02-20 02:27:00,7.90,127.12,9,2.6,080 km S 79° E of Lingig (Surigao Del Sur)
2025-02-20 02:15:00,3.75,128.10,174,4.3,348 km S 57° E of Sarangani Island (Municipality Of Sarangani) (Davao Occidental)
2025-02-20 02:02:00,9.94,126.15,9,2.7,007 km N 83° E of San Isidro (Surigao Del Norte)
2025-02-20 01:43:00,7.51,126.46,11,2.0,013 km S 58° W of Baganga (Davao Oriental)
2025-02-20 01:31:00,10.58,123.72,6,1.7,002 km N 30° E of Asturias (Cebu)
2025-02-20 00:47:00,19.13,121.12,14,2.6,010 km N 75° W of Dalupiri Island (Calayan) (Cagayan)
2025-02-20 00:42:00,7.81,127.20,2,2.5,076 km N 70° E of Baganga (Davao Oriental)
2025-02-20 00:26:00,12.80,123.99,9,2.5,005 km S 04° W of Juban (Sorsogon)
2025-02-20 00:16:00,11.77,124.23,7,2.2,013 km S 88° W of Maripipi (Biliran)
2025-02-19 23:59:00,14.99,122.61,1,2.0,044 km N 43° E of Jomalig (Quezon)
2025-02-19 23:09:00,7.00,124.96,418,2.5,011 km N 58° E of M'lang (Cotabato)
2025-02-19 22:28:00,6.18,126.13,19,2.5,048 km S 87° E of Don Marcelino (Davao Occidental)
2025-02-19 22:14:00,8.13,128.02,168,2.6,173 km N 69° E of Baganga (Davao Oriental)
2025-02-19 22:03:00,8.79,126.48,29,2.3,021 km S 86° E of Marihatag (Surigao Del Sur)
2025-02-19 21:47:00,8.44,127.04,1,2.6,078 km N 84° E of Hinatuan (Surigao Del Sur)
2025-02-19 21:34:00,8.44,124.61,12,2.2,005 km S 40° W of City Of Cagayan De Oro (Misamis Oriental)
2025-02-19 20:48:00,11.53,125.74,7,2.7,025 km N 32° E of Hernani (Eastern Samar)
2025-02-19 20:17:00,10.02,126.06,2,3.0,002 km N 79° W of Burgos (Surigao Del Norte)
2025-02-19 20:15:00,10.03,126.30,9,3.8,026 km N 67° E of San Isidro (Surigao Del Norte)
2025-02-19 19:09:00,18.08,120.57,11,2.4,002 km N 05° E of City Of Batac (Ilocos Norte)
2025-02-19 18:24:00,9.58,126.24,7,1.6,024 km S 23° E of General Luna (Surigao Del Norte)
2025-02-19 18:21:00,9.02,126.11,34,1.8,009 km S 50° W of City Of Tandag (Surigao Del Sur)
2025-02-19 17:12:00,9.57,125.80,16,3.8,008 km S 84° E of Claver (Surigao Del Norte)
2025-02-19 17:10:00,17.56,122.22,19,2.2,019 km N 05° W of Maconacon (Isabela)
2025-02-19 16:47:00,8.50,126.72,8,2.5,045 km N 70° E of Hinatuan (Surigao Del Sur)
2025-02-19 16:39:00,6.07,124.28,4,2.2,024 km N 87° W of Maitum (Sarangani)
2025-02-19 16:16:00,8.46,126.31,1,1.9,010 km N 15° W of Hinatuan (Surigao Del Sur)
2025-02-19 14:25:00,10.08,126.12,13,2.6,009 km N 32° E of Burgos (Surigao Del Norte)
2025-02-19 13:54:00,7.04,126.44,7,2.5,001 km S 29° W of Tarragona (Davao Oriental)
2025-02-19 13:05:00,10.27,125.87,9,2.4,033 km N 35° W of Santa Monica (Surigao Del Norte)
2025-02-19 11:37:00,13.45,120.77,27,1.6,004 km N 83° E of Abra De Ilog (Occidental Mindoro)
2025-02-19 10:23:00,12.85,123.56,35,1.7,008 km S 32° W of Donsol (Sorsogon)
2025-02-19 10:01:00,9.05,126.25,43,1.6,009 km S 73° E of City Of Tandag (Surigao Del Sur)
2025-02-19 09:37:00,14.46,119.98,33,1.7,039 km S 51° W of Morong (Bataan)
2025-02-19 08:57:00,9.27,125.69,28,2.3,015 km N 90° E of Santiago (Agusan Del Norte)
2025-02-19 08:53:00,6.45,126.18,30,2.6,025 km S 27° E of Governor Generoso (Davao Oriental)
2025-02-19 08:23:00,13.08,124.04,31,1.6,015 km S 38° W of Rapu-rapu (Albay)
2025-02-19 07:03:00,14.13,120.43,110,1.8,022 km N 75° W of Nasugbu (Batangas)
2025-02-19 06:00:00,10.36,123.21,3,2.0,003 km S 24° W of City Of Canlaon (Negros Oriental)
2025-02-19 05:51:00,10.36,123.21,2,2.1,003 km S 16° W of City Of Canlaon (Negros Oriental)
2025-02-19 05:36:00,8.85,126.46,30,2.9,019 km N 74° E of Marihatag (Surigao Del Sur)
2025-02-19 05:18:00,11.53,125.85,15,2.3,033 km N 51° E of Hernani (Eastern Samar)
2025-02-19 05:10:00,11.77,124.25,9,2.3,011 km S 88° W of Maripipi (Biliran)
2025-02-19 04:53:00,7.68,126.09,21,1.8,001 km N 22° E of Compostela (Davao De Oro)
2025-02-19 04:49:00,9.93,125.57,18,2.1,005 km S 49° W of Dinagat (Dinagat Islands)
2025-02-19 04:18:00,11.54,125.87,10,3.2,036 km N 52° E of Hernani (Eastern Samar)
2025-02-19 03:13:00,11.53,125.81,5,2.7,029 km N 46° E of Hernani (Eastern Samar)
2025-02-19 03:05:00,6.69,125.39,9,2.6,011 km S 88° E of Hagonoy (Davao Del Sur)
2025-02-19 03:03:00,8.90,126.43,34,1.6,014 km S 82° E of Cagwait (Surigao Del Sur)
2025-02-19 02:42:00,13.78,120.61,96,1.6,007 km S 26° W of Calatagan (Batangas)
2025-02-19 02:02:00,8.92,126.46,22,3.3,018 km N 90° E of Cagwait (Surigao Del Sur)
2025-02-19 01:57:00,11.16,125.68,19,3.0,003 km N 59° E of Salcedo (Eastern Samar)
2025-02-19 01:47:00,11.57,125.86,7,2.2,036 km N 48° E of Hernani (Eastern Samar)
2025-02-19 00:54:00,11.61,125.80,5,1.9,035 km N 35° E of Hernani (Eastern Samar)
2025-02-19 00:16:00,13.72,120.61,103,1.5,014 km N 58° W of Abra De Ilog (Occidental Mindoro)
2025-02-19 00:14:00,12.98,123.07,8,1.6,019 km S 30° E of San Pascual (Masbate)
2025-02-18 23:17:00,7.90,126.77,19,1.4,037 km N 70° E of Cateel (Davao Oriental)
2025-02-18 23:17:00,14.95,122.65,2,2.0,044 km N 51° E of Jomalig (Quezon)
2025-02-18 23:12:00,11.59,126.05,1,3.5,054 km N 61° E of Hernani (Eastern Samar)
2025-02-18 23:10:00,10.70,126.04,17,2.2,035 km S 82° E of Homonhon Island (Guiuan) (Eastern Samar)
2025-02-18 23:09:00,11.53,125.69,10,2.2,022 km N 22° E of Hernani (Eastern Samar)
2025-02-18 23:00:00,8.84,126.39,28,1.7,011 km N 67° E of Marihatag (Surigao Del Sur)
2025-02-18 22:42:00,11.55,126.00,3,2.9,048 km N 62° E of Hernani (Eastern Samar)
2025-02-18 22:36:00,16.30,121.32,1,2.4,003 km S 62° E of Kasibu (Nueva Vizcaya)
2025-02-18 22:34:00,11.60,125.89,5,2.5,041 km N 47° E of Hernani (Eastern Samar)
2025-02-18 22:26:00,11.53,125.79,13,3.9,028 km N 42° E of Hernani (Eastern Samar)
2025-02-18 22:03:00,7.77,122.42,26,1.3,014 km N 21° W of Roseller Lim (Zamboanga Sibugay)
2025-02-18 19:56:00,11.56,125.89,8,3.0,038 km N 52° E of Hernani (Eastern Samar)
2025-02-18 19:46:00,8.51,126.65,25,1.6,039 km N 65° E of Hinatuan (Surigao Del Sur)
2025-02-18 19:46:00,13.92,120.41,54,1.4,026 km N 67° W of Calatagan (Batangas)
2025-02-18 19:03:00,10.54,125.74,30,1.6,023 km S 04° E of Homonhon Island (Guiuan) (Eastern Samar)
2025-02-18 18:38:00,4.68,126.10,40,3.4,110 km S 43° E of Balut Island (Municipality Of Sarangani) (Davao Occidental)
2025-02-18 18:11:00,17.59,122.29,26,2.9,023 km N 13° E of Maconacon (Isabela)
2025-02-18 18:07:00,7.63,126.53,23,2.2,007 km N 27° W of Baganga (Davao Oriental)
2025-02-18 18:06:00,7.60,126.68,28,2.4,014 km N 78° E of Baganga (Davao Oriental)
2025-02-18 17:22:00,9.30,126.34,24,2.4,017 km N 79° E of Cortes (Surigao Del Sur)
2025-02-18 17:16:00,11.75,124.98,33,1.3,004 km S 68° E of Jiabong (Samar)
2025-02-18 15:52:00,8.46,122.86,31,1.9,018 km N 82° W of Jose Dalman (Zamboanga Del Norte)
2025-02-18 15:35:00,9.78,126.64,17,3.8,053 km S 89° E of General Luna (Surigao Del Norte)
2025-02-18 14:28:00,10.43,123.15,3,1.9,009 km N 59° W of City Of Canlaon (Negros Oriental)
2025-02-18 14:27:00,10.43,123.16,5,2.3,008 km N 51° W of City Of Canlaon (Negros Oriental)
2025-02-18 14:24:00,10.42,123.16,4,2.9,007 km N 58° W of City Of Canlaon (Negros Oriental)
2025-02-18 13:32:00,9.40,126.15,34,2.0,014 km N 19° W of Cortes (Surigao Del Sur)
2025-02-18 13:11:00,5.79,125.14,28,2.3,007 km S 65° W of Glan (Sarangani)
2025-02-18 12:52:00,11.45,124.55,23,2.0,004 km S 45° W of Cabucgayan (Biliran)
2025-02-18 11:47:00,13.65,120.52,43,1.6,024 km S 30° W of Calatagan (Batangas)
2025-02-18 10:46:00,10.43,125.14,10,2.6,018 km N 75° E of Sogod (Southern Leyte)
2025-02-18 10:40:00,11.65,125.87,17,2.9,044 km N 39° E of Hernani (Eastern Samar)
2025-02-18 10:16:00,14.23,120.31,6,1.6,031 km S 40° W of Mariveles (Bataan)
2025-02-18 08:54:00,14.10,120.42,106,2.1,023 km N 82° W of Nasugbu (Batangas)
2025-02-18 06:37:00,18.11,120.62,18,3.5,008 km N 84° W of Dingras (Ilocos Norte)
2025-02-18 06:04:00,7.99,126.71,14,1.7,034 km S 81° E of Lingig (Surigao Del Sur)
2025-02-18 05:34:00,7.86,127.22,15,2.1,069 km N 87° E of Baganga (Davao Oriental)
2025-02-18 05:13:00,8.80,125.77,18,2.0,009 km S 76° E of Sibagat (Agusan Del Sur)
2025-02-18 05:04:00,4.95,126.35,15,3.2,113 km S 59° E of Sarangani Island (Municipality Of Sarangani) (Davao Occidental)
2025-02-18 04:49:00,14.02,120.51,38,1.6,014 km S 66° W of Nasugbu (Batangas)
2025-02-18 04:38:00,15.50,121.54,27,1.9,021 km N 52° E of Dingalan (Aurora)
2025-02-18 04:37:00,8.25,126.86,5,2.8,055 km N 65° E of Lingig (Surigao Del Sur)
2025-02-18 04:30:00,7.77,122.53,27,1.7,006 km S 75° W of Ipil (Zamboanga Sibugay)
2025-02-18 04:26:00,8.99,126.42,1,3.6,015 km N 59° E of Cagwait (Surigao Del Sur)
2025-02-18 04:10:00,7.50,124.39,7,1.6,003 km S 56° E of Buldon (Maguindanao Del Norte)
2025-02-18 04:05:00,5.52,126.01,31,3.9,060 km N 85° E of Sarangani Island (Municipality Of Sarangani) (Davao Occidental)
2025-02-18 03:42:00,8.08,126.50,39,1.6,011 km N 63° E of Lingig (Surigao Del Sur)
2025-02-18 03:34:00,8.37,127.15,17,2.5,089 km N 66° E of Lingig (Surigao Del Sur)
2025-02-18 03:29:00,14.15,120.43,112,2.1,024 km N 71° W of Nasugbu (Batangas)
2025-02-18 03:20:00,7.78,122.54,27,1.6,006 km S 82° W of Ipil (Zamboanga Sibugay)
2025-02-18 03:02:00,11.50,125.69,10,2.4,019 km N 27° E of Hernani (Eastern Samar)
2025-02-18 02:58:00,17.10,119.98,31,1.6,050 km S 81° W of City Of Candon (Ilocos Sur)
2025-02-18 02:43:00,15.09,122.82,17,2.0,069 km N 50° E of Jomalig (Quezon)
2025-02-18 02:04:00,3.95,127.95,203,3.9,323 km S 58° E of Sarangani Island (Municipality Of Sarangani) (Davao Occidental)
2025-02-18 02:00:00,10.70,126.53,19,2.2,089 km S 87° E of Homonhon Island (Guiuan) (Eastern Samar)
2025-02-18 01:47:00,16.29,122.02,41,2.1,011 km N 82° W of Casiguran (Aurora)
2025-02-18 01:11:00,13.95,120.54,208,2.2,017 km N 37° W of Calatagan (Batangas)
2025-02-18 00:45:00,9.58,124.97,1,2.4,039 km S 18° W of Limasawa (Southern Leyte)
2025-02-18 00:29:00,11.55,125.85,18,2.1,034 km N 49° E of Hernani (Eastern Samar)
2025-02-18 00:05:00,7.80,122.51,32,1.5,009 km N 77° W of Ipil (Zamboanga Sibugay)
2025-02-17 23:50:00,8.09,125.93,20,2.3,003 km N 50° W of Veruela (Agusan Del Sur)
2025-02-17 23:48:00,13.57,120.69,99,1.7,014 km N 18° W of Abra De Ilog (Occidental Mindoro)
2025-02-17 23:45:00,11.66,125.76,7,2.7,033 km N 59° E of Maydolong (Eastern Samar)
2025-02-17 23:12:00,12.90,123.05,5,1.8,022 km N 89° W of Claveria (Masbate)
2025-02-17 23:01:00,13.72,120.60,34,1.6,013 km S 16° W of Calatagan (Batangas)
2025-02-17 23:00:00,7.92,126.56,46,2.7,018 km N 39° E of Cateel (Davao Oriental)
2025-02-17 22:06:00,13.42,120.61,3,2.0,013 km S 78° W of Abra De Ilog (Occidental Mindoro)
2025-02-17 21:54:00,10.85,125.43,87,3.6,029 km S 09° E of Balangiga (Eastern Samar)
2025-02-17 21:50:00,11.52,125.76,9,3.2,025 km N 40° E of Hernani (Eastern Samar)
2025-02-17 21:42:00,7.05,126.72,137,2.2,027 km S 48° E of Manay (Davao Oriental)
2025-02-17 21:22:00,10.76,122.47,34,1.6,003 km S 02° E of San Miguel (Iloilo)
2025-02-17 21:07:00,15.17,122.91,1,2.8,077 km N 03° W of Tinaga Island (Vinzons) (Camarines Norte)
2025-02-17 20:38:00,9.29,125.64,8,3.2,010 km N 76° E of Santiago (Agusan Del Norte)
2025-02-17 20:11:00,16.07,120.56,124,2.3,002 km N 26° E of Laoac (Pangasinan)
2025-02-17 19:51:00,11.50,125.80,6,2.7,026 km N 50° E of Hernani (Eastern Samar)
2025-02-17 19:18:00,14.97,122.68,2,1.9,048 km N 51° E of Jomalig (Quezon)
2025-02-17 19:10:00,15.16,122.84,1,2.2,076 km N 47° E of Jomalig (Quezon)
2025-02-17 18:28:00,15.20,122.91,1,4.4,079 km N 01° W of Tinaga Island (Vinzons) (Camarines Norte)
2025-02-17 18:15:00,11.52,125.96,7,2.9,042 km N 62° E of Hernani (Eastern Samar)
2025-02-17 17:59:00,5.71,125.72,43,3.2,023 km S 21° E of Jose Abad Santos (Davao Occidental)
2025-02-17 16:23:00,7.39,126.20,1,2.7,012 km N 43° E of Maragusan (Davao De Oro)
2025-02-17 15:11:00,10.19,122.50,1,2.2,028 km N 30° W of Cauayan (Negros Occidental)
2025-02-17 14:37:00,12.41,124.54,30,1.6,014 km S 10° W of Bobon (Northern Samar)
2025-02-17 14:24:00,5.46,125.73,58,2.7,029 km S 87° E of Sarangani Island (Municipality Of Sarangani) (Davao Occidental)
2025-02-17 13:30:00,9.98,122.32,16,2.9,026 km N 28° W of City Of Sipalay (Negros Occidental)
2025-02-17 12:29:00,8.39,126.66,32,1.8,035 km N 86° E of Hinatuan (Surigao Del Sur)
2025-02-17 12:20:00,8.13,126.74,21,1.5,037 km N 75° E of Lingig (Surigao Del Sur)
2025-02-17 12:19:00,19.11,120.98,3,4.3,024 km N 89° W of Dalupiri Island (Calayan) (Cagayan)
2025-02-17 11:59:00,12.62,124.71,10,1.8,013 km N 22° W of Mondragon (Northern Samar)
2025-02-17 11:47:00,9.69,122.10,6,2.5,037 km S 76° W of City Of Sipalay (Negros Occidental)
2025-02-17 11:35:00,5.70,125.09,13,2.9,019 km S 43° W of Glan (Sarangani)
2025-02-17 11:25:00,10.02,122.46,21,2.0,019 km N 75° W of Cauayan (Negros Occidental)
2025-02-17 11:23:00,15.50,121.35,13,1.8,005 km N 13° E of Gabaldon (Nueva Ecija)
2025-02-17 11:20:00,9.88,122.20,13,2.8,028 km N 64° W of City Of Sipalay (Negros Occidental)
2025-02-17 11:13:00,6.01,126.78,4,2.7,105 km S 48° E of Governor Generoso (Davao Oriental)
2025-02-17 11:03:00,11.51,125.82,3,3.2,029 km N 51° E of Hernani (Eastern Samar)
2025-02-17 10:15:00,6.88,123.99,34,1.7,017 km N 81° W of South Upi (Maguindanao Del Sur)
2025-02-17 09:39:00,13.11,120.93,33,2.1,023 km N 84° E of Santa Cruz (Occidental Mindoro)
2025-02-17 09:20:00,12.46,125.31,6,2.0,023 km S 66° E of Palapag (Northern Samar)
2025-02-17 09:15:00,6.09,126.49,83,3.8,077 km S 36° E of Governor Generoso (Davao Oriental)
2025-02-17 08:47:00,8.59,122.63,5,2.0,047 km N 69° W of Jose Dalman (Zamboanga Del Norte)
2025-02-17 08:29:00,8.00,124.49,5,2.2,012 km S 47° E of Tagoloan II (Lanao Del Sur)
2025-02-17 07:40:00,8.38,126.03,122,2.3,003 km N 86° E of Rosario (Agusan Del Sur)
2025-02-17 07:17:00,13.01,124.84,27,2.2,051 km N 11° W of Pambujan (Northern Samar)
2025-02-17 07:10:00,12.86,122.84,5,2.8,053 km N 41° E of Magdiwang (Romblon)
2025-02-17 07:02:00,6.59,124.28,6,2.3,015 km N 17° W of Senator Ninoy Aquino (Sultan Kudarat)
2025-02-17 06:53:00,11.62,125.75,9,2.4,030 km N 63° E of Maydolong (Eastern Samar)
2025-02-17 06:25:00,9.06,126.11,33,2.2,007 km S 82° W of City Of Tandag (Surigao Del Sur)
2025-02-17 05:38:00,13.99,120.53,87,2.2,021 km N 31° W of Calatagan (Batangas)
2025-02-17 05:26:00,16.45,122.37,15,2.5,014 km S 53° E of Dinapigue (Isabela)
2025-02-17 05:24:00,8.67,126.34,27,1.6,028 km N 81° E of Lianga (Surigao Del Sur)
2025-02-17 04:49:00,8.78,126.91,1,2.6,068 km S 88° E of Marihatag (Surigao Del Sur)
2025-02-17 04:48:00,11.57,125.90,8,3.0,039 km N 52° E of Hernani (Eastern Samar)
2025-02-17 03:54:00,11.56,125.68,14,2.6,021 km N 71° E of Maydolong (Eastern Samar)
2025-02-17 03:49:00,6.59,126.56,13,2.2,052 km S 13° E of Tarragona (Davao Oriental)
2025-02-17 03:41:00,11.57,125.59,8,2.0,012 km N 52° E of Maydolong (Eastern Samar)
2025-02-17 03:40:00,9.95,123.07,33,1.6,015 km S 78° W of Jimalalud (Negros Oriental)
2025-02-17 03:10:00,16.45,122.42,13,3.2,018 km S 64° E of Dinapigue (Isabela)
2025-02-17 02:24:00,8.55,125.98,37,1.8,005 km N 08° E of San Francisco (Agusan Del Sur)
2025-02-17 02:16:00,5.58,124.84,16,2.6,051 km S 28° E of Kiamba (Sarangani)
2025-02-17 01:48:00,13.71,120.63,104,1.8,014 km S 01° E of Calatagan (Batangas)
2025-02-17 01:38:00,6.16,124.72,16,3.1,007 km S 12° E of Lake Sebu (South Cotabato)
2025-02-17 01:30:00,11.52,125.76,8,2.5,021 km N 22° E of Hernani (Eastern Samar)
2025-02-17 01:24:00,8.41,126.75,19,2.2,046 km N 84° E of Hinatuan (Surigao Del Sur)
2025-02-17 01:23:00,11.54,125.82,4,3.1,031 km N 45° E of Hernani (Eastern Samar)
2025-02-17 01:10:00,11.55,125.90,4,2.6,039 km N 54° E of Hernani (Eastern Samar)
2025-02-17 00:32:00,13.80,120.56,122,2.2,008 km S 68° W of Calatagan (Batangas)
2025-02-17 00:08:00,14.32,119.71,21,2.3,067 km N 41° W of Lubang (Occidental Mindoro)
2025-02-16 23:24:00,13.43,120.71,57,2.1,002 km S 42° W of Abra De Ilog (Occidental Mindoro)
2025-02-16 23:14:00,10.41,123.23,3,2.6,003 km N 37° E of City Of Canlaon (Negros Oriental)
2025-02-16 23:14:00,16.31,119.78,50,1.9,015 km S 53° W of Bolinao (Pangasinan)
2025-02-16 22:40:00,17.73,120.17,26,1.7,026 km N 62° W of San Ildefonso (Ilocos Sur)
2025-02-16 22:35:00,8.34,126.73,11,2.4,044 km S 85° E of Hinatuan (Surigao Del Sur)
2025-02-16 20:57:00,15.07,119.85,31,2.2,023 km N 88° W of San Felipe (Zambales)
2025-02-16 20:38:00,11.56,125.85,8,3.5,034 km N 47° E of Hernani (Eastern Samar)
2025-02-16 19:55:00,11.55,125.82,12,4.3,031 km N 44° E of Hernani (Eastern Samar)
2025-02-16 19:43:00,11.54,125.89,7,4.5,037 km N 54° E of Hernani (Eastern Samar)
2025-02-16 19:03:00,13.31,120.72,33,1.5,015 km S 04° W of Abra De Ilog (Occidental Mindoro)
2025-02-16 18:12:00,7.26,124.79,13,1.8,006 km N 07° W of Carmen (Cotabato)
2025-02-16 18:06:00,8.23,124.51,6,2.0,011 km S 89° W of Talakag (Bukidnon)
2025-02-16 17:56:00,7.34,125.90,2,2.7,005 km S 47° E of Maco (Davao De Oro)
2025-02-16 16:54:00,11.48,125.75,8,2.4,021 km N 43° E of Hernani (Eastern Samar)
2025-02-16 14:47:00,6.45,125.43,107,2.4,012 km S 26° W of Santa Maria (Davao Occidental)
2025-02-16 14:20:00,14.24,120.37,112,2.1,025 km S 31° W of Mariveles (Bataan)
2025-02-16 13:54:00,5.94,127.17,27,2.3,145 km S 57° E of Governor Generoso (Davao Oriental)
2025-02-16 13:12:00,8.14,124.55,3,2.2,012 km S 28° W of Talakag (Bukidnon)
2025-02-16 12:33:00,9.73,122.48,24,2.7,007 km S 48° E of City Of Sipalay (Negros Occidental)
2025-02-16 12:26:00,11.51,125.67,6,1.7,018 km N 86° E of Maydolong (Eastern Samar)
2025-02-16 12:26:00,11.55,125.71,14,2.7,024 km N 78° E of Maydolong (Eastern Samar)
2025-02-16 11:35:00,14.05,120.40,198,1.6,026 km S 84° W of Nasugbu (Batangas)
2025-02-16 11:17:00,8.61,126.61,9,2.0,040 km S 59° E of Marihatag (Surigao Del Sur)
2025-02-16 11:05:00,9.57,126.14,1,2.6,020 km S 73° E of Socorro (Surigao Del Norte)
2025-02-16 09:59:00,18.58,121.02,24,1.3,004 km S 55° E of Santa Praxedes (Cagayan)
2025-02-16 09:53:00,14.07,120.47,119,1.6,018 km West of Nasugbu (Batangas)
2025-02-16 09:36:00,8.40,127.41,14,3.1,116 km N 70° E of Lingig (Surigao Del Sur)
2025-02-16 09:27:00,5.27,125.22,1,3.1,027 km S 54° W of Balut Island (Municipality Of Sarangani) (Davao Occidental)
2025-02-16 08:10:00,12.91,123.08,8,1.7,019 km N 88° W of Claveria (Masbate)
2025-02-16 07:47:00,10.41,123.22,5,2.5,002 km N 10° E of City Of Canlaon (Negros Oriental)
2025-02-16 07:47:00,10.41,123.22,5,2.5,002 km N 10° E of City Of Canlaon (Negros Oriental)
2025-02-16 07:43:00,10.42,123.22,5,2.4,003 km N 06° E of City Of Canlaon (Negros Oriental)
2025-02-16 07:24:00,13.67,120.60,94,1.9,019 km S 12° W of Calatagan (Batangas)
2025-02-16 07:22:00,8.52,126.66,10,2.3,039 km N 65° E of Hinatuan (Surigao Del Sur)
2025-02-16 06:54:00,8.20,126.49,78,2.5,019 km N 25° E of Lingig (Surigao Del Sur)
2025-02-16 06:36:00,13.77,120.58,95,2.1,009 km S 41° W of Calatagan (Batangas)
2025-02-16 06:19:00,7.86,125.38,5,4.1,009 km S 39° E of San Fernando (Bukidnon)
2025-02-16 06:04:00,9.60,124.62,15,1.7,016 km S 17° E of Anda (Bohol)
2025-02-16 06:02:00,9.77,125.82,33,1.8,020 km S 56° W of Del Carmen (Surigao Del Norte)
2025-02-16 05:53:00,12.26,124.77,36,1.6,011 km S 48° W of Silvino Lobos (Northern Samar)
2025-02-16 05:36:00,16.39,122.20,14,2.7,001 km S 74° W of Dilasag (Aurora)
2025-02-16 05:29:00,8.62,126.66,25,2.2,045 km N 52° E of Hinatuan (Surigao Del Sur)
2025-02-16 04:26:00,7.97,127.23,17,2.9,086 km N 60° E of Baganga (Davao Oriental)
2025-02-16 04:16:00,12.11,123.92,1,1.9,005 km S 10° W of Palanas (Masbate)
2025-02-16 04:12:00,8.78,126.69,20,2.2,043 km S 88° E of Marihatag (Surigao Del Sur)
2025-02-16 03:53:00,10.54,126.78,23,2.9,096 km N 54° E of Burgos (Surigao Del Norte)
2025-02-16 03:51:00,8.30,126.65,34,1.3,035 km S 78° E of Hinatuan (Surigao Del Sur)
2025-02-16 03:22:00,8.17,125.98,21,1.8,002 km S 53° W of Bunawan (Agusan Del Sur)
2025-02-16 02:17:00,13.14,124.14,6,2.3,005 km S 13° E of Rapu-rapu (Albay)
2025-02-16 02:12:00,15.33,119.86,34,1.7,018 km N 75° W of Botolan (Zambales)
2025-02-16 01:50:00,12.90,119.19,34,2.1,117 km N 44° W of Busuanga (Palawan)
2025-02-16 01:34:00,11.12,126.27,14,2.9,060 km N 81° E of Guiuan (Eastern Samar)
2025-02-16 01:14:00,11.51,125.84,4,2.3,031 km N 53° E of Hernani (Eastern Samar)
2025-02-16 01:07:00,5.75,125.72,59,4.0,041 km N 41° E of Sarangani Island (Municipality Of Sarangani) (Davao Occidental)
2025-02-16 00:35:00,11.57,125.96,8,3.3,045 km N 57° E of Hernani (Eastern Samar)
2025-02-16 00:19:00,10.14,122.26,3,3.1,049 km S 48° E of Anini-y (Antique)
2025-02-16 00:12:00,7.86,126.78,26,1.9,037 km N 77° E of Cateel (Davao Oriental)
2025-02-16 00:08:00,13.94,120.54,87,1.2,016 km N 41° W of Calatagan (Batangas)
2025-02-16 00:01:00,9.75,122.39,13,1.8,006 km S 61° W of City Of Sipalay (Negros Occidental)
2025-02-16 00:00:00,9.67,122.17,10,2.2,031 km S 69° W of City Of Sipalay (Negros Occidental)
2025-02-16 00:00:00,13.16,120.92,38,2.1,023 km N 70° E of Santa Cruz (Occidental Mindoro)
2025-02-15 23:52:00,8.46,126.24,30,1.6,009 km S 89° E of Tagbina (Surigao Del Sur)
2025-02-15 23:32:00,9.26,126.26,45,2.0,007 km S 81° E of Cortes (Surigao Del Sur)
2025-02-15 23:14:00,7.75,126.98,12,1.7,050 km N 67° E of Baganga (Davao Oriental)
2025-02-15 23:06:00,14.16,122.47,1,2.2,009 km S 75° E of Santa Elena (Camarines Norte)
2025-02-15 22:47:00,13.73,120.64,120,1.8,011 km S 05° E of Calatagan (Batangas)
2025-02-15 22:37:00,8.38,125.61,72,2.0,020 km S 46° W of San Luis (Agusan Del Sur)
2025-02-15 22:37:00,11.64,125.61,13,2.0,019 km N 37° E of Maydolong (Eastern Samar)
2025-02-15 22:34:00,6.51,123.84,4,3.2,023 km S 79° W of Kalamansig (Sultan Kudarat)
2025-02-15 22:22:00,11.52,125.83,5,2.2,030 km N 50° E of Hernani (Eastern Samar)
2025-02-15 22:18:00,7.81,126.76,19,1.6,033 km N 86° E of Cateel (Davao Oriental)
2025-02-15 22:16:00,7.83,127.22,1,2.9,078 km N 69° E of Baganga (Davao Oriental)
2025-02-15 22:12:00,11.54,125.87,12,3.2,035 km N 51° E of Hernani (Eastern Samar)
2025-02-15 22:08:00,11.53,125.79,19,1.5,028 km N 43° E of Hernani (Eastern Samar)
2025-02-15 22:06:00,11.57,125.91,10,3.5,041 km N 53° E of Hernani (Eastern Samar)
2025-02-15 21:56:00,11.56,125.71,14,2.3,026 km N 24° E of Hernani (Eastern Samar)
2025-02-15 21:54:00,11.57,125.69,14,3.1,022 km N 70° E of Maydolong (Eastern Samar)
2025-02-15 21:52:00,11.54,125.85,7,3.0,024 km N 36° E of Hernani (Eastern Samar)
2025-02-15 21:49:00,12.84,123.00,8,2.8,028 km S 76° W of Claveria (Masbate)
2025-02-15 21:36:00,13.71,120.91,27,1.6,006 km S 32° W of Mabini (Batangas)
2025-02-15 21:32:00,9.06,126.17,6,2.0,002 km S 04° W of City Of Tandag (Surigao Del Sur)
2025-02-15 21:11:00,11.05,125.53,32,2.2,011 km S 49° E of Giporlos (Eastern Samar)
2025-02-15 20:54:00,9.71,122.40,59,3.8,007 km S 26° W of City Of Sipalay (Negros Occidental)
2025-02-15 20:42:00,11.61,125.64,9,2.0,019 km N 52° E of Maydolong (Eastern Samar)
2025-02-15 20:38:00,11.52,125.82,9,3.7,029 km N 49° E of Hernani (Eastern Samar)
2025-02-15 20:01:00,11.56,125.79,5,4.0,030 km N 40° E of Hernani (Eastern Samar)
2025-02-15 19:27:00,11.57,125.61,11,2.0,014 km N 56° E of Maydolong (Eastern Samar)
2025-02-15 18:59:00,9.88,126.10,21,3.1,002 km N 11° W of Pilar (Surigao Del Norte)
2025-02-15 18:41:00,11.56,125.80,5,2.5,031 km N 41° E of Hernani (Eastern Samar)
2025-02-15 18:02:00,11.54,125.76,6,2.7,027 km N 36° E of Hernani (Eastern Samar)
2025-02-15 17:59:00,8.01,124.50,7,2.1,013 km N 78° E of Bubong (Lanao Del Sur)
2025-02-15 17:50:00,6.38,126.46,123,2.3,053 km S 55° E of Governor Generoso (Davao Oriental)
2025-02-15 17:41:00,15.60,121.95,33,1.5,045 km S 67° E of Baler (Aurora)
2025-02-15 17:17:00,11.52,125.71,12,2.1,022 km N 28° E of Hernani (Eastern Samar)
2025-02-15 17:09:00,6.44,126.34,77,2.5,038 km S 51° E of Governor Generoso (Davao Oriental)
2025-02-15 16:55:00,11.53,125.85,6,4.2,033 km N 51° E of Hernani (Eastern Samar)
2025-02-15 16:29:00,7.95,125.21,22,2.0,013 km N 73° W of San Fernando (Bukidnon)
2025-02-15 16:22:00,11.57,125.63,16,2.5,016 km N 61° E of Maydolong (Eastern Samar)
2025-02-15 14:41:00,6.81,126.75,115,2.0,043 km S 51° E of Tarragona (Davao Oriental)
2025-02-15 14:23:00,11.52,125.72,4,2.8,022 km N 31° E of Hernani (Eastern Samar)
2025-02-15 13:52:00,11.54,125.74,4,2.6,026 km N 31° E of Hernani (Eastern Samar)
2025-02-15 13:30:00,4.86,127.00,1,3.5,182 km S 68° E of Sarangani Island (Municipality Of Sarangani) (Davao Occidental)
2025-02-15 12:26:00,9.20,125.67,41,1.7,014 km S 60° E of Santiago (Agusan Del Norte)
2025-02-15 11:33:00,11.51,125.71,7,3.1,023 km N 87° E of Maydolong (Eastern Samar)
2025-02-15 11:19:00,13.70,120.63,85,1.4,014 km S 02° W of Calatagan (Batangas)
2025-02-15 10:52:00,13.94,120.55,88,1.4,015 km N 37° W of Calatagan (Batangas)
2025-02-15 10:37:00,18.52,120.97,1,3.0,006 km S 27° W of Santa Praxedes (Cagayan)
2025-02-15 10:12:00,11.56,125.61,1,2.5,014 km N 60° E of Maydolong (Eastern Samar)
2025-02-15 09:53:00,18.43,120.99,2,1.9,010 km S 70° E of Adams (Ilocos Norte)
2025-02-15 09:46:00,11.60,125.37,21,1.7,018 km N 52° W of Maydolong (Eastern Samar)
2025-02-15 09:43:00,11.40,125.46,28,1.5,012 km S 23° W of Maydolong (Eastern Samar)
2025-02-15 09:34:00,11.52,125.56,21,1.7,007 km N 77° E of Maydolong (Eastern Samar)
2025-02-15 09:33:00,11.50,125.59,26,1.8,010 km S 88° E of Maydolong (Eastern Samar)
2025-02-15 09:30:00,11.64,125.47,11,1.4,015 km N 11° W of Maydolong (Eastern Samar)
2025-02-15 09:28:00,11.60,125.54,17,1.6,012 km N 23° E of Maydolong (Eastern Samar)
2025-02-15 09:20:00,11.51,125.63,3,3.0,014 km N 85° E of Maydolong (Eastern Samar)
2025-02-15 09:18:00,11.54,125.95,12,5.2,043 km N 60° E of Hernani (Eastern Samar)
2025-02-15 08:38:00,7.96,126.21,25,2.2,019 km S 63° E of Trento (Agusan Del Sur)
2025-02-15 08:28:00,12.82,122.98,20,4.9,031 km S 72° W of Claveria (Masbate)
2025-02-15 08:26:00,11.72,125.46,4,2.3,004 km S 15° E of San Julian (Eastern Samar)
2025-02-15 08:18:00,9.43,122.63,13,1.8,003 km N 20° W of Basay (Negros Oriental)
2025-02-15 07:44:00,8.02,124.61,6,2.4,024 km S 03° E of Talakag (Bukidnon)
2025-02-15 07:41:00,11.52,125.58,10,2.0,009 km N 77° E of Maydolong (Eastern Samar)
2025-02-15 07:12:00,11.56,125.88,12,2.8,037 km N 51° E of Hernani (Eastern Samar)
2025-02-15 06:46:00,10.01,125.47,9,1.5,011 km S 85° W of San Jose (Dinagat Islands)
2025-02-15 06:41:00,18.06,121.55,33,1.6,006 km N 89° W of Lasam (Cagayan)
2025-02-15 06:17:00,11.53,125.85,10,3.3,032 km N 51° E of Hernani (Eastern Samar)
2025-02-15 05:53:00,9.56,126.02,2,2.1,009 km S 44° E of Socorro (Surigao Del Norte)
2025-02-15 05:47:00,11.51,125.83,6,2.7,030 km N 53° E of Hernani (Eastern Samar)
2025-02-15 05:09:00,12.57,124.79,31,1.9,007 km N 36° E of Mondragon (Northern Samar)
2025-02-15 05:02:00,8.53,127.01,4,2.0,076 km N 77° E of Hinatuan (Surigao Del Sur)
2025-02-15 04:51:00,11.50,125.65,5,2.6,017 km N 11° E of Hernani (Eastern Samar)
2025-02-15 04:39:00,5.39,125.92,52,2.0,051 km S 80° E of Sarangani Island (Municipality Of Sarangani) (Davao Occidental)
2025-02-15 04:18:00,10.52,125.99,73,2.1,038 km S 51° E of Homonhon Island (Guiuan) (Eastern Samar)
2025-02-15 03:55:00,11.55,125.83,7,3.9,033 km N 47° E of Hernani (Eastern Samar)
2025-02-15 02:43:00,17.41,119.40,16,2.7,104 km S 79° W of Santa Catalina (Ilocos Sur)
2025-02-15 02:33:00,11.57,125.56,16,2.2,010 km N 40° E of Maydolong (Eastern Samar)
2025-02-15 02:24:00,11.52,125.72,8,2.8,022 km N 31° E of Hernani (Eastern Samar)
2025-02-15 02:16:00,11.40,125.74,2,2.0,015 km N 64° E of Hernani (Eastern Samar)
2025-02-15 02:06:00,7.33,125.85,19,2.1,003 km N 20° W of Mabini (Davao De Oro)
2025-02-15 01:59:00,12.49,123.64,7,1.6,013 km N 85° W of San Fernando (Masbate)
2025-02-15 01:45:00,11.49,125.86,6,3.8,031 km N 59° E of Hernani (Eastern Samar)
2025-02-15 01:45:00,12.93,120.89,16,1.4,015 km N 50° E of Sablayan (Occidental Mindoro)
2025-02-15 01:35:00,7.67,126.86,25,2.2,034 km N 72° E of Baganga (Davao Oriental)
2025-02-15 01:21:00,9.31,126.14,50,2.0,007 km N 56° W of Cortes (Surigao Del Sur)
2025-02-15 00:50:00,10.73,126.16,16,2.6,047 km S 88° E of Homonhon Island (Guiuan) (Eastern Samar)
2025-02-15 00:40:00,15.68,121.55,30,1.3,005 km S 38° E of San Luis (Aurora)
2025-02-15 00:36:00,11.48,125.91,2,3.5,035 km N 66° E of Hernani (Eastern Samar)
2025-02-14 23:42:00,11.49,125.78,5,2.6,024 km N 48° E of Hernani (Eastern Samar)
2025-02-14 23:40:00,8.04,124.87,1,1.6,017 km N 74° W of Lantapan (Bukidnon)
2025-02-14 23:38:00,8.07,126.55,27,1.5,016 km N 76° E of Lingig (Surigao Del Sur)
2025-02-14 23:17:00,10.38,123.09,7,2.3,010 km N 49° E of La Castellana (Negros Occidental)
2025-02-14 22:49:00,11.64,125.68,9,1.5,025 km N 53° E of Maydolong (Eastern Samar)
2025-02-14 22:44:00,2.02,126.86,74,4.1,408 km S 23° E of Balut Island (Municipality Of Sarangani) (Davao Occidental)
2025-02-14 22:22:00,8.46,125.88,11,2.2,011 km N 81° E of Talacogon (Agusan Del Sur)
2025-02-14 22:21:00,11.49,125.78,12,3.5,024 km N 48° E of Hernani (Eastern Samar)
2025-02-14 22:18:00,11.53,125.83,14,4.2,031 km N 50° E of Hernani (Eastern Samar)
2025-02-14 22:08:00,11.55,125.47,21,1.5,007 km N 32° W of Maydolong (Eastern Samar)
2025-02-14 21:57:00,11.49,125.81,12,3.3,026 km N 53° E of Hernani (Eastern Samar)
2025-02-14 21:46:00,11.52,125.57,20,1.7,008 km N 77° E of Maydolong (Eastern Samar)
2025-02-14 21:39:00,11.50,125.71,15,2.2,020 km N 32° E of Hernani (Eastern Samar)
2025-02-14 21:38:00,11.47,125.80,4,2.7,024 km N 55° E of Hernani (Eastern Samar)
2025-02-14 21:32:00,11.58,125.29,1,1.5,025 km N 68° W of Maydolong (Eastern Samar)
2025-02-14 21:29:00,11.50,125.60,22,1.4,010 km S 86° E of Maydolong (Eastern Samar)
2025-02-14 21:27:00,11.60,125.45,24,1.5,012 km N 27° W of Maydolong (Eastern Samar)
2025-02-14 21:26:00,11.57,125.51,10,2.1,007 km N 06° E of Maydolong (Eastern Samar)
2025-02-14 21:24:00,11.57,125.55,1,2.6,010 km N 37° E of Maydolong (Eastern Samar)
2025-02-14 21:22:00,11.58,125.84,13,4.1,035 km N 44° E of Hernani (Eastern Samar)
2025-02-14 21:15:00,11.48,125.68,16,2.1,016 km N 25° E of Hernani (Eastern Samar)
2025-02-14 21:13:00,9.20,125.68,27,1.9,015 km S 62° E of Santiago (Agusan Del Norte)
2025-02-14 21:10:00,11.54,125.64,13,1.7,016 km N 73° E of Maydolong (Eastern Samar)
2025-02-14 21:07:00,11.53,125.57,13,1.4,008 km N 70° E of Maydolong (Eastern Samar)
2025-02-14 21:07:00,11.56,125.62,19,1.6,015 km N 65° E of Maydolong (Eastern Samar)
2025-02-14 21:06:00,11.48,125.66,11,1.7,015 km N 19° E of Hernani (Eastern Samar)
2025-02-14 21:02:00,11.49,125.72,7,3.4,020 km N 35° E of Hernani (Eastern Samar)
2025-02-14 21:00:00,11.49,125.69,1,2.2,018 km N 28° E of Hernani (Eastern Samar)
2025-02-14 20:50:00,11.56,125.96,10,5.3,045 km N 58° E of Hernani (Eastern Samar)
2025-02-14 20:39:00,10.14,125.16,11,2.5,005 km S 66° E of Liloan (Southern Leyte)
2025-02-14 20:30:00,10.26,122.35,1,2.2,035 km S 44° W of Nueva Valencia (Guimaras)
2025-02-14 20:21:00,10.28,125.94,22,3.4,030 km N 20° W of Santa Monica (Surigao Del Norte)
2025-02-14 19:57:00,9.93,126.40,9,2.7,031 km N 59° E of General Luna (Surigao Del Norte)
2025-02-14 19:53:00,17.41,120.35,19,2.7,012 km S 44° W of Santa (Ilocos Sur)
2025-02-14 19:44:00,6.16,126.12,121,1.5,047 km S 85° E of Don Marcelino (Davao Occidental)
2025-02-14 19:44:00,12.29,124.98,36,1.2,008 km S 43° W of Las Navas (Northern Samar)
2025-02-14 18:48:00,6.44,125.91,32,1.9,029 km S 38° W of Governor Generoso (Davao Oriental)
2025-02-14 17:31:00,9.36,126.16,31,2.4,011 km N 22° W of Cortes (Surigao Del Sur)
2025-02-14 15:55:00,9.97,125.16,8,3.3,010 km S 01° W of San Francisco (Southern Leyte)
2025-02-14 15:46:00,8.82,126.36,33,2.0,008 km N 82° E of Marihatag (Surigao Del Sur)
2025-02-14 15:30:00,9.12,123.21,5,2.5,002 km N 22° E of Zamboanguita (Negros Oriental)
2025-02-14 15:28:00,8.02,124.65,7,3.2,026 km N 08° W of Amai Manabilang (Lanao Del Sur)
2025-02-14 15:09:00,12.82,121.38,16,2.4,010 km S 60° W of Bansud (Oriental Mindoro)
2025-02-14 14:52:00,11.00,125.60,27,2.8,014 km S 75° W of Guiuan (Eastern Samar)
2025-02-14 14:30:00,7.16,123.34,4,2.0,032 km S 05° E of Pitogo (Zamboanga Del Sur)
2025-02-14 13:57:00,8.00,124.68,7,2.5,023 km N 01° E of Amai Manabilang (Lanao Del Sur)
2025-02-14 13:56:00,8.03,126.25,29,1.5,018 km S 87° W of Lingig (Surigao Del Sur)
2025-02-14 13:22:00,8.58,126.31,29,1.8,021 km N 76° E of Barobo (Surigao Del Sur)
2025-02-14 10:04:00,6.95,123.74,8,4.0,033 km S 68° W of Datu Blah T. Sinsuat (Maguindanao Del Norte)
2025-02-14 08:44:00,8.11,123.37,7,1.8,005 km S 24° E of Dumingag (Zamboanga Del Sur)
2025-02-14 06:46:00,11.53,125.64,9,2.4,016 km N 76° E of Maydolong (Eastern Samar)
2025-02-14 06:45:00,11.53,125.36,4,1.7,012 km S 41° W of City Of Borongan (Eastern Samar)
2025-02-14 05:13:00,13.66,120.59,186,1.7,019 km S 15° W of Calatagan (Batangas)
2025-02-14 04:50:00,15.00,122.75,19,2.4,056 km N 53° E of Jomalig (Quezon)
2025-02-14 04:24:00,7.93,126.94,12,1.6,055 km N 74° E of Cateel (Davao Oriental)
2025-02-14 03:47:00,9.23,126.20,34,1.7,005 km S 08° E of Cortes (Surigao Del Sur)
2025-02-14 03:22:00,10.44,122.38,12,1.8,020 km S 63° W of Nueva Valencia (Guimaras)
2025-02-14 03:18:00,10.39,123.21,2,2.7,001 km N 82° W of City Of Canlaon (Negros Oriental)
2025-02-14 03:04:00,16.44,122.22,31,2.0,005 km N 07° E of Dilasag (Aurora)
2025-02-14 02:40:00,15.59,119.94,28,2.2,004 km S 16° E of Candelaria (Zambales)
2025-02-14 01:57:00,11.51,125.85,13,3.0,031 km N 54° E of Hernani (Eastern Samar)
2025-02-14 01:38:00,11.18,124.66,4,1.7,011 km S 85° E of Kananga (Leyte)
2025-02-14 01:38:00,11.19,124.65,4,1.6,010 km N 88° E of Kananga (Leyte)
2025-02-14 01:13:00,8.88,126.48,27,4.0,028 km S 84° E of Cagwait (Surigao Del Sur)
2025-02-14 01:04:00,6.60,123.94,23,3.0,013 km N 66° W of Kalamansig (Sultan Kudarat)
2025-02-14 00:56:00,16.86,121.12,34,1.7,007 km North of Lagawe (Ifugao)
2025-02-14 00:48:00,13.51,120.74,5,2.6,008 km N 09° E of Abra De Ilog (Occidental Mindoro)
2025-02-14 00:15:00,17.95,120.36,37,1.8,013 km N 79° W of Badoc (Ilocos Norte)
2025-02-14 00:10:00,10.40,125.09,2,2.4,012 km N 89° W of Hinunangan (Southern Leyte)
2025-02-13 23:56:00,13.68,120.63,97,1.6,016 km S 01° E of Calatagan (Batangas)
2025-02-13 22:39:00,17.49,120.55,1,2.5,005 km N 29° E of Nagbukel (Ilocos Sur)
2025-02-13 22:12:00,12.73,121.26,32,1.3,025 km S 84° W of Bongabong (Oriental Mindoro)
2025-02-13 21:22:00,14.47,123.59,56,3.3,061 km N 36° E of Siruma (Camarines Sur)
2025-02-13 21:01:00,7.86,127.03,12,2.0,060 km N 58° E of Baganga (Davao Oriental)
2025-02-13 21:00:00,10.57,126.19,57,2.3,055 km S 69° E of Homonhon Island (Guiuan) (Eastern Samar)
2025-02-13 20:53:00,13.79,120.56,104,2.3,009 km S 56° W of Calatagan (Batangas)
2025-02-13 19:17:00,7.03,125.93,33,2.3,011 km S 18° E of Pantukan (Davao De Oro)
2025-02-13 17:58:00,8.40,126.64,29,2.7,033 km N 84° E of Hinatuan (Surigao Del Sur)
2025-02-13 17:25:00,8.24,126.70,21,1.9,039 km N 55° E of Lingig (Surigao Del Sur)
2025-02-13 17:13:00,11.42,125.36,27,2.3,018 km S 62° W of Maydolong (Eastern Samar)
2025-02-13 13:42:00,10.41,123.21,6,2.5,003 km N 23° W of City Of Canlaon (Negros Oriental)
2025-02-13 10:42:00,8.60,126.04,22,1.9,007 km S 59° W of Lianga (Surigao Del Sur)
2025-02-13 10:16:00,9.17,126.05,39,2.3,007 km S 10° W of Lanuza (Surigao Del Sur)
2025-02-13 10:09:00,17.22,120.62,7,2.4,011 km S 68° W of Tubo (Abra)
2025-02-13 09:17:00,13.57,120.67,93,1.3,015 km N 23° W of Abra De Ilog (Occidental Mindoro)
2025-02-13 07:32:00,17.98,121.17,8,1.7,005 km S 14° W of Kabugao (Apayao)
2025-02-13 07:26:00,11.81,125.66,9,2.8,023 km N 75° E of San Julian (Eastern Samar)
2025-02-13 06:50:00,16.51,120.53,18,2.3,010 km N 44° W of La Trinidad (Benguet)
2025-02-13 05:51:00,17.86,121.32,23,2.7,004 km N 58° W of Rizal (Cagayan)
2025-02-13 05:29:00,13.66,120.61,106,3.1,019 km S 07° W of Calatagan (Batangas)
2025-02-13 05:14:00,12.71,123.30,27,1.3,022 km S 16° E of Claveria (Masbate)
2025-02-13 04:32:00,12.40,124.65,26,2.0,011 km S 09° E of Catarman (Northern Samar)
2025-02-13 04:31:00,17.21,120.94,33,1.2,010 km N 66° W of Sadanga (Mountain Province)
2025-02-13 03:34:00,18.78,121.17,20,1.6,022 km S 69° W of Fuga Island (Aparri) (Cagayan)
2025-02-13 02:46:00,13.97,120.51,86,1.5,021 km N 41° W of Calatagan (Batangas)
2025-02-13 02:11:00,19.88,121.09,31,2.9,080 km N 31° W of Calayan (Cagayan)
2025-02-13 02:05:00,15.72,120.00,26,1.5,011 km S 66° E of Santa Cruz (Zambales)
2025-02-13 01:40:00,15.65,120.12,33,1.3,021 km N 83° E of Candelaria (Zambales)
2025-02-13 00:08:00,8.04,126.61,24,1.5,021 km S 90° E of Lingig (Surigao Del Sur)
2025-02-12 23:46:00,10.14,122.14,5,1.8,040 km S 36° E of Anini-y (Antique)
2025-02-12 23:46:00,13.77,120.60,93,1.7,008 km S 28° W of Calatagan (Batangas)
2025-02-12 23:34:00,19.03,121.19,5,3.0,008 km S 12° W of Dalupiri Island (Calayan) (Cagayan)
2025-02-12 23:24:00,18.67,121.27,70,1.5,012 km N 17° E of Sanchez-mira (Cagayan)
2025-02-12 23:19:00,12.36,120.89,12,2.1,013 km S 35° W of Rizal (Occidental Mindoro)
2025-02-12 23:14:00,10.76,125.28,11,2.3,029 km N 27° E of Silago (Southern Leyte)
2025-02-12 23:11:00,9.72,126.40,33,1.7,028 km S 75° E of General Luna (Surigao Del Norte)
2025-02-12 23:07:00,15.12,122.80,3,2.7,069 km N 47° E of Jomalig (Quezon)
2025-02-12 22:51:00,11.03,126.40,15,3.2,074 km S 90° E of Guiuan (Eastern Samar)
2025-02-12 22:49:00,13.67,120.62,102,2.4,018 km S 03° W of Calatagan (Batangas)
2025-02-12 21:56:00,19.56,121.26,9,2.5,040 km N 35° W of Calayan (Cagayan)
2025-02-12 20:50:00,5.88,125.52,27,2.3,014 km S 73° W of Jose Abad Santos (Davao Occidental)
2025-02-12 19:56:00,12.55,124.73,23,2.2,004 km N 27° W of Mondragon (Northern Samar)
2025-02-12 19:10:00,10.23,121.81,1,2.0,026 km S 31° W of Anini-y (Antique)
2025-02-12 17:15:00,13.90,125.20,25,3.1,088 km N 82° E of Gigmoto (Catanduanes)
2025-02-12 16:26:00,10.00,125.78,33,1.7,015 km N 54° E of Cagdianao (Dinagat Islands)
2025-02-12 16:08:00,12.09,125.58,33,4.2,016 km S 71° E of Oras (Eastern Samar)
2025-02-12 14:38:00,8.41,126.63,34,2.0,033 km N 82° E of Hinatuan (Surigao Del Sur)
2025-02-12 13:44:00,10.09,125.23,23,2.4,009 km N 67° E of San Francisco (Southern Leyte)
2025-02-12 12:23:00,13.84,120.48,70,2.0,016 km N 87° W of Calatagan (Batangas)
2025-02-12 12:02:00,6.07,126.45,125,2.2,077 km S 32° E of Governor Generoso (Davao Oriental)
2025-02-12 10:56:00,10.43,122.27,8,2.2,022 km S 39° E of San Joaquin (Iloilo)
2025-02-12 10:17:00,14.16,121.21,32,1.4,002 km S 20° W of Los Baños (Laguna)
2025-02-12 10:15:00,14.16,121.23,17,1.5,002 km S 08° E of Los Baños (Laguna)
2025-02-12 10:01:00,14.11,121.25,7,2.8,007 km S 21° E of Los Baños (Laguna)
2025-02-12 09:56:00,14.12,121.23,12,2.5,006 km S 03° E of Los Baños (Laguna)
2025-02-12 09:01:00,9.82,125.99,32,1.4,006 km S 27° E of Del Carmen (Surigao Del Norte)
2025-02-12 08:45:00,13.60,120.71,102,1.4,017 km N 07° W of Abra De Ilog (Occidental Mindoro)
2025-02-12 07:43:00,10.32,125.88,21,4.2,033 km S 82° E of Loreto (Dinagat Islands)
2025-02-12 07:18:00,18.66,120.86,19,4.5,014 km N 36° E of Pagudpud (Ilocos Norte)
2025-02-12 07:10:00,4.54,124.99,33,2.4,107 km S 26° W of Balut Island (Municipality Of Sarangani) (Davao Occidental)
2025-02-12 06:49:00,15.55,121.27,26,1.8,018 km S 85° E of City Of Palayan (Nueva Ecija)
2025-02-12 05:28:00,12.37,120.89,34,1.4,013 km S 40° W of Rizal (Occidental Mindoro)
2025-02-12 05:26:00,12.53,120.74,3,4.0,022 km S 79° W of Calintaan (Occidental Mindoro)
2025-02-12 04:05:00,13.44,120.58,2,1.6,013 km N 78° E of Paluan (Occidental Mindoro)
2025-02-12 03:40:00,7.90,126.01,33,1.9,009 km N 27° W of Monkayo (Davao De Oro)
2025-02-12 03:34:00,7.56,122.33,17,1.6,011 km S 63° W of Tungawan (Zamboanga Sibugay)
2025-02-12 03:13:00,13.39,120.60,1,1.8,015 km S 67° W of Abra De Ilog (Occidental Mindoro)
2025-02-12 03:08:00,12.26,120.98,33,1.7,014 km S 42° W of San Jose (Occidental Mindoro)
2025-02-12 03:05:00,13.78,120.57,97,1.4,009 km S 48° W of Calatagan (Batangas)
2025-02-12 03:03:00,8.85,126.39,42,2.3,011 km N 60° E of Marihatag (Surigao Del Sur)
2025-02-12 03:01:00,6.86,125.06,9,2.7,012 km S 15° W of Makilala (Cotabato)
2025-02-12 02:33:00,10.16,125.36,14,2.0,020 km S 79° W of Libjo (Dinagat Islands)
2025-02-12 02:21:00,8.81,126.51,15,2.0,023 km N 88° E of Marihatag (Surigao Del Sur)
2025-02-12 02:07:00,8.67,126.48,33,1.7,024 km S 54° E of Marihatag (Surigao Del Sur)
2025-02-12 01:48:00,18.62,120.84,6,1.6,008 km N 39° E of Pagudpud (Ilocos Norte)
2025-02-12 01:26:00,13.87,120.58,177,1.6,007 km N 54° W of Calatagan (Batangas)
2025-02-12 00:58:00,10.33,125.24,5,2.0,003 km S 42° W of Hinundayan (Southern Leyte)
2025-02-12 00:53:00,17.77,120.74,13,2.5,006 km N 31° E of Lagayan (Abra)
2025-02-12 00:41:00,7.83,124.90,32,1.5,008 km S 88° E of Pangantucan (Bukidnon)
2025-02-12 00:09:00,8.29,122.41,24,1.8,028 km N 26° W of Labason (Zamboanga Del Norte)
2025-02-11 23:33:00,18.33,121.22,35,1.5,014 km S 90° W of Luna (Apayao)
2025-02-11 23:06:00,7.65,126.72,24,1.9,019 km N 66° E of Baganga (Davao Oriental)
2025-02-11 23:05:00,5.79,126.28,61,1.6,071 km S 79° E of Jose Abad Santos (Davao Occidental)
2025-02-11 23:04:00,16.37,119.74,15,2.9,016 km S 81° W of Bolinao (Pangasinan)
2025-02-11 21:51:00,13.78,120.61,104,1.6,006 km S 25° W of Calatagan (Batangas)
2025-02-11 21:34:00,13.77,120.58,101,1.4,009 km S 39° W of Calatagan (Batangas)
2025-02-11 21:27:00,17.48,122.53,33,2.5,030 km N 55° E of Divilacan (Isabela)
2025-02-11 21:24:00,15.52,121.85,17,2.5,041 km S 49° E of Baler (Aurora)
2025-02-11 21:17:00,16.55,120.45,109,3.3,003 km N 18° W of Burgos (La Union)
2025-02-11 21:02:00,12.67,121.32,21,1.9,020 km S 64° W of Bongabong (Oriental Mindoro)
2025-02-11 20:26:00,13.45,120.59,9,2.5,014 km N 77° E of Paluan (Occidental Mindoro)
2025-02-11 20:21:00,9.95,123.24,2,2.2,005 km S 46° E of Jimalalud (Negros Oriental)
2025-02-11 20:01:00,18.71,120.87,15,3.7,019 km N 29° E of Pagudpud (Ilocos Norte)
2025-02-11 19:40:00,13.42,120.07,19,1.5,038 km S 31° W of Looc (Occidental Mindoro)
2025-02-11 19:30:00,17.77,119.50,19,2.3,094 km N 78° W of Santa Catalina (Ilocos Sur)
2025-02-11 19:25:00,7.32,124.78,4,2.2,013 km N 10° W of Carmen (Cotabato)
2025-02-11 19:19:00,17.77,119.49,20,3.5,095 km N 78° W of Santa Catalina (Ilocos Sur)
2025-02-11 19:10:00,8.51,126.51,30,1.5,025 km N 50° E of Hinatuan (Surigao Del Sur)
2025-02-11 18:42:00,17.12,122.70,16,2.3,030 km N 78° E of Palanan (Isabela)
2025-02-11 14:04:00,8.30,125.91,9,2.1,012 km N 79° E of La Paz (Agusan Del Sur)
2025-02-11 13:23:00,9.76,124.67,10,2.7,011 km N 78° E of Anda (Bohol)
2025-02-11 09:18:00,7.68,125.32,7,2.3,024 km S 81° E of Quezon (Bukidnon)
2025-02-11 09:08:00,13.95,120.49,77,1.8,020 km N 50° W of Calatagan (Batangas)
2025-02-11 08:50:00,13.71,120.62,109,1.8,013 km S 08° W of Calatagan (Batangas)
2025-02-11 07:31:00,12.53,123.67,4,2.1,008 km S 59° W of San Jacinto (Masbate)
2025-02-11 07:28:00,10.44,125.96,15,2.9,042 km S 39° E of Homonhon Island (Guiuan) (Eastern Samar)
2025-02-11 07:28:00,12.50,125.40,15,2.3,016 km N 80° E of Mapanas (Northern Samar)
2025-02-11 06:23:00,8.68,126.64,22,1.7,040 km S 71° E of Marihatag (Surigao Del Sur)
2025-02-11 06:02:00,21.64,120.17,25,3.1,198 km N 62° W of Itbayat (Batanes)
2025-02-11 05:31:00,17.95,120.50,27,2.0,003 km S 84° W of Pinili (Ilocos Norte)
2025-02-11 04:51:00,9.63,122.03,2,2.4,047 km S 71° W of City Of Sipalay (Negros Occidental)
2025-02-11 04:51:00,10.12,122.29,5,1.5,042 km N 23° W of City Of Sipalay (Negros Occidental)
2025-02-11 04:24:00,8.68,123.08,33,1.6,018 km N 05° W of Manukan (Zamboanga Del Norte)
2025-02-11 04:01:00,8.71,126.49,17,2.2,024 km S 64° E of Marihatag (Surigao Del Sur)
2025-02-11 03:30:00,7.80,126.78,20,1.7,035 km N 44° E of Baganga (Davao Oriental)
2025-02-11 03:25:00,8.76,126.45,29,2.5,017 km S 75° E of Marihatag (Surigao Del Sur)
2025-02-11 03:07:00,9.21,126.30,33,1.5,014 km S 58° E of Cortes (Surigao Del Sur)
2025-02-11 02:25:00,4.99,127.46,146,4.3,225 km S 63° E of Jose Abad Santos (Davao Occidental)
2025-02-11 01:22:00,6.36,124.76,10,2.5,002 km S 38° E of Surallah (South Cotabato)
2025-02-11 01:22:00,10.38,125.25,1,2.1,004 km N 14° W of Hinundayan (Southern Leyte)
2025-02-11 00:21:00,9.18,126.46,21,2.2,031 km S 71° E of Cortes (Surigao Del Sur)
2025-02-11 00:20:00,9.97,126.05,5,3.0,005 km N 77° E of San Benito (Surigao Del Norte)
2025-02-10 22:55:00,14.01,120.43,112,2.3,023 km S 72° W of Nasugbu (Batangas)
2025-02-10 22:30:00,13.29,120.34,30,2.0,019 km S 45° W of Paluan (Occidental Mindoro)
2025-02-10 22:15:00,18.02,120.77,8,4.0,009 km S 04° W of Solsona (Ilocos Norte)
2025-02-10 22:11:00,18.25,122.75,16,2.8,069 km S 70° E of Santa Ana (Cagayan)
2025-02-10 22:09:00,6.09,125.94,144,3.6,038 km N 59° E of Jose Abad Santos (Davao Occidental)
2025-02-10 21:38:00,18.09,120.99,22,2.3,019 km S 73° E of Carasi (Ilocos Norte)
2025-02-10 21:18:00,19.05,121.18,7,2.5,007 km S 23° W of Dalupiri Island (Calayan) (Cagayan)
2025-02-10 20:21:00,8.47,125.85,11,3.4,008 km N 72° E of Talacogon (Agusan Del Sur)
2025-02-10 20:16:00,11.14,124.52,35,2.0,007 km S 42° W of Kananga (Leyte)
2025-02-10 20:01:00,8.81,126.71,10,1.9,045 km N 89° E of Marihatag (Surigao Del Sur)
2025-02-10 19:53:00,7.43,124.15,23,2.5,009 km S 18° E of Balabagan (Lanao Del Sur)
2025-02-10 19:49:00,10.44,125.53,16,2.6,010 km N 32° W of Loreto (Dinagat Islands)
2025-02-10 19:01:00,11.78,125.79,10,2.1,037 km N 85° E of San Julian (Eastern Samar)
2025-02-10 18:58:00,11.74,126.05,2,3.1,065 km S 89° E of San Julian (Eastern Samar)
2025-02-10 18:45:00,7.88,127.21,20,1.9,079 km N 64° E of Baganga (Davao Oriental)
2025-02-10 18:44:00,7.90,127.18,13,2.4,077 km N 62° E of Baganga (Davao Oriental)
2025-02-10 18:07:00,7.93,126.94,6,3.1,058 km N 47° E of Baganga (Davao Oriental)
2025-02-10 17:53:00,11.46,126.31,1,3.2,076 km N 81° E of Hernani (Eastern Samar)
2025-02-10 16:52:00,6.26,124.22,64,1.5,006 km N 36° E of Palimbang (Sultan Kudarat)
2025-02-10 16:10:00,13.96,120.50,93,2.4,020 km S 49° W of Nasugbu (Batangas)
2025-02-10 16:08:00,8.05,126.94,2,2.9,058 km N 89° E of Lingig (Surigao Del Sur)
2025-02-10 13:17:00,11.02,125.17,13,2.2,011 km S 28° W of Marabut (Samar)
2025-02-10 13:10:00,16.03,119.55,5,2.9,028 km S 69° W of Agno (Pangasinan)
2025-02-10 12:58:00,17.03,119.86,33,2.3,058 km N 71° W of Luna (La Union)
2025-02-10 12:39:00,7.96,126.69,11,1.9,032 km N 54° E of Cateel (Davao Oriental)
2025-02-10 12:34:00,9.25,126.34,32,1.8,016 km S 79° E of Cortes (Surigao Del Sur)
2025-02-10 11:35:00,10.42,123.19,2,2.0,005 km N 38° W of City Of Canlaon (Negros Oriental)
2025-02-10 10:38:00,14.13,120.56,123,2.2,010 km N 50° W of Nasugbu (Batangas)
2025-02-10 09:39:00,8.95,126.52,18,2.2,024 km N 82° E of Cagwait (Surigao Del Sur)
2025-02-10 06:00:00,8.64,126.47,33,2.6,026 km S 47° E of Marihatag (Surigao Del Sur)
2025-02-10 04:29:00,8.90,122.57,4,3.3,055 km S 70° W of Siaton (Negros Oriental)
2025-02-10 04:10:00,10.55,125.96,77,2.1,034 km S 51° E of Homonhon Island (Guiuan) (Eastern Samar)
2025-02-10 03:45:00,16.76,119.88,14,2.3,041 km N 01° W of Bolinao (Pangasinan)
2025-02-10 03:12:00,13.46,120.68,1,2.1,006 km N 67° W of Abra De Ilog (Occidental Mindoro)
2025-02-10 03:02:00,4.44,127.69,163,3.3,271 km S 65° E of Sarangani Island (Municipality Of Sarangani) (Davao Occidental)
2025-02-10 02:47:00,6.56,127.01,23,2.6,082 km S 49° E of Tarragona (Davao Oriental)
2025-02-10 02:40:00,17.64,120.52,19,2.0,009 km N 33° W of Langiden (Abra)
2025-02-10 02:17:00,9.33,125.94,22,2.1,013 km N 38° W of Carmen (Surigao Del Sur)
2025-02-09 21:49:00,8.30,126.49,33,2.0,019 km S 66° E of Hinatuan (Surigao Del Sur)
2025-02-09 21:46:00,6.91,126.35,32,2.2,016 km S 74° E of City Of Mati (Davao Oriental)
2025-02-09 21:10:00,13.95,120.54,90,1.7,016 km N 38° W of Calatagan (Batangas)
2025-02-09 17:52:00,11.96,122.06,11,2.4,015 km S 43° E of San Jose (Romblon)
2025-02-09 17:52:00,13.18,125.30,23,2.3,071 km N 17° E of Palapag (Northern Samar)
2025-02-09 17:23:00,9.29,126.55,16,2.3,040 km N 87° E of Cortes (Surigao Del Sur)
2025-02-09 16:08:00,8.64,127.47,17,3.4,128 km N 76° E of Hinatuan (Surigao Del Sur)
2025-02-09 15:28:00,12.03,124.99,84,2.1,005 km S 49° W of San Jose De Buan (Samar)
2025-02-09 13:53:00,10.11,125.19,13,2.3,007 km N 32° E of San Francisco (Southern Leyte)
2025-02-09 13:50:00,9.77,126.38,11,2.2,024 km S 87° E of General Luna (Surigao Del Norte)
2025-02-09 12:38:00,6.11,124.61,16,1.7,013 km N 09° W of Kiamba (Sarangani)
2025-02-09 11:51:00,8.81,126.27,4,1.9,003 km N 70° W of Marihatag (Surigao Del Sur)
2025-02-09 10:32:00,12.00,120.68,6,2.0,052 km S 90° E of Coron (Palawan)
2025-02-09 10:18:00,7.96,127.01,6,3.2,066 km S 82° E of Lingig (Surigao Del Sur)
2025-02-09 09:33:00,9.89,125.48,21,1.4,011 km N 06° W of City Of Surigao (Surigao Del Norte)
2025-02-09 09:28:00,8.68,126.30,69,2.5,011 km S 49° E of San Agustin (Surigao Del Sur)
2025-02-09 09:05:00,14.94,121.43,24,2.0,029 km N 45° W of General Nakar (Quezon)
2025-02-09 07:14:00,19.25,121.18,3,3.2,016 km N 09° W of Dalupiri Island (Calayan) (Cagayan)
2025-02-09 07:09:00,13.91,120.54,89,1.3,013 km N 48° W of Calatagan (Batangas)
2025-02-09 05:59:00,8.56,126.51,21,1.6,029 km N 41° E of Hinatuan (Surigao Del Sur)
2025-02-09 05:22:00,13.22,120.64,21,2.0,005 km S 76° E of Mamburao (Occidental Mindoro)
2025-02-09 05:15:00,8.54,126.75,3,2.6,049 km N 68° E of Hinatuan (Surigao Del Sur)
2025-02-09 04:15:00,18.30,120.64,28,1.7,004 km S 27° E of Pasuquin (Ilocos Norte)
2025-02-09 03:35:00,5.91,126.15,59,2.5,056 km S 90° E of Jose Abad Santos (Davao Occidental)
2025-02-09 03:33:00,11.26,124.40,31,1.3,005 km N 08° E of Villaba (Leyte)
2025-02-09 02:52:00,8.40,122.38,17,2.3,040 km N 23° W of Labason (Zamboanga Del Norte)
2025-02-09 00:58:00,6.06,124.80,8,1.7,021 km N 67° E of Kiamba (Sarangani)
2025-02-09 00:48:00,9.76,126.12,23,3.1,004 km S 59° W of General Luna (Surigao Del Norte)
2025-02-08 23:47:00,11.51,124.42,1,2.1,006 km S 20° E of Naval (Biliran)
2025-02-08 23:34:00,7.91,126.60,17,2.0,021 km N 50° E of Cateel (Davao Oriental)
2025-02-08 23:31:00,15.47,119.99,30,1.7,008 km S 24° E of Masinloc (Zambales)
2025-02-08 23:30:00,3.85,126.71,70,4.1,224 km S 40° E of Balut Island (Municipality Of Sarangani) (Davao Occidental)
2025-02-08 23:29:00,5.77,125.17,22,1.6,007 km S 36° W of Glan (Sarangani)
2025-02-08 22:40:00,13.79,120.63,109,1.8,004 km S 10° W of Calatagan (Batangas)
2025-02-08 22:32:00,18.76,120.75,7,2.0,027 km N 14° W of Dumalneg (Ilocos Norte)
2025-02-08 21:19:00,9.02,123.01,7,1.9,006 km S 31° W of Siaton (Negros Oriental)
2025-02-08 21:18:00,17.92,120.13,15,2.0,035 km N 80° W of Sinait (Ilocos Sur)
2025-02-08 21:04:00,17.48,120.66,10,3.7,006 km N 37° E of Villaviciosa (Abra)
2025-02-08 20:56:00,17.52,119.98,7,2.4,042 km S 79° W of Santa Catalina (Ilocos Sur)
2025-02-08 20:15:00,8.24,123.33,20,2.5,010 km N 09° W of Dumingag (Zamboanga Del Sur)
2025-02-08 20:00:00,5.05,126.67,43,3.9,149 km S 50° E of Jose Abad Santos (Davao Occidental)
2025-02-08 19:54:00,8.58,126.63,8,2.5,040 km N 54° E of Hinatuan (Surigao Del Sur)
2025-02-08 19:34:00,8.60,126.52,23,2.8,033 km N 38° E of Hinatuan (Surigao Del Sur)
2025-02-08 17:49:00,7.95,126.47,6,1.9,012 km S 36° E of Lingig (Surigao Del Sur)
2025-02-08 17:19:00,12.28,124.97,29,2.0,009 km S 46° W of Las Navas (Northern Samar)
2025-02-08 16:35:00,6.46,127.12,1,4.1,099 km S 49° E of Tarragona (Davao Oriental)
2025-02-08 16:35:00,9.25,126.28,13,1.9,010 km S 76° E of Cortes (Surigao Del Sur)
2025-02-08 12:22:00,14.01,120.20,57,3.4,019 km N 25° E of Lubang (Occidental Mindoro)
2025-02-08 11:00:00,8.45,126.63,25,2.4,033 km N 74° E of Hinatuan (Surigao Del Sur)
2025-02-08 10:31:00,13.95,120.55,87,1.4,016 km N 34° W of Calatagan (Batangas)
2025-02-08 09:26:00,10.00,125.19,11,3.1,007 km S 26° E of San Francisco (Southern Leyte)
2025-02-08 07:35:00,13.00,121.13,26,1.4,026 km S 41° W of Victoria (Oriental Mindoro)
2025-02-08 06:30:00,17.48,120.27,24,1.6,014 km S 56° W of Caoayan (Ilocos Sur)
2025-02-08 05:09:00,9.46,123.42,33,1.1,007 km S 12° W of Oslob (Cebu)
2025-02-08 04:34:00,11.71,125.85,10,3.0,043 km S 83° E of San Julian (Eastern Samar)
2025-02-08 04:20:00,15.18,119.17,13,2.2,085 km S 70° W of Palauig (Zambales)
2025-02-08 04:17:00,12.31,120.48,1,1.7,046 km N 40° E of Coron (Palawan)
2025-02-08 04:14:00,16.47,121.11,1,2.8,004 km S 65° W of Bayombong (Nueva Vizcaya)
2025-02-08 03:55:00,11.54,124.44,12,1.9,005 km S 52° E of Naval (Biliran)
2025-02-08 03:48:00,13.66,119.46,79,2.0,075 km S 73° W of Lubang (Occidental Mindoro)
2025-02-08 03:07:00,7.99,124.62,9,2.5,024 km N 16° W of Amai Manabilang (Lanao Del Sur)
2025-02-08 02:50:00,9.00,126.48,22,1.8,021 km N 82° E of Bayabas (Surigao Del Sur)
2025-02-08 02:26:00,8.84,126.09,35,2.1,013 km S 24° E of San Miguel (Surigao Del Sur)
2025-02-08 02:11:00,13.78,120.61,97,1.6,007 km S 26° W of Calatagan (Batangas)
2025-02-08 01:52:00,8.80,126.41,23,2.0,013 km N 88° E of Marihatag (Surigao Del Sur)
2025-02-08 01:38:00,7.34,124.79,7,2.0,015 km N 04° W of Carmen (Cotabato)
2025-02-08 01:07:00,7.77,122.59,29,1.5,001 km S 22° E of Ipil (Zamboanga Sibugay)
2025-02-08 00:17:00,3.52,127.57,125,4.8,317 km S 49° E of Balut Island (Municipality Of Sarangani) (Davao Occidental)
2025-02-07 23:39:00,13.55,120.57,61,3.5,019 km N 38° E of Paluan (Occidental Mindoro)
2025-02-07 23:22:00,13.65,120.87,32,1.4,001 km S 37° W of Tingloy (Batangas)
2025-02-07 23:21:00,12.28,122.05,32,2.2,003 km N 14° W of Alcantara (Romblon)
2025-02-07 23:16:00,6.61,123.73,16,2.2,036 km N 80° W of Kalamansig (Sultan Kudarat)
2025-02-07 23:14:00,6.61,123.73,15,2.1,036 km N 80° W of Kalamansig (Sultan Kudarat)
2025-02-07 22:39:00,10.01,125.17,13,2.0,005 km S 18° E of San Francisco (Southern Leyte)
2025-02-07 22:36:00,14.00,122.50,2,2.0,006 km N 48° W of Tagkawayan (Quezon)
2025-02-07 22:35:00,17.77,120.69,19,1.6,006 km N 15° W of Lagayan (Abra)
2025-02-07 21:43:00,3.16,127.22,16,4.1,320 km S 39° E of Balut Island (Municipality Of Sarangani) (Davao Occidental)
2025-02-07 21:43:00,13.70,120.59,76,1.5,015 km S 18° W of Calatagan (Batangas)
2025-02-07 19:42:00,6.62,126.97,154,2.4,074 km S 50° E of Tarragona (Davao Oriental)
2025-02-07 18:47:00,16.04,119.33,4,2.7,051 km S 80° W of Agno (Pangasinan)
2025-02-07 18:45:00,16.27,120.83,2,3.1,012 km S 33° W of Kayapa (Nueva Vizcaya)
2025-02-07 17:12:00,14.00,122.51,1,2.7,005 km N 45° W of Tagkawayan (Quezon)
2025-02-07 17:10:00,8.23,125.99,18,2.4,005 km N 06° W of Bunawan (Agusan Del Sur)
2025-02-07 16:54:00,7.72,126.70,54,3.8,022 km N 43° E of Baganga (Davao Oriental)
2025-02-07 16:30:00,8.45,126.03,9,3.4,008 km N 21° E of Rosario (Agusan Del Sur)
2025-02-07 16:16:00,15.62,120.55,33,1.9,005 km N 75° W of Gerona (Tarlac)
2025-02-07 15:58:00,14.79,120.36,119,2.6,016 km S 54° E of Subic (Zambales)
2025-02-07 15:27:00,14.81,119.60,17,2.8,054 km S 74° W of San Antonio (Zambales)
2025-02-07 14:43:00,11.16,124.70,9,2.1,015 km S 81° E of Kananga (Leyte)
2025-02-07 14:38:00,14.16,122.47,33,1.7,009 km S 72° E of Santa Elena (Camarines Norte)
2025-02-07 10:38:00,17.56,120.59,8,2.4,001 km S 18° E of Pidigan (Abra)
2025-02-07 10:20:00,5.15,124.12,24,3.1,109 km S 31° W of Kiamba (Sarangani)
2025-02-07 09:51:00,9.29,125.90,112,1.8,008 km N 65° W of Madrid (Surigao Del Sur)
2025-02-07 08:39:00,11.53,124.40,7,2.4,004 km S 02° W of Naval (Biliran)
2025-02-07 08:17:00,13.70,120.62,104,1.9,015 km S 04° W of Calatagan (Batangas)
2025-02-07 06:57:00,8.88,126.28,33,1.7,005 km S 34° W of Cagwait (Surigao Del Sur)
2025-02-07 05:43:00,14.08,120.46,111,1.3,019 km N 89° W of Nasugbu (Batangas)
2025-02-07 05:40:00,7.06,125.29,15,2.4,019 km S 76° E of Magpet (Cotabato)
2025-02-07 04:56:00,12.59,124.41,98,3.4,007 km N 17° W of Rosario (Northern Samar)
2025-02-07 04:50:00,13.67,120.69,109,1.4,019 km S 20° E of Calatagan (Batangas)
2025-02-07 04:00:00,18.58,120.86,19,1.8,008 km N 40° E of Dumalneg (Ilocos Norte)
2025-02-07 03:11:00,7.96,126.70,8,1.9,033 km S 75° E of Lingig (Surigao Del Sur)
2025-02-07 01:50:00,17.70,120.56,11,1.4,012 km N 84° W of Danglas (Abra)
2025-02-07 01:26:00,7.81,126.77,10,2.5,034 km N 87° E of Cateel (Davao Oriental)
2025-02-07 01:07:00,6.07,126.42,25,2.2,075 km S 31° E of Governor Generoso (Davao Oriental)
2025-02-06 23:03:00,18.44,120.97,21,2.7,008 km S 74° E of Adams (Ilocos Norte)
2025-02-06 21:16:00,3.67,126.93,85,5.0,255 km S 41° E of Balut Island (Municipality Of Sarangani) (Davao Occidental)
2025-02-06 20:38:00,16.51,120.52,16,2.2,004 km N 65° E of Sablan (Benguet)
2025-02-06 20:24:00,13.92,123.29,1,2.0,012 km S 15° E of Siruma (Camarines Sur)
2025-02-06 20:08:00,7.71,126.34,139,2.6,015 km S 53° W of Cateel (Davao Oriental)
2025-02-06 19:55:00,11.78,125.93,8,2.8,051 km N 87° E of San Julian (Eastern Samar)
2025-02-06 19:33:00,18.01,120.49,43,3.8,008 km N 28° W of Pinili (Ilocos Norte)
2025-02-06 19:32:00,13.81,120.52,66,1.9,012 km S 80° W of Calatagan (Batangas)
2025-02-06 19:20:00,7.67,127.06,15,2.0,057 km N 80° E of Baganga (Davao Oriental)
2025-02-06 19:19:00,15.34,121.93,8,2.0,058 km S 85° E of Dingalan (Aurora)
2025-02-06 17:28:00,5.74,125.95,61,2.5,039 km S 61° E of Jose Abad Santos (Davao Occidental)
2025-02-06 16:11:00,13.22,120.16,14,1.9,040 km S 57° W of Paluan (Occidental Mindoro)
2025-02-06 13:43:00,8.82,126.47,24,2.3,022 km S 61° E of Cagwait (Surigao Del Sur)
2025-02-06 12:55:00,15.33,121.99,2,2.9,048 km N 24° E of Panukulan (Quezon)
2025-02-06 12:44:00,6.30,126.74,157,3.4,089 km S 21° E of Tarragona (Davao Oriental)
2025-02-06 11:53:00,20.09,121.31,22,3.7,065 km S 66° W of Sabtang (Batanes)
2025-02-06 10:34:00,7.95,126.96,5,2.8,059 km N 72° E of Cateel (Davao Oriental)
2025-02-06 06:36:00,13.95,120.46,89,3.0,023 km S 53° W of Nasugbu (Batangas)
2025-02-06 06:16:00,19.08,121.11,7,3.3,010 km S 75° W of Dalupiri Island (Calayan) (Cagayan)
2025-02-06 05:33:00,7.45,126.00,20,2.1,011 km S 53° E of Mawab (Davao De Oro)
2025-02-06 05:09:00,7.73,122.28,23,2.4,016 km N 81° E of Siocon (Zamboanga Del Norte)
2025-02-06 03:42:00,6.06,125.98,66,2.0,041 km N 66° E of Jose Abad Santos (Davao Occidental)
2025-02-06 03:28:00,13.70,120.61,111,1.4,015 km S 10° W of Calatagan (Batangas)
2025-02-06 02:41:00,7.93,126.78,16,1.9,039 km N 68° E of Cateel (Davao Oriental)
2025-02-06 02:38:00,7.26,125.96,18,2.2,013 km S 63° E of Mabini (Davao De Oro)
2025-02-06 02:04:00,16.76,120.13,3,2.4,024 km N 80° W of Bacnotan (La Union)
2025-02-06 01:59:00,16.85,119.99,13,3.0,042 km N 70° W of Bacnotan (La Union)
2025-02-06 00:29:00,7.97,126.41,30,1.9,007 km S 06° W of Lingig (Surigao Del Sur)
2025-02-06 00:25:00,16.36,121.37,20,2.1,010 km N 60° E of Kasibu (Nueva Vizcaya)
2025-02-06 00:14:00,17.96,120.87,5,2.3,018 km S 35° E of Solsona (Ilocos Norte)
2025-02-05 23:00:00,11.28,124.60,4,2.3,005 km S 70° W of Capoocan (Leyte)
2025-02-05 22:46:00,6.59,126.75,63,3.3,061 km S 33° E of Tarragona (Davao Oriental)
2025-02-05 22:37:00,7.23,125.88,28,2.4,009 km S 22° E of Mabini (Davao De Oro)
2025-02-05 22:35:00,7.27,125.94,20,2.4,011 km S 67° E of Mabini (Davao De Oro)
2025-02-05 22:01:00,8.42,125.99,8,3.2,005 km N 13° W of Rosario (Agusan Del Sur)
2025-02-05 21:37:00,9.74,126.22,13,3.4,008 km S 57° E of General Luna (Surigao Del Norte)
2025-02-05 21:36:00,17.67,120.81,34,1.5,006 km S 17° W of Tineg (Abra)
2025-02-05 21:33:00,10.45,123.23,6,2.1,007 km N 15° E of City Of Canlaon (Negros Oriental)
2025-02-05 21:13:00,8.45,126.62,26,2.1,032 km N 74° E of Hinatuan (Surigao Del Sur)
2025-02-05 20:56:00,11.22,125.66,26,2.4,007 km N 08° W of Salcedo (Eastern Samar)
2025-02-05 19:59:00,14.20,122.33,8,1.8,007 km N 75° W of Santa Elena (Camarines Norte)
2025-02-05 19:24:00,13.92,120.58,90,1.7,011 km N 31° W of Calatagan (Batangas)
2025-02-05 18:44:00,14.99,121.46,21,2.6,031 km N 34° W of General Nakar (Quezon)
2025-02-05 18:40:00,8.99,126.57,19,1.9,032 km N 75° E of Cagwait (Surigao Del Sur)
2025-02-05 17:25:00,21.11,121.76,102,2.9,037 km N 13° W of Itbayat (Batanes)
2025-02-05 17:22:00,10.00,126.14,20,2.4,007 km S 69° E of Burgos (Surigao Del Norte)
2025-02-05 16:13:00,18.34,120.84,11,3.6,015 km S 26° W of Adams (Ilocos Norte)
2025-02-05 16:12:00,7.55,127.37,2,3.3,089 km S 88° E of Baganga (Davao Oriental)
2025-02-05 16:03:00,7.56,127.26,23,3.9,077 km S 88° E of Baganga (Davao Oriental)
2025-02-05 12:51:00,10.07,125.20,8,2.7,005 km N 73° E of San Francisco (Southern Leyte)
2025-02-05 10:43:00,6.20,126.39,30,2.7,061 km S 35° E of Governor Generoso (Davao Oriental)
2025-02-05 09:10:00,13.15,124.04,10,2.1,010 km S 69° W of Rapu-rapu (Albay)
2025-02-05 09:04:00,13.19,124.13,6,2.2,001 km N 61° E of Rapu-rapu (Albay)
2025-02-05 08:57:00,5.91,124.81,18,2.2,021 km N 76° W of Maasim (Sarangani)
2025-02-05 04:49:00,11.70,125.81,5,2.5,039 km S 81° E of San Julian (Eastern Samar)
2025-02-05 04:47:00,6.28,127.14,37,2.6,114 km S 42° E of Tarragona (Davao Oriental)
2025-02-05 04:40:00,11.79,125.90,11,2.5,049 km N 86° E of San Julian (Eastern Samar)
2025-02-05 04:39:00,11.68,125.75,1,2.2,034 km S 76° E of San Julian (Eastern Samar)
2025-02-05 04:30:00,7.98,127.24,3,3.3,087 km N 59° E of Baganga (Davao Oriental)
2025-02-05 02:07:00,17.63,120.51,1,3.2,008 km N 45° W of Langiden (Abra)
2025-02-05 01:54:00,13.51,120.72,88,1.9,007 km N 04° W of Abra De Ilog (Occidental Mindoro)
2025-02-05 01:19:00,10.71,125.27,5,2.6,024 km N 29° E of Silago (Southern Leyte)
2025-02-05 01:17:00,15.82,121.06,10,1.7,008 km N 69° E of San Jose City (Nueva Ecija)
2025-02-05 00:00:00,6.82,126.78,200,3.3,045 km S 55° E of Tarragona (Davao Oriental)
2025-02-04 23:39:00,8.98,126.57,18,1.8,030 km N 76° E of Cagwait (Surigao Del Sur)
2025-02-04 23:15:00,10.07,125.20,13,1.9,005 km N 77° E of San Francisco (Southern Leyte)
2025-02-04 22:42:00,11.29,124.60,2,2.6,005 km S 86° W of Capoocan (Leyte)
2025-02-04 22:32:00,9.04,126.10,121,2.2,013 km N 34° E of San Miguel (Surigao Del Sur)
2025-02-04 22:29:00,18.22,120.94,7,1.9,012 km S 72° W of Calanasan (Apayao)
2025-02-04 22:28:00,16.33,122.15,33,2.8,007 km N 26° E of Casiguran (Aurora)
2025-02-04 22:13:00,8.81,126.05,9,2.5,015 km S 04° E of San Miguel (Surigao Del Sur)
2025-02-04 21:54:00,17.67,120.53,12,2.8,011 km N 18° W of Langiden (Abra)
2025-02-04 21:54:00,17.79,120.64,32,1.5,011 km N 15° W of Danglas (Abra)
2025-02-04 19:15:00,10.38,125.20,2,2.0,013 km N 28° W of Anahawan (Southern Leyte)
2025-02-04 18:58:00,10.37,125.19,4,2.2,011 km N 31° E of Saint Bernard (Southern Leyte)
2025-02-04 18:24:00,9.42,122.46,30,2.0,020 km S 01° W of Hinoba-an (Negros Occidental)
2025-02-04 18:02:00,8.98,126.49,1,1.8,022 km N 73° E of Cagwait (Surigao Del Sur)
2025-02-04 17:43:00,15.94,120.39,21,1.9,007 km S 25° W of Santa Barbara (Pangasinan)
2025-02-04 17:17:00,12.75,119.52,22,3.2,081 km N 34° W of Busuanga (Palawan)
2025-02-04 16:50:00,12.04,121.39,18,2.5,021 km N 56° W of Caluya (Antique)
2025-02-04 15:05:00,8.39,126.30,32,2.0,004 km N 62° W of Hinatuan (Surigao Del Sur)
2025-02-04 13:54:00,11.00,125.59,32,4.3,015 km S 75° W of Guiuan (Eastern Samar)
2025-02-04 13:45:00,9.59,126.35,79,2.0,030 km S 46° E of General Luna (Surigao Del Norte)
2025-02-04 13:43:00,17.72,120.60,7,2.8,008 km N 67° W of Danglas (Abra)
2025-02-04 12:25:00,8.29,126.58,34,1.5,028 km S 73° E of Hinatuan (Surigao Del Sur)
2025-02-04 12:13:00,9.10,126.65,6,2.0,043 km N 70° E of Bayabas (Surigao Del Sur)
2025-02-04 12:03:00,8.11,126.87,42,1.4,051 km N 81° E of Lingig (Surigao Del Sur)
2025-02-04 10:50:00,9.95,125.21,20,2.0,013 km S 26° E of San Francisco (Southern Leyte)
2025-02-04 10:41:00,9.08,126.38,3,2.9,016 km N 41° E of Bayabas (Surigao Del Sur)
2025-02-04 09:52:00,13.78,120.60,99,1.6,007 km S 31° W of Calatagan (Batangas)
2025-02-04 09:41:00,10.07,125.16,9,2.2,001 km N 13° E of San Francisco (Southern Leyte)
2025-02-04 09:16:00,10.05,125.21,9,2.4,005 km S 86° E of San Francisco (Southern Leyte)
2025-02-04 07:00:00,17.82,120.65,5,3.0,011 km S 09° W of Nueva Era (Ilocos Norte)
2025-02-04 05:35:00,2.98,128.45,132,5.9,431 km S 51° E of Balut Island (Municipality Of Sarangani) (Davao Occidental)
2025-02-04 05:04:00,13.62,120.64,109,2.0,024 km S 02° E of Calatagan (Batangas)
2025-02-04 04:35:00,10.07,125.20,11,2.4,004 km N 75° E of San Francisco (Southern Leyte)
2025-02-04 04:32:00,7.97,126.53,26,1.9,016 km S 59° E of Lingig (Surigao Del Sur)
2025-02-04 03:53:00,8.16,126.97,1,2.9,063 km N 77° E of Lingig (Surigao Del Sur)
2025-02-04 01:54:00,9.76,124.69,8,2.7,013 km N 82° E of Anda (Bohol)
2025-02-04 01:42:00,15.40,121.81,11,1.9,045 km N 89° E of Dingalan (Aurora)
2025-02-03 23:31:00,13.95,120.57,91,1.8,014 km N 27° W of Calatagan (Batangas)
2025-02-03 21:59:00,9.30,125.63,11,3.1,009 km N 64° E of Santiago (Agusan Del Norte)
2025-02-03 21:42:00,10.54,126.49,11,2.4,073 km N 38° E of Burgos (Surigao Del Norte)
2025-02-03 20:07:00,8.32,123.56,33,1.7,007 km N 65° E of Sergio Osmeña Sr. (Zamboanga Del Norte)
2025-02-03 18:23:00,10.27,125.93,8,3.6,032 km N 29° W of Burgos (Surigao Del Norte)
2025-02-03 18:06:00,16.16,121.83,21,2.0,014 km N 82° W of Dinalungan (Aurora)
2025-02-03 17:11:00,8.61,126.93,7,2.3,071 km N 68° E of Hinatuan (Surigao Del Sur)
2025-02-03 15:48:00,13.63,120.35,4,1.8,015 km S 46° E of Looc (Occidental Mindoro)
2025-02-03 14:47:00,8.82,126.57,12,3.4,030 km N 85° E of Marihatag (Surigao Del Sur)
2025-02-03 14:30:00,13.94,120.59,6,1.9,013 km N 21° W of Calatagan (Batangas)
2025-02-03 13:59:00,9.16,126.57,21,2.0,038 km N 55° E of Bayabas (Surigao Del Sur)
2025-02-03 13:28:00,8.34,126.33,51,1.6,003 km S 21° W of Hinatuan (Surigao Del Sur)
2025-02-03 13:16:00,16.27,121.95,24,1.5,014 km N 05° W of Dinalungan (Aurora)
2025-02-03 13:04:00,13.56,120.30,8,2.3,018 km S 18° E of Looc (Occidental Mindoro)
2025-02-03 11:08:00,13.67,120.32,1,2.0,010 km S 60° E of Looc (Occidental Mindoro)
2025-02-03 11:07:00,13.65,120.31,1,1.6,010 km S 40° E of Looc (Occidental Mindoro)
2025-02-03 10:52:00,13.96,120.51,83,1.6,018 km S 60° W of Lian (Batangas)
2025-02-03 08:51:00,8.04,127.12,10,2.8,078 km N 90° E of Lingig (Surigao Del Sur)
2025-02-03 08:16:00,8.19,127.13,1,3.3,081 km N 78° E of Lingig (Surigao Del Sur)
2025-02-03 07:09:00,13.88,120.50,96,3.0,016 km N 71° W of Calatagan (Batangas)
2025-02-03 06:21:00,9.29,126.27,31,1.8,009 km N 81° E of Cortes (Surigao Del Sur)
2025-02-03 05:56:00,17.84,120.88,4,1.8,014 km N 25° E of Tineg (Abra)
2025-02-03 05:34:00,13.05,120.70,38,1.6,004 km S 28° W of Santa Cruz (Occidental Mindoro)
2025-02-03 05:11:00,19.16,120.72,2,2.4,051 km N 84° W of Dalupiri Island (Calayan) (Cagayan)
2025-02-03 04:52:00,11.72,124.90,30,1.7,007 km S 16° E of City Of Catbalogan (Samar)
2025-02-03 04:50:00,15.13,120.01,34,1.7,006 km S 54° W of Cabangan (Zambales)
2025-02-03 04:49:00,6.18,125.90,109,2.7,023 km S 86° E of Don Marcelino (Davao Occidental)
2025-02-03 04:16:00,3.52,126.32,32,3.8,231 km S 25° E of Balut Island (Municipality Of Sarangani) (Davao Occidental)
2025-02-03 03:58:00,13.98,122.51,1,3.0,003 km N 55° W of Tagkawayan (Quezon)
2025-02-03 03:54:00,18.83,120.80,13,2.8,030 km N 02° E of Pagudpud (Ilocos Norte)
2025-02-03 03:43:00,11.48,124.45,9,2.5,003 km N 67° W of Biliran (Biliran)
2025-02-03 02:52:00,12.27,121.94,13,2.4,006 km N 81° W of Looc (Romblon)
2025-02-03 02:38:00,7.46,126.17,2,3.1,011 km S 22° E of New Bataan (Davao De Oro)
2025-02-03 02:27:00,18.01,121.42,14,1.8,020 km S 73° W of Lasam (Cagayan)
2025-02-03 02:20:00,11.20,124.64,5,2.8,009 km N 76° E of Kananga (Leyte)
2025-02-03 02:18:00,17.73,119.39,21,2.5,105 km N 82° W of Santa Catalina (Ilocos Sur)
2025-02-03 02:03:00,10.04,126.32,32,1.7,028 km N 84° E of Burgos (Surigao Del Norte)
2025-02-03 01:37:00,17.80,120.74,4,2.6,012 km N 43° W of Tineg (Abra)
2025-02-03 00:43:00,14.84,121.90,26,1.9,007 km S 86° W of Burdeos (Quezon)
2025-02-03 00:16:00,13.50,120.59,72,1.7,016 km N 66° W of Abra De Ilog (Occidental Mindoro)
2025-02-02 23:52:00,13.18,119.78,30,2.5,084 km S 26° W of Lubang (Occidental Mindoro)
2025-02-02 23:43:00,10.22,125.61,105,5.0,008 km N 74° E of Libjo (Dinagat Islands)
2025-02-02 23:34:00,17.05,120.28,20,2.2,019 km S 79° W of Santa Cruz (Ilocos Sur)
2025-02-02 23:19:00,16.16,120.19,8,2.8,014 km N 42° E of Sual (Pangasinan)
2025-02-02 22:58:00,16.95,119.46,27,2.4,077 km N 37° W of Bolinao (Pangasinan)
2025-02-02 22:47:00,12.60,123.57,8,2.1,011 km S 63° W of Monreal (Masbate)
2025-02-02 21:32:00,13.24,120.85,49,1.8,023 km N 39° E of Santa Cruz (Occidental Mindoro)
2025-02-02 20:29:00,14.02,120.59,178,2.4,022 km N 12° W of Calatagan (Batangas)
2025-02-02 20:22:00,10.92,122.93,10,3.0,007 km N 47° W of Enrique B. Magalona (Negros Occidental)
2025-02-02 19:37:00,8.64,126.42,26,3.3,022 km S 36° E of Marihatag (Surigao Del Sur)
2025-02-02 19:12:00,18.83,121.05,12,2.6,025 km N 09° W of Claveria (Cagayan)
2025-02-02 18:13:00,7.78,127.24,1,2.6,078 km N 73° E of Baganga (Davao Oriental)
2025-02-02 18:06:00,8.69,126.57,23,2.3,033 km S 67° E of Marihatag (Surigao Del Sur)
2025-02-02 17:50:00,10.39,125.52,105,3.4,008 km N 62° W of Loreto (Dinagat Islands)
2025-02-02 17:44:00,10.97,123.76,7,2.2,020 km S 10° W of Santa Fe (Cebu)
2025-02-02 17:30:00,8.23,126.83,8,2.7,051 km N 65° E of Lingig (Surigao Del Sur)
2025-02-02 17:12:00,16.75,120.97,16,1.5,009 km N 21° E of Tinoc (Ifugao)
2025-02-02 16:55:00,11.48,124.44,6,3.0,004 km N 21° E of Calubian (Leyte)
2025-02-02 15:53:00,9.77,124.88,29,1.8,027 km S 53° W of Limasawa (Southern Leyte)
2025-02-02 15:00:00,11.50,124.38,7,2.2,007 km S 15° W of Naval (Biliran)
2025-02-02 14:29:00,5.48,125.04,33,2.9,041 km S 25° W of Glan (Sarangani)
2025-02-02 14:26:00,10.19,125.89,25,2.2,025 km N 41° W of Santa Monica (Surigao Del Norte)
2025-02-02 14:11:00,9.68,126.21,27,1.9,012 km S 27° E of General Luna (Surigao Del Norte)
2025-02-02 14:01:00,9.43,122.50,33,2.5,015 km N 82° W of Basay (Negros Oriental)
2025-02-02 12:41:00,18.68,120.43,14,2.2,029 km N 51° W of Burgos (Ilocos Norte)
2025-02-02 11:21:00,9.98,126.13,31,2.3,007 km N 44° E of San Isidro (Surigao Del Norte)
2025-02-02 11:14:00,14.22,119.82,6,2.4,052 km N 40° W of Lubang (Occidental Mindoro)
2025-02-02 11:11:00,10.01,126.09,12,3.5,002 km S 74° E of Burgos (Surigao Del Norte)
2025-02-02 11:06:00,13.54,120.61,1,1.9,033 km S 04° W of Calatagan (Batangas)
2025-02-02 10:04:00,10.42,125.92,24,2.3,042 km S 31° E of Homonhon Island (Guiuan) (Eastern Samar)
2025-02-02 09:58:00,10.40,125.90,27,2.4,036 km N 83° E of Loreto (Dinagat Islands)
2025-02-02 09:07:00,10.42,125.91,18,2.5,036 km N 79° E of Loreto (Dinagat Islands)
2025-02-02 08:12:00,10.39,125.91,29,2.0,044 km S 27° E of Homonhon Island (Guiuan) (Eastern Samar)
2025-02-02 06:44:00,20.21,121.23,36,2.8,068 km S 78° W of Sabtang (Batanes)
2025-02-02 06:25:00,10.41,125.93,16,2.6,039 km N 82° E of Loreto (Dinagat Islands)
2025-02-02 06:16:00,13.14,121.11,1,2.2,019 km S 79° W of Victoria (Oriental Mindoro)
2025-02-02 05:28:00,10.04,125.17,16,2.6,002 km S 42° E of San Francisco (Southern Leyte)
2025-02-02 04:52:00,13.74,120.61,112,1.9,010 km S 14° W of Calatagan (Batangas)
2025-02-02 04:41:00,10.95,123.05,6,2.0,009 km S 86° W of Manapla (Negros Occidental)
2025-02-02 04:30:00,10.35,124.95,1,3.0,003 km S 71° W of Bontoc (Southern Leyte)
2025-02-02 04:00:00,13.78,120.60,119,1.7,006 km S 30° W of Calatagan (Batangas)
2025-02-02 03:44:00,12.97,122.72,4,2.6,033 km S 59° W of San Pascual (Masbate)
2025-02-02 03:42:00,13.52,124.27,10,3.2,008 km S 29° E of Virac (Catanduanes)
2025-02-02 03:25:00,12.97,122.73,2,2.3,032 km S 58° W of San Pascual (Masbate)
2025-02-02 03:00:00,18.47,120.86,10,2.1,012 km S 36° E of Pagudpud (Ilocos Norte)
2025-02-02 02:55:00,13.96,120.49,89,2.1,021 km N 48° W of Calatagan (Batangas)
2025-02-02 02:46:00,5.87,124.51,17,3.2,019 km S 43° W of Kiamba (Sarangani)
2025-02-02 02:45:00,14.06,120.43,103,1.6,022 km S 86° W of Nasugbu (Batangas)
2025-02-02 02:41:00,10.04,125.20,25,2.0,005 km S 67° E of San Francisco (Southern Leyte)
2025-02-02 01:30:00,8.67,126.65,17,3.3,041 km S 70° E of Marihatag (Surigao Del Sur)
2025-02-02 01:07:00,10.09,125.20,15,2.2,006 km N 51° E of San Francisco (Southern Leyte)
2025-02-02 01:01:00,5.87,125.94,163,3.3,033 km S 82° E of Jose Abad Santos (Davao Occidental)
2025-02-02 00:47:00,13.55,120.02,29,1.8,031 km S 53° W of Looc (Occidental Mindoro)
2025-02-02 00:36:00,10.31,125.21,11,2.0,006 km N 53° W of Anahawan (Southern Leyte)
2025-02-01 23:55:00,15.43,119.80,26,1.8,012 km West of Palauig (Zambales)
2025-02-01 23:49:00,13.19,124.17,3,2.0,004 km N 81° E of Rapu-rapu (Albay)
2025-02-01 23:48:00,17.76,120.56,26,2.2,011 km N 79° E of San Juan (Ilocos Sur)
2025-02-01 23:15:00,9.94,126.17,34,1.9,009 km East of San Isidro (Surigao Del Norte)
2025-02-01 22:02:00,13.85,120.57,86,1.5,007 km N 75° W of Calatagan (Batangas)
2025-02-01 21:08:00,10.76,126.10,19,2.2,042 km N 88° E of Homonhon Island (Guiuan) (Eastern Samar)
2025-02-01 21:04:00,10.33,124.93,1,2.5,006 km S 54° W of Bontoc (Southern Leyte)
2025-02-01 20:44:00,11.22,126.21,6,2.6,056 km N 77° E of Mercedes (Eastern Samar)
2025-02-01 20:40:00,13.94,120.54,91,1.9,016 km N 40° W of Calatagan (Batangas)
2025-02-01 20:20:00,12.91,120.89,1,2.1,014 km N 61° E of Sablayan (Occidental Mindoro)
2025-02-01 19:55:00,13.81,120.03,10,4.2,011 km S 63° W of Lubang (Occidental Mindoro)
2025-02-01 19:06:00,8.40,125.87,15,2.6,011 km S 61° E of Talacogon (Agusan Del Sur)
2025-02-01 19:01:00,9.99,126.07,18,4.3,003 km S 15° W of Burgos (Surigao Del Norte)
2025-02-01 18:26:00,11.49,124.44,6,2.5,005 km N 58° W of Biliran (Biliran)
2025-02-01 16:53:00,13.50,120.72,122,1.6,007 km N 08° W of Abra De Ilog (Occidental Mindoro)
2025-02-01 15:32:00,17.24,120.32,39,2.2,015 km N 58° W of City Of Candon (Ilocos Sur)
2025-02-01 15:21:00,10.04,125.19,34,1.5,004 km S 61° E of San Francisco (Southern Leyte)
2025-02-01 15:09:00,8.49,122.65,10,2.0,040 km N 04° W of Liloy (Zamboanga Del Norte)
2025-02-01 14:34:00,10.94,126.52,33,2.6,088 km S 83° E of Guiuan (Eastern Samar)
2025-02-01 14:29:00,6.08,126.24,13,2.1,062 km S 78° E of Don Marcelino (Davao Occidental)
2025-02-01 14:19:00,9.57,126.12,33,1.8,018 km S 73° E of Socorro (Surigao Del Norte)
2025-02-01 13:15:00,9.24,126.35,33,1.3,018 km S 77° E of Cortes (Surigao Del Sur)
2025-02-01 12:08:00,13.79,120.58,143,2.3,007 km S 51° W of Calatagan (Batangas)
2025-02-01 12:05:00,13.86,120.55,67,1.5,009 km N 72° W of Calatagan (Batangas)
2025-02-01 11:43:00,8.28,123.27,32,1.8,017 km N 78° E of Siayan (Zamboanga Del Norte)
2025-02-01 11:10:00,8.32,126.24,98,2.1,012 km S 65° W of Hinatuan (Surigao Del Sur)
2025-02-01 10:47:00,18.51,120.98,29,1.7,006 km S 10° W of Santa Praxedes (Cagayan)
2025-02-01 10:02:00,11.53,124.40,10,2.1,004 km South of Naval (Biliran)
2025-02-01 07:59:00,7.95,127.10,2,2.3,073 km N 55° E of Baganga (Davao Oriental)
2025-02-01 07:01:00,6.45,126.51,13,3.0,053 km S 65° E of Governor Generoso (Davao Oriental)
2025-02-01 06:42:00,14.77,121.93,29,1.6,009 km S 25° W of Burdeos (Quezon)
2025-02-01 06:01:00,10.00,125.29,1,2.4,016 km S 66° E of San Francisco (Southern Leyte)
2025-02-01 05:55:00,18.58,121.06,58,2.8,004 km S 44° W of Claveria (Cagayan)
2025-02-01 05:14:00,8.72,126.98,1,3.0,075 km S 83° E of Marihatag (Surigao Del Sur)
2025-02-01 05:11:00,8.72,127.01,9,3.5,079 km S 84° E of Marihatag (Surigao Del Sur)
2025-02-01 04:02:00,13.12,122.48,6,2.5,025 km S 09° W of San Francisco (Quezon)
2025-02-01 03:54:00,13.95,120.53,87,1.7,017 km N 40° W of Calatagan (Batangas)
2025-02-01 03:18:00,7.24,126.98,17,2.7,046 km S 78° E of Caraga (Davao Oriental)
2025-02-01 03:07:00,18.01,120.70,4,2.9,004 km S 33° E of Marcos (Ilocos Norte)
2025-02-01 02:59:00,17.59,120.75,3,1.8,003 km S 28° E of Lagangilang (Abra)
2025-02-01 02:57:00,5.56,127.37,85,2.9,188 km S 50° E of Governor Generoso (Davao Oriental)
2025-02-01 02:41:00,8.76,126.74,14,2.3,049 km S 84° E of Marihatag (Surigao Del Sur)
2025-02-01 02:14:00,9.94,126.08,21,2.5,000 km N 56° W of San Isidro (Surigao Del Norte)
2025-02-01 02:03:00,15.51,122.61,21,2.7,094 km N 26° E of Patnanungan (Quezon)
2025-02-01 01:50:00,7.81,126.34,122,1.9,007 km S 31° W of Boston (Davao Oriental)
2025-02-01 01:45:00,15.47,122.59,4,2.7,089 km N 27° E of Patnanungan (Quezon)
2025-02-01 01:39:00,15.53,122.53,9,3.7,093 km N 22° E of Patnanungan (Quezon)
2025-02-01 01:24:00,15.27,122.18,2,2.3,053 km N 26° E of Burdeos (Quezon)
2025-02-01 01:21:00,9.00,126.49,25,1.6,023 km N 82° E of Bayabas (Surigao Del Sur)
2025-02-01 00:12:00,17.84,121.25,32,2.5,009 km N 60° W of Conner (Apayao)
2025-02-01 00:05:00,14.05,119.82,1,2.4,039 km N 57° W of Lubang (Occidental Mindoro)
2025-01-31 23:51:00,12.48,123.68,5,2.5,009 km S 89° W of San Fernando (Masbate)
2025-01-31 23:12:00,15.68,119.79,34,1.6,015 km S 55° W of Santa Cruz (Zambales)
2025-01-31 23:01:00,18.99,120.71,1,2.5,053 km S 76° W of Dalupiri Island (Calayan) (Cagayan)
2025-01-31 21:59:00,12.92,121.12,40,1.5,033 km S 32° W of Victoria (Oriental Mindoro)
2025-01-31 21:22:00,8.36,126.25,113,2.4,010 km S 85° W of Hinatuan (Surigao Del Sur)
2025-01-31 21:21:00,8.69,126.90,31,2.2,072 km N 60° E of Hinatuan (Surigao Del Sur)
2025-01-31 20:17:00,12.94,124.46,12,2.5,031 km S 68° E of Prieto Diaz (Sorsogon)
2025-01-31 19:35:00,10.44,126.23,30,1.8,050 km N 20° E of Burgos (Surigao Del Norte)
2025-01-31 19:08:00,11.85,125.25,26,2.8,020 km S 71° W of Taft (Eastern Samar)
2025-01-31 18:49:00,5.41,123.81,33,2.5,098 km S 25° W of Palimbang (Sultan Kudarat)
2025-01-31 16:49:00,8.10,126.48,41,2.0,010 km N 48° E of Lingig (Surigao Del Sur)
2025-01-31 16:12:00,6.47,125.39,7,2.2,013 km S 48° W of Santa Maria (Davao Occidental)
2025-01-31 16:07:00,9.50,123.44,35,2.0,003 km S 12° E of Oslob (Cebu)
2025-01-31 16:04:00,13.70,120.57,72,2.2,016 km S 23° W of Calatagan (Batangas)
2025-01-31 15:43:00,9.82,126.23,27,1.6,009 km N 63° E of General Luna (Surigao Del Norte)
2025-01-31 15:34:00,8.88,126.61,23,2.3,035 km S 83° E of Cagwait (Surigao Del Sur)
2025-01-31 12:00:00,9.27,126.22,29,1.6,003 km S 70° E of Cortes (Surigao Del Sur)
2025-01-31 10:55:00,13.77,120.60,85,1.5,007 km S 31° W of Calatagan (Batangas)
2025-01-31 09:32:00,17.73,120.79,1,2.2,003 km N 71° W of Tineg (Abra)
2025-01-31 09:20:00,18.56,120.66,18,4.3,011 km N 80° W of Bangui (Ilocos Norte)
2025-01-31 09:05:00,10.02,125.10,1,2.3,008 km S 58° W of San Francisco (Southern Leyte)
2025-01-31 08:51:00,6.57,126.66,115,3.2,058 km S 24° E of Tarragona (Davao Oriental)
2025-01-31 06:26:00,8.31,126.54,33,2.2,023 km S 74° E of Hinatuan (Surigao Del Sur)
2025-01-31 05:27:00,8.43,125.90,16,2.7,012 km S 82° E of Talacogon (Agusan Del Sur)
2025-01-31 05:26:00,8.15,126.88,7,1.9,053 km N 76° E of Lingig (Surigao Del Sur)
2025-01-31 05:04:00,10.31,126.25,29,1.4,038 km N 31° E of Burgos (Surigao Del Norte)
2025-01-31 05:02:00,8.34,126.75,24,2.1,046 km S 86° E of Hinatuan (Surigao Del Sur)
2025-01-31 04:28:00,10.22,126.21,33,1.9,027 km N 33° E of Burgos (Surigao Del Norte)
2025-01-31 04:26:00,10.16,126.03,11,2.8,015 km N 05° W of Santa Monica (Surigao Del Norte)
2025-01-31 04:18:00,13.66,120.71,102,1.6,018 km N 89° W of Tingloy (Batangas)
2025-01-31 04:11:00,7.75,122.23,1,2.5,012 km N 65° E of Siocon (Zamboanga Del Norte)
2025-01-31 03:48:00,6.88,126.20,57,4.4,008 km S 09° W of City Of Mati (Davao Oriental)
2025-01-31 03:37:00,8.84,125.82,33,1.6,014 km N 83° E of Sibagat (Agusan Del Sur)
2025-01-31 03:14:00,16.45,121.00,6,3.3,009 km S 20° W of Ambaguio (Nueva Vizcaya)
2025-01-31 02:52:00,6.97,124.95,33,2.0,008 km N 73° E of M'lang (Cotabato)
2025-01-31 02:33:00,15.22,122.69,1,2.4,070 km N 33° E of Jomalig (Quezon)
2025-01-31 02:26:00,13.71,120.82,6,1.8,008 km N 48° W of Tingloy (Batangas)
2025-01-31 01:52:00,12.35,123.75,12,1.7,009 km S 23° W of Batuan (Masbate)
2025-01-31 01:40:00,10.03,125.17,13,1.8,003 km S 21° E of San Francisco (Southern Leyte)
2025-01-31 01:26:00,8.70,126.47,27,1.7,022 km S 58° E of Marihatag (Surigao Del Sur)
2025-01-31 01:04:00,11.54,124.40,7,2.7,003 km S 07° E of Naval (Biliran)
2025-01-31 00:54:00,18.02,120.53,6,2.2,004 km S 88° E of Currimao (Ilocos Norte)
2025-01-31 00:38:00,15.44,119.84,12,2.3,007 km N 84° W of Palauig (Zambales)
2025-01-30 23:39:00,10.02,125.15,10,2.5,004 km S 11° W of San Francisco (Southern Leyte)
2025-01-30 23:22:00,3.85,126.27,113,2.9,196 km S 28° E of Balut Island (Municipality Of Sarangani) (Davao Occidental)
2025-01-30 22:58:00,7.64,124.63,11,2.0,010 km S 89° W of Wao (Lanao Del Sur)
2025-01-30 22:07:00,7.71,125.60,11,2.6,015 km S 72° W of San Isidro (Davao Del Norte)
2025-01-30 20:53:00,16.80,120.91,32,2.2,010 km N 87° E of Buguias (Benguet)
2025-01-30 20:42:00,8.65,126.47,25,2.9,025 km S 50° E of Marihatag (Surigao Del Sur)
2025-01-30 20:41:00,13.72,120.60,76,1.6,013 km S 14° W of Calatagan (Batangas)
2025-01-30 20:40:00,12.73,123.63,5,1.7,010 km N 21° W of Monreal (Masbate)
2025-01-30 20:32:00,8.17,122.93,10,2.4,003 km N 20° E of Leon B. Postigo (Zamboanga Del Norte)
2025-01-30 19:35:00,18.84,120.28,15,2.4,053 km N 47° W of Burgos (Ilocos Norte)
2025-01-30 19:20:00,6.37,126.34,129,2.5,043 km S 43° E of Governor Generoso (Davao Oriental)
2025-01-30 19:19:00,10.02,125.16,20,2.0,004 km S 01° E of San Francisco (Southern Leyte)
2025-01-30 19:12:00,13.92,120.49,91,2.9,018 km N 57° W of Calatagan (Batangas)
2025-01-30 15:49:00,18.07,120.04,9,2.4,048 km N 84° W of Currimao (Ilocos Norte)
2025-01-30 15:05:00,8.19,126.78,9,2.9,044 km N 68° E of Lingig (Surigao Del Sur)
2025-01-30 14:49:00,8.50,126.27,72,3.7,016 km N 26° W of Hinatuan (Surigao Del Sur)
2025-01-30 12:31:00,10.13,124.93,19,2.0,010 km S 86° E of City Of Maasin (Southern Leyte)
2025-01-30 11:09:00,10.19,125.30,3,2.1,022 km N 47° E of San Francisco (Southern Leyte)
2025-01-30 10:50:00,12.59,124.43,110,3.4,008 km N 02° E of Rosario (Northern Samar)
2025-01-30 10:48:00,6.70,123.71,1,2.4,041 km N 67° W of Kalamansig (Sultan Kudarat)
2025-01-30 09:00:00,4.88,126.23,3,3.0,107 km S 57° E of Balut Island (Municipality Of Sarangani) (Davao Occidental)
2025-01-30 08:22:00,13.91,120.45,88,3.9,022 km N 64° W of Calatagan (Batangas)
2025-01-30 06:35:00,13.12,120.77,11,2.2,007 km N 54° E of Santa Cruz (Occidental Mindoro)
2025-01-30 02:35:00,13.73,120.66,174,3.9,011 km S 17° E of Calatagan (Batangas)
2025-01-30 00:50:00,13.83,124.31,24,4.0,009 km S 08° E of Panganiban (Catanduanes)
2025-01-29 23:25:00,6.06,125.87,143,2.5,024 km S 53° E of Don Marcelino (Davao Occidental)
2025-01-29 23:24:00,10.04,125.16,15,2.0,002 km S 22° E of San Francisco (Southern Leyte)
2025-01-29 22:53:00,17.50,122.02,16,2.1,028 km S 62° E of Peñablanca (Cagayan)
2025-01-29 22:52:00,11.55,124.43,1,2.7,004 km S 71° E of Naval (Biliran)
2025-01-29 22:51:00,8.49,126.57,10,1.8,028 km N 61° E of Hinatuan (Surigao Del Sur)
2025-01-29 19:38:00,17.39,120.72,5,2.6,005 km S 17° E of Manabo (Abra)
2025-01-29 19:33:00,4.55,125.68,183,3.6,100 km S 16° E of Balut Island (Municipality Of Sarangani) (Davao Occidental)
2025-01-29 19:28:00,12.93,124.83,8,2.6,042 km N 14° W of Pambujan (Northern Samar)
2025-01-29 18:42:00,7.79,126.45,20,2.4,001 km N 77° W of Cateel (Davao Oriental)
2025-01-29 16:04:00,15.48,121.91,12,2.0,050 km S 58° E of San Luis (Aurora)
2025-01-29 16:03:00,11.51,124.40,5,3.0,006 km S 01° E of Naval (Biliran)
2025-01-29 15:50:00,7.97,126.59,29,1.5,021 km S 68° E of Lingig (Surigao Del Sur)
2025-01-29 15:17:00,6.47,126.57,25,2.4,059 km S 69° E of Governor Generoso (Davao Oriental)
2025-01-29 12:37:00,7.65,123.57,6,4.7,012 km S 89° E of San Pablo (Zamboanga Del Sur)
2025-01-29 12:12:00,17.56,121.03,22,2.1,003 km S 52° E of Malibcong (Abra)
2025-01-29 10:31:00,11.53,124.39,3,3.8,004 km S 13° W of Naval (Biliran)
2025-01-29 10:27:00,7.48,123.31,33,1.8,003 km N 08° W of Pitogo (Zamboanga Del Sur)
2025-01-29 09:56:00,11.52,124.39,5,4.6,005 km S 10° W of Naval (Biliran)
2025-01-29 09:46:00,6.44,126.21,56,2.0,028 km S 32° E of Governor Generoso (Davao Oriental)
2025-01-29 09:06:00,11.22,125.39,23,2.4,012 km N 02° E of Balangiga (Eastern Samar)
2025-01-29 08:47:00,8.71,126.40,18,2.1,016 km S 48° E of Marihatag (Surigao Del Sur)
2025-01-29 07:14:00,12.03,123.94,1,2.4,007 km N 61° W of Cataingan (Masbate)
2025-01-29 06:17:00,10.09,125.16,6,2.5,004 km N 07° E of San Francisco (Southern Leyte)
2025-01-29 04:46:00,17.51,121.99,10,3.3,022 km N 72° E of San Pablo (Isabela)
2025-01-29 03:41:00,8.60,126.52,17,2.0,032 km N 37° E of Hinatuan (Surigao Del Sur)
2025-01-29 03:23:00,17.43,122.08,19,2.2,017 km N 72° W of Maconacon (Isabela)
2025-01-29 03:00:00,9.07,126.32,50,1.9,011 km N 63° E of Tago (Surigao Del Sur)
2025-01-29 01:58:00,9.20,122.14,1,2.2,057 km S 39° W of Hinoba-an (Negros Occidental)
2025-01-29 01:47:00,8.48,126.62,16,2.3,034 km N 68° E of Hinatuan (Surigao Del Sur)
2025-01-29 01:26:00,9.14,125.83,18,2.2,020 km S 47° W of Madrid (Surigao Del Sur)
2025-01-28 23:14:00,5.71,126.40,87,3.0,086 km S 75° E of Jose Abad Santos (Davao Occidental)
2025-01-28 22:55:00,9.99,126.12,33,2.3,006 km S 55° E of Burgos (Surigao Del Norte)
2025-01-28 21:34:00,13.69,120.88,35,1.6,003 km N 18° E of Tingloy (Batangas)
2025-01-28 20:11:00,17.50,122.28,24,3.4,014 km N 21° E of Maconacon (Isabela)
2025-01-28 19:21:00,8.56,126.29,30,2.0,018 km N 54° E of Tagbina (Surigao Del Sur)
2025-01-28 17:41:00,8.05,126.48,25,1.6,007 km N 82° E of Lingig (Surigao Del Sur)
2025-01-28 17:30:00,14.82,119.97,21,2.8,020 km S 41° W of San Antonio (Zambales)
2025-01-28 16:57:00,9.37,125.78,1,2.3,018 km N 89° W of Carrascal (Surigao Del Sur)
2025-01-28 16:46:00,7.86,126.90,12,2.0,050 km N 50° E of Baganga (Davao Oriental)
2025-01-28 14:48:00,5.33,126.86,72,3.3,149 km S 64° E of Jose Abad Santos (Davao Occidental)
2025-01-28 14:35:00,15.00,122.68,3,2.3,050 km N 48° E of Jomalig (Quezon)
2025-01-28 14:32:00,9.96,125.16,9,1.8,011 km S 01° E of San Francisco (Southern Leyte)
2025-01-28 14:29:00,13.18,124.71,11,2.8,059 km N 75° E of Prieto Diaz (Sorsogon)
2025-01-28 13:33:00,9.67,122.57,20,1.8,013 km N 55° E of Hinoba-an (Negros Occidental)
2025-01-28 13:21:00,8.00,126.39,25,1.2,004 km S 30° W of Lingig (Surigao Del Sur)
2025-01-28 13:01:00,7.57,124.82,33,2.4,010 km S 70° W of Kadingilan (Bukidnon)
2025-01-28 12:29:00,3.37,126.10,77,3.6,238 km S 18° E of Balut Island (Municipality Of Sarangani) (Davao Occidental)
2025-01-28 11:44:00,8.72,126.38,12,2.4,013 km S 44° E of Marihatag (Surigao Del Sur)
2025-01-28 11:00:00,10.13,123.31,1,3.1,004 km N 80° E of City Of Guihulngan (Negros Oriental)
2025-01-28 08:58:00,8.05,126.58,17,2.4,018 km N 85° E of Lingig (Surigao Del Sur)
2025-01-28 08:24:00,8.90,126.24,32,1.3,007 km S 72° W of Cagwait (Surigao Del Sur)
2025-01-28 07:58:00,13.44,121.26,32,2.3,024 km S 14° E of Lobo (Batangas)
2025-01-28 05:13:00,10.43,125.96,15,2.6,042 km N 79° E of Loreto (Dinagat Islands)
2025-01-28 05:10:00,8.84,126.70,53,1.7,044 km N 83° E of Marihatag (Surigao Del Sur)
2025-01-28 04:26:00,8.18,122.75,1,2.4,011 km N 52° E of Liloy (Zamboanga Del Norte)
2025-01-28 04:20:00,8.21,126.43,36,1.6,013 km S 86° E of City Of Bislig (Surigao Del Sur)
2025-01-28 04:07:00,6.45,126.91,143,2.7,084 km S 37° E of Tarragona (Davao Oriental)
2025-01-28 03:47:00,6.79,124.61,14,1.5,003 km S 66° W of Lambayong (Sultan Kudarat)
2025-01-28 03:40:00,7.12,125.97,30,2.7,008 km S 85° E of Pantukan (Davao De Oro)
2025-01-28 03:31:00,8.30,126.06,10,1.9,015 km N 29° E of Bunawan (Agusan Del Sur)
2025-01-28 03:19:00,12.94,121.08,33,1.5,035 km N 71° E of Sablayan (Occidental Mindoro)
2025-01-28 03:14:00,8.41,127.20,60,1.8,096 km N 65° E of Lingig (Surigao Del Sur)
2025-01-28 02:53:00,7.67,122.16,29,1.5,005 km S 27° E of Siocon (Zamboanga Del Norte)
2025-01-28 02:53:00,7.79,126.24,33,1.4,017 km S 60° W of Boston (Davao Oriental)
2025-01-28 02:51:00,8.40,126.00,8,2.3,002 km N 08° E of Rosario (Agusan Del Sur)
2025-01-28 02:35:00,17.84,120.78,9,1.7,015 km S 55° E of Nueva Era (Ilocos Norte)
2025-01-28 02:06:00,9.87,122.47,25,2.0,012 km N 19° E of City Of Sipalay (Negros Occidental)
2025-01-28 01:52:00,7.76,127.11,9,2.6,064 km N 71° E of Baganga (Davao Oriental)
2025-01-28 01:49:00,13.00,120.99,19,1.7,037 km S 58° W of Victoria (Oriental Mindoro)
2025-01-28 01:27:00,18.79,120.83,24,1.7,026 km N 09° E of Pagudpud (Ilocos Norte)
2025-01-28 00:46:00,10.03,125.26,5,2.4,012 km S 73° E of San Francisco (Southern Leyte)
2025-01-28 00:18:00,12.91,121.10,43,1.8,035 km N 78° E of Sablayan (Occidental Mindoro)
2025-01-28 00:13:00,9.98,125.21,29,2.0,010 km S 32° E of San Francisco (Southern Leyte)
2025-01-28 00:13:00,12.93,120.99,1,4.3,024 km N 67° E of Sablayan (Occidental Mindoro)
2025-01-28 00:01:00,8.43,126.76,26,2.3,047 km N 81° E of Hinatuan (Surigao Del Sur)
2025-01-27 23:49:00,13.13,124.22,33,2.0,011 km N 17° E of Prieto Diaz (Sorsogon)
2025-01-27 22:59:00,7.15,123.60,31,3.5,041 km S 30° E of Tabina (Zamboanga Del Sur)
2025-01-27 21:44:00,8.09,126.72,33,1.8,035 km N 81° E of Lingig (Surigao Del Sur)
2025-01-27 21:36:00,8.83,126.53,33,1.6,025 km N 82° E of Marihatag (Surigao Del Sur)
2025-01-27 19:49:00,7.52,122.32,1,2.0,015 km S 50° W of Tungawan (Zamboanga Sibugay)
2025-01-27 19:34:00,18.15,120.36,27,1.6,020 km N 44° W of Currimao (Ilocos Norte)
2025-01-27 19:06:00,8.70,126.43,30,2.5,019 km S 53° E of Marihatag (Surigao Del Sur)
2025-01-27 18:36:00,17.63,120.34,11,3.6,002 km N 08° E of San Juan (Ilocos Sur)
2025-01-27 18:16:00,10.45,123.08,8,2.4,028 km S 71° E of City Of Bago (Negros Occidental)
2025-01-27 18:12:00,11.45,124.45,6,2.0,003 km S 48° W of Biliran (Biliran)
2025-01-27 17:21:00,8.79,126.93,1,1.4,070 km S 89° E of Marihatag (Surigao Del Sur)
2025-01-27 15:32:00,7.17,126.68,51,3.2,016 km S 73° E of Manay (Davao Oriental)
2025-01-27 14:40:00,7.43,124.49,406,4.4,009 km N 56° W of Alamada (Cotabato)
2025-01-27 13:27:00,10.00,126.05,4,3.5,007 km N 49° E of San Isidro (Surigao Del Norte)
2025-01-27 09:48:00,21.41,120.56,1,4.2,150 km N 63° W of Itbayat (Batanes)
2025-01-27 09:42:00,10.18,125.11,38,1.9,014 km N 20° W of San Francisco (Southern Leyte)
2025-01-27 09:01:00,8.24,122.98,33,2.6,003 km N 72° W of Sindangan (Zamboanga Del Norte)
2025-01-27 08:32:00,9.97,125.21,2,2.1,011 km S 32° E of San Francisco (Southern Leyte)
2025-01-27 07:51:00,9.26,125.58,1,2.6,002 km S 83° E of Santiago (Agusan Del Norte)
2025-01-27 07:51:00,14.15,120.35,79,1.4,032 km N 74° W of Nasugbu (Batangas)
2025-01-27 07:45:00,5.95,125.50,4,1.9,016 km N 76° W of Jose Abad Santos (Davao Occidental)
2025-01-27 07:37:00,7.88,126.25,25,1.7,014 km N 85° W of Boston (Davao Oriental)
2025-01-27 06:36:00,8.93,126.51,19,2.0,023 km N 88° E of Cagwait (Surigao Del Sur)
2025-01-27 05:38:00,6.85,125.10,7,3.0,013 km N 28° W of Magsaysay (Davao Del Sur)
2025-01-27 04:57:00,8.54,126.71,12,2.1,046 km N 65° E of Hinatuan (Surigao Del Sur)
2025-01-27 04:35:00,6.82,125.09,1,2.6,010 km N 43° W of Magsaysay (Davao Del Sur)
2025-01-27 04:15:00,6.86,125.07,33,1.6,011 km S 09° W of Makilala (Cotabato)
2025-01-27 02:45:00,5.77,127.21,131,4.7,159 km S 52° E of Governor Generoso (Davao Oriental)
2025-01-27 02:39:00,17.03,121.33,48,1.7,005 km N 02° E of Aguinaldo (Ifugao)
2025-01-27 01:45:00,9.22,125.92,13,2.9,007 km S 53° W of Madrid (Surigao Del Sur)
2025-01-27 01:21:00,13.69,121.01,23,1.6,009 km S 32° W of Batangas City (Batangas)
2025-01-27 01:06:00,19.46,122.19,23,3.9,030 km S 79° E of Babuyan Island (Calayan) (Cagayan)
2025-01-27 00:33:00,18.17,120.97,33,2.8,016 km N 79° E of Carasi (Ilocos Norte)
2025-01-27 00:19:00,10.46,123.10,7,1.9,015 km N 58° W of City Of Canlaon (Negros Oriental)
2025-01-26 23:27:00,13.53,120.13,33,1.9,025 km S 31° W of Looc (Occidental Mindoro)
2025-01-26 23:15:00,8.77,126.52,8,2.2,025 km S 82° E of Marihatag (Surigao Del Sur)
2025-01-26 22:28:00,6.20,125.74,20,1.8,005 km N 84° E of Don Marcelino (Davao Occidental)
2025-01-26 22:17:00,7.96,126.83,10,2.2,047 km S 79° E of Lingig (Surigao Del Sur)
2025-01-26 21:20:00,8.36,125.94,1,1.7,007 km S 67° W of Rosario (Agusan Del Sur)
2025-01-26 21:16:00,8.67,126.47,27,1.8,024 km S 53° E of Marihatag (Surigao Del Sur)
2025-01-26 20:51:00,13.98,124.23,23,2.2,007 km N 57° W of Bagamanoc (Catanduanes)
2025-01-26 20:32:00,7.86,124.74,1,3.2,010 km N 38° E of Amai Manabilang (Lanao Del Sur)
2025-01-26 19:45:00,14.00,120.42,199,2.5,025 km S 71° W of Nasugbu (Batangas)
2025-01-26 19:35:00,10.29,125.67,65,2.6,013 km S 52° E of Loreto (Dinagat Islands)
2025-01-26 18:22:00,18.37,121.47,97,2.7,008 km S 08° E of Abulug (Cagayan)
2025-01-26 15:23:00,8.93,125.96,118,2.4,009 km S 79° W of San Miguel (Surigao Del Sur)
2025-01-26 14:58:00,8.28,126.70,21,2.7,041 km N 49° E of Lingig (Surigao Del Sur)
2025-01-26 14:06:00,11.63,125.65,12,2.2,022 km N 48° E of Maydolong (Eastern Samar)
2025-01-26 14:03:00,11.61,124.34,20,1.8,008 km N 57° W of Naval (Biliran)
2025-01-26 11:54:00,15.49,119.30,18,3.0,066 km N 85° W of Palauig (Zambales)
2025-01-26 11:26:00,12.33,122.04,20,2.5,008 km N 12° W of Alcantara (Romblon)
2025-01-26 10:59:00,8.45,126.35,94,2.5,009 km N 07° E of Hinatuan (Surigao Del Sur)
2025-01-26 10:37:00,13.96,120.52,93,2.3,017 km S 57° W of Lian (Batangas)
2025-01-26 09:50:00,13.66,120.50,82,3.0,024 km S 36° W of Calatagan (Batangas)
2025-01-26 08:46:00,13.79,120.44,191,2.1,035 km S 78° E of Lubang (Occidental Mindoro)
2025-01-26 08:05:00,10.28,125.13,7,1.8,001 km N 54° W of Saint Bernard (Southern Leyte)
2025-01-26 08:04:00,10.39,122.64,35,1.5,012 km S 07° E of Sibunag (Guimaras)
2025-01-26 07:59:00,13.90,120.45,86,2.1,021 km N 68° W of Calatagan (Batangas)
2025-01-26 07:49:00,13.86,120.49,61,1.8,016 km N 77° W of Calatagan (Batangas)
2025-01-26 06:46:00,8.09,126.74,23,2.0,036 km N 82° E of Lingig (Surigao Del Sur)
2025-01-26 06:18:00,13.82,120.52,80,1.8,012 km S 85° W of Calatagan (Batangas)
2025-01-26 06:01:00,11.07,124.55,16,1.8,012 km S 05° W of Kananga (Leyte)
2025-01-26 05:48:00,9.17,126.22,12,1.6,012 km N 29° E of City Of Tandag (Surigao Del Sur)
2025-01-26 05:42:00,10.00,125.28,13,2.2,008 km S 39° E of San Francisco (Southern Leyte)
2025-01-26 05:31:00,5.62,124.69,15,2.8,044 km S 51° W of Maasim (Sarangani)
2025-01-26 05:13:00,8.94,126.29,20,2.0,003 km S 16° E of Bayabas (Surigao Del Sur)
2025-01-26 04:54:00,11.94,120.72,1,2.0,057 km S 83° E of Coron (Palawan)
2025-01-26 04:34:00,9.54,122.44,27,2.7,008 km S 18° W of Hinoba-an (Negros Occidental)
2025-01-26 03:37:00,15.19,120.08,30,1.9,004 km N 32° E of Cabangan (Zambales)
2025-01-26 03:30:00,10.45,123.14,3,1.9,011 km N 51° W of City Of Canlaon (Negros Oriental)
2025-01-26 03:29:00,8.90,126.53,28,1.5,025 km S 85° E of Cagwait (Surigao Del Sur)
2025-01-26 03:26:00,9.48,126.37,31,2.0,030 km N 40° E of Cortes (Surigao Del Sur)
2025-01-26 03:26:00,10.45,123.14,3,1.9,011 km N 50° W of City Of Canlaon (Negros Oriental)
2025-01-26 03:11:00,10.25,124.98,23,1.9,006 km S 01° W of Tomas Oppus (Southern Leyte)
2025-01-26 03:03:00,13.91,120.40,81,1.8,027 km N 71° W of Calatagan (Batangas)
2025-01-26 02:55:00,10.35,125.73,21,1.9,017 km S 86° E of Loreto (Dinagat Islands)
2025-01-26 02:39:00,9.37,126.30,26,2.2,016 km N 50° E of Cortes (Surigao Del Sur)
2025-01-26 02:14:00,10.08,125.18,29,1.4,004 km N 35° E of San Francisco (Southern Leyte)
2025-01-26 02:04:00,16.02,121.21,10,1.8,017 km N 68° E of Carranglan (Nueva Ecija)
2025-01-26 00:10:00,10.07,125.17,1,2.3,002 km N 35° E of San Francisco (Southern Leyte)
2025-01-26 00:08:00,7.74,125.48,9,1.7,016 km N 41° W of Talaingod (Davao Del Norte)
2025-01-25 23:50:00,17.49,121.38,31,2.5,009 km N 78° W of City Of Tabuk (Kalinga)
2025-01-25 23:28:00,8.74,126.41,17,2.0,013 km S 62° E of Marihatag (Surigao Del Sur)
2025-01-25 23:18:00,10.04,125.21,28,1.9,006 km S 71° E of San Francisco (Southern Leyte)
2025-01-25 23:18:00,14.21,119.68,21,2.3,062 km N 51° W of Lubang (Occidental Mindoro)
2025-01-25 22:39:00,10.14,126.21,1,2.5,020 km N 47° E of Burgos (Surigao Del Norte)
2025-01-25 22:13:00,10.07,125.21,34,2.0,006 km N 80° E of San Francisco (Southern Leyte)
2025-01-25 22:05:00,7.44,126.61,15,2.3,013 km N 23° E of Caraga (Davao Oriental)
2025-01-25 21:42:00,9.43,122.63,29,1.8,003 km N 22° W of Basay (Negros Oriental)
2025-01-25 21:34:00,9.38,126.34,32,1.6,020 km N 56° E of Cortes (Surigao Del Sur)
2025-01-25 21:13:00,7.79,122.30,9,1.4,021 km N 64° E of Siocon (Zamboanga Del Norte)
2025-01-25 21:04:00,7.15,125.75,53,2.4,009 km N 30° E of Island Garden City Of Samal (Davao Del Norte)
2025-01-25 21:02:00,8.62,126.27,34,1.4,015 km S 20° E of San Agustin (Surigao Del Sur)
2025-01-25 20:55:00,8.84,126.52,32,1.7,024 km N 79° E of Marihatag (Surigao Del Sur)
2025-01-25 20:34:00,17.98,121.63,17,1.9,009 km N 17° W of Alcala (Cagayan)
2025-01-25 20:26:00,9.66,126.20,32,1.7,014 km S 20° E of General Luna (Surigao Del Norte)
2025-01-25 19:46:00,11.59,125.26,1,2.0,018 km S 85° W of City Of Borongan (Eastern Samar)
2025-01-25 18:48:00,10.46,126.09,16,2.8,048 km N 02° E of Burgos (Surigao Del Norte)
2025-01-25 18:34:00,10.00,125.20,17,2.0,008 km S 40° E of San Francisco (Southern Leyte)
2025-01-25 18:34:00,10.03,125.16,29,1.6,003 km S 08° E of San Francisco (Southern Leyte)
2025-01-25 18:22:00,8.93,127.00,8,2.5,077 km N 89° E of Cagwait (Surigao Del Sur)
2025-01-25 18:13:00,12.40,120.75,33,2.0,025 km S 75° W of Rizal (Occidental Mindoro)
2025-01-25 17:00:00,11.27,124.59,6,2.3,006 km S 69° W of Capoocan (Leyte)
2025-01-25 16:14:00,8.50,126.82,1,2.2,055 km N 75° E of Hinatuan (Surigao Del Sur)
2025-01-25 14:54:00,8.49,126.76,2,2.9,048 km N 73° E of Hinatuan (Surigao Del Sur)
2025-01-25 12:55:00,10.02,125.26,15,2.5,012 km S 70° E of San Francisco (Southern Leyte)
2025-01-25 11:02:00,9.99,125.20,10,2.2,009 km S 28° E of San Francisco (Southern Leyte)
2025-01-25 11:00:00,8.62,126.52,47,2.8,032 km S 51° E of Marihatag (Surigao Del Sur)
2025-01-25 10:27:00,13.63,121.35,7,2.6,016 km S 82° E of Lobo (Batangas)
2025-01-25 10:22:00,13.98,120.61,93,2.0,008 km S 39° W of Lian (Batangas)
2025-01-25 09:13:00,10.02,125.22,22,2.2,008 km S 61° E of San Francisco (Southern Leyte)
2025-01-25 08:36:00,8.04,126.04,15,1.9,010 km S 74° E of Veruela (Agusan Del Sur)
2025-01-25 08:34:00,9.95,126.18,25,2.4,019 km N 06° E of General Luna (Surigao Del Norte)
2025-01-25 08:12:00,9.93,126.03,16,3.8,011 km S 27° W of Burgos (Surigao Del Norte)
2025-01-25 08:04:00,9.95,126.17,32,2.3,010 km N 79° E of San Isidro (Surigao Del Norte)
2025-01-25 07:44:00,14.75,119.48,17,3.0,069 km S 71° W of San Antonio (Zambales)
2025-01-25 07:25:00,9.25,125.63,19,2.4,008 km S 79° E of Santiago (Agusan Del Norte)
2025-01-25 05:55:00,10.05,125.18,10,2.0,002 km S 78° E of San Francisco (Southern Leyte)
2025-01-25 05:48:00,7.74,122.04,33,3.0,011 km N 73° W of Siocon (Zamboanga Del Norte)
2025-01-25 05:38:00,16.29,121.95,24,1.4,017 km N 02° W of Dinalungan (Aurora)
2025-01-25 05:30:00,10.34,122.40,24,2.0,026 km S 38° W of Nueva Valencia (Guimaras)
2025-01-25 05:16:00,10.01,125.21,19,2.7,007 km S 47° E of San Francisco (Southern Leyte)
2025-01-25 04:34:00,9.98,125.23,16,2.9,012 km S 41° E of San Francisco (Southern Leyte)
2025-01-25 04:16:00,14.50,122.08,101,1.5,028 km S 32° E of Polillo (Quezon)
2025-01-25 04:14:00,8.40,126.43,22,1.9,037 km S 67° E of Barobo (Surigao Del Sur)
2025-01-25 04:10:00,13.64,120.15,5,2.7,024 km S 06° E of Lubang (Occidental Mindoro)
2025-01-25 04:07:00,8.38,126.29,84,2.5,005 km N 77° W of Hinatuan (Surigao Del Sur)
2025-01-25 03:56:00,9.82,126.14,33,2.1,004 km N 22° W of General Luna (Surigao Del Norte)
2025-01-25 03:52:00,15.03,120.40,5,1.8,015 km N 66° W of Floridablanca (Pampanga)
2025-01-25 03:34:00,9.99,125.18,7,2.0,008 km S 15° E of San Francisco (Southern Leyte)
2025-01-25 03:29:00,18.85,121.04,11,1.9,028 km N 09° W of Claveria (Cagayan)
2025-01-25 02:59:00,12.65,123.44,3,1.5,016 km N 17° E of Aroroy (Masbate)
2025-01-25 02:55:00,5.80,126.13,156,2.5,055 km S 77° E of Jose Abad Santos (Davao Occidental)
2025-01-25 02:21:00,11.93,125.05,28,1.4,014 km S 11° E of San Jose De Buan (Samar)
2025-01-25 02:06:00,9.80,122.49,13,1.4,007 km N 64° E of City Of Sipalay (Negros Occidental)
2025-01-25 02:06:00,15.00,122.05,15,1.7,020 km N 27° E of Burdeos (Quezon)
2025-01-25 01:42:00,18.39,121.30,88,2.2,018 km N 25° W of Pudtol (Apayao)
2025-01-25 01:40:00,13.02,124.41,26,1.8,024 km S 85° E of Prieto Diaz (Sorsogon)
2025-01-25 01:33:00,13.63,120.53,86,3.2,024 km N 16° E of Paluan (Occidental Mindoro)
2025-01-25 01:30:00,6.94,124.97,10,2.3,010 km S 86° E of M'lang (Cotabato)
2025-01-25 01:15:00,10.04,125.19,27,2.2,004 km S 68° E of San Francisco (Southern Leyte)
2025-01-25 01:02:00,10.37,125.92,17,3.0,041 km N 18° W of Santa Monica (Surigao Del Norte)
2025-01-25 00:06:00,10.09,125.19,9,2.9,005 km N 42° E of San Francisco (Southern Leyte)
2025-01-24 23:56:00,10.03,125.20,25,1.4,006 km S 61° E of San Francisco (Southern Leyte)
2025-01-24 23:53:00,18.94,121.07,4,2.4,024 km S 38° W of Dalupiri Island (Calayan) (Cagayan)
2025-01-24 23:34:00,9.99,125.21,35,2.1,009 km S 41° E of San Francisco (Southern Leyte)
2025-01-24 23:16:00,16.74,120.50,30,2.0,012 km S 08° W of Sugpon (Ilocos Sur)
2025-01-24 22:53:00,10.00,125.22,20,2.0,009 km S 47° E of San Francisco (Southern Leyte)
2025-01-24 22:34:00,8.82,126.60,24,2.0,034 km N 86° E of Marihatag (Surigao Del Sur)
2025-01-24 22:23:00,17.48,120.66,1,2.6,007 km N 39° W of Manabo (Abra)
2025-01-24 22:19:00,10.07,125.22,33,1.8,007 km N 82° E of San Francisco (Southern Leyte)
2025-01-24 21:56:00,8.88,126.63,22,1.6,037 km S 84° E of Cagwait (Surigao Del Sur)
2025-01-24 21:56:00,10.04,125.24,23,2.2,009 km S 81° E of San Francisco (Southern Leyte)
2025-01-24 21:55:00,14.02,120.59,94,1.6,007 km S 76° W of Lian (Batangas)
2025-01-24 21:15:00,10.09,125.19,17,2.1,005 km N 46° E of San Francisco (Southern Leyte)
2025-01-24 20:54:00,10.02,125.09,15,1.6,008 km S 61° W of San Francisco (Southern Leyte)
2025-01-24 20:28:00,10.09,125.21,3,2.7,007 km N 61° E of San Francisco (Southern Leyte)
2025-01-24 20:19:00,10.06,126.77,8,4.0,073 km N 65° E of General Luna (Surigao Del Norte)
2025-01-24 20:14:00,10.05,125.18,32,1.4,003 km S 68° E of San Francisco (Southern Leyte)
2025-01-24 19:51:00,10.11,125.17,32,2.1,006 km N 16° E of San Francisco (Southern Leyte)
2025-01-24 18:45:00,5.22,125.79,93,2.2,045 km S 52° E of Sarangani Island (Municipality Of Sarangani) (Davao Occidental)
2025-01-24 18:10:00,8.50,125.94,11,1.8,019 km N 72° E of Talacogon (Agusan Del Sur)
2025-01-24 17:06:00,12.45,123.96,19,1.6,019 km N 81° E of Batuan (Masbate)
2025-01-24 15:56:00,9.88,126.09,20,2.4,002 km N 42° W of Pilar (Surigao Del Norte)
2025-01-24 15:35:00,9.98,125.15,33,2.2,009 km S 08° W of San Francisco (Southern Leyte)
2025-01-24 14:53:00,9.99,126.06,9,2.8,003 km S 27° W of Burgos (Surigao Del Norte)
2025-01-24 14:33:00,8.17,126.20,33,2.2,014 km S 69° W of City Of Bislig (Surigao Del Sur)
2025-01-24 13:34:00,12.34,123.76,11,2.5,009 km S 11° W of Batuan (Masbate)
2025-01-24 12:12:00,9.98,125.18,6,2.7,008 km S 20° E of San Francisco (Southern Leyte)
2025-01-24 12:01:00,8.68,126.55,30,1.8,030 km S 65° E of Marihatag (Surigao Del Sur)
2025-01-24 11:18:00,13.55,119.90,35,1.6,042 km S 64° W of Looc (Occidental Mindoro)
2025-01-24 11:05:00,10.15,125.23,33,1.8,013 km N 39° E of San Francisco (Southern Leyte)
2025-01-24 10:56:00,9.95,125.15,30,1.6,012 km S 05° W of San Francisco (Southern Leyte)
2025-01-24 10:49:00,8.64,125.54,12,2.1,025 km S 71° W of City Of Bayugan (Agusan Del Sur)
2025-01-24 10:42:00,9.57,122.49,19,3.0,004 km S 43° E of Hinoba-an (Negros Occidental)
2025-01-24 10:28:00,7.98,126.40,31,2.4,007 km S 14° W of Lingig (Surigao Del Sur)
2025-01-24 09:54:00,10.04,125.23,16,1.7,008 km S 73° E of San Francisco (Southern Leyte)
2025-01-24 09:48:00,17.11,122.63,1,2.7,022 km N 77° E of Palanan (Isabela)
2025-01-24 09:20:00,12.88,122.84,8,2.9,031 km S 28° W of San Pascual (Masbate)
2025-01-24 08:55:00,9.79,126.29,33,2.5,015 km N 87° E of General Luna (Surigao Del Norte)
2025-01-24 08:34:00,12.36,125.49,9,2.2,020 km N 07° W of San Policarpo (Eastern Samar)
2025-01-24 08:17:00,9.03,125.83,16,1.7,025 km N 67° W of San Miguel (Surigao Del Sur)
2025-01-24 07:24:00,8.20,126.15,34,1.9,019 km S 84° W of City Of Bislig (Surigao Del Sur)
2025-01-24 07:00:00,10.12,125.23,24,2.1,010 km N 49° E of San Francisco (Southern Leyte)
2025-01-24 06:47:00,9.97,125.19,11,1.8,010 km S 18° E of San Francisco (Southern Leyte)
2025-01-24 06:35:00,13.19,120.56,3,1.6,006 km S 44° W of Mamburao (Occidental Mindoro)
2025-01-24 06:05:00,10.25,125.28,26,1.5,003 km S 42° E of Anahawan (Southern Leyte)
2025-01-24 06:03:00,10.19,125.27,22,2.5,020 km N 40° E of San Francisco (Southern Leyte)
2025-01-24 05:59:00,10.00,125.20,33,1.9,008 km S 37° E of San Francisco (Southern Leyte)
2025-01-24 05:56:00,17.88,120.41,1,3.6,006 km N 76° W of Sinait (Ilocos Sur)
2025-01-24 05:45:00,13.93,120.42,78,2.6,026 km N 64° W of Calatagan (Batangas)
2025-01-24 05:26:00,10.18,125.26,18,2.0,018 km N 39° E of San Francisco (Southern Leyte)
2025-01-24 05:16:00,8.20,123.19,23,1.7,010 km S 57° E of Siayan (Zamboanga Del Norte)
2025-01-24 05:13:00,10.07,125.23,28,1.7,008 km N 83° E of San Francisco (Southern Leyte)
2025-01-24 05:03:00,18.21,120.88,1,1.7,010 km N 40° E of Carasi (Ilocos Norte)
2025-01-24 04:50:00,9.96,125.19,33,1.4,011 km S 17° E of San Francisco (Southern Leyte)
2025-01-24 04:48:00,8.99,126.52,29,2.2,027 km N 86° E of Bayabas (Surigao Del Sur)
2025-01-24 04:48:00,10.01,125.12,33,1.6,007 km S 38° W of San Francisco (Southern Leyte)
2025-01-24 04:35:00,10.10,125.19,32,2.1,006 km N 40° E of San Francisco (Southern Leyte)
2025-01-24 04:28:00,7.55,122.93,38,1.4,005 km N 17° W of Alicia (Zamboanga Sibugay)
2025-01-24 04:25:00,9.99,125.12,32,1.4,008 km S 28° W of San Francisco (Southern Leyte)
2025-01-24 04:23:00,10.08,125.18,32,1.5,004 km N 39° E of San Francisco (Southern Leyte)
2025-01-24 04:21:00,13.75,120.15,28,1.4,011 km N 75° W of Looc (Occidental Mindoro)
2025-01-24 04:20:00,13.95,120.43,78,1.4,025 km N 59° W of Calatagan (Batangas)
2025-01-24 04:14:00,10.02,125.20,33,2.3,006 km S 51° E of San Francisco (Southern Leyte)
2025-01-24 03:37:00,13.95,120.60,91,2.2,013 km N 17° W of Calatagan (Batangas)
2025-01-24 03:15:00,9.98,125.20,24,2.1,010 km S 30° E of San Francisco (Southern Leyte)
2025-01-24 03:02:00,8.02,126.68,37,2.1,030 km S 87° E of Lingig (Surigao Del Sur)
2025-01-24 03:01:00,10.11,125.23,8,2.4,010 km N 52° E of San Francisco (Southern Leyte)
2025-01-24 02:51:00,10.62,125.65,88,4.4,015 km S 32° W of Homonhon Island (Guiuan) (Eastern Samar)
2025-01-24 02:42:00,10.90,124.98,19,1.6,003 km N 68° E of La Paz (Leyte)
2025-01-24 02:33:00,10.07,125.21,9,2.0,006 km N 76° E of San Francisco (Southern Leyte)
2025-01-24 02:29:00,10.02,125.22,33,1.5,008 km S 58° E of San Francisco (Southern Leyte)
2025-01-24 02:24:00,10.04,125.14,34,1.5,003 km S 33° W of San Francisco (Southern Leyte)
2025-01-24 02:22:00,18.64,121.18,6,1.9,011 km N 69° E of Claveria (Cagayan)
2025-01-24 02:19:00,9.89,125.14,27,1.7,019 km S 04° W of San Francisco (Southern Leyte)
2025-01-24 02:03:00,8.11,126.89,4,3.6,053 km N 81° E of Lingig (Surigao Del Sur)
2025-01-24 01:46:00,10.06,125.23,22,2.5,008 km N 85° E of San Francisco (Southern Leyte)
2025-01-24 01:40:00,10.17,125.28,24,2.3,018 km N 47° E of San Francisco (Southern Leyte)
2025-01-24 01:30:00,8.12,126.61,32,1.7,023 km N 67° E of Lingig (Surigao Del Sur)
2025-01-24 01:28:00,10.00,125.20,14,2.2,007 km S 37° E of San Francisco (Southern Leyte)
2025-01-24 01:18:00,9.93,125.19,35,1.8,015 km S 14° E of San Francisco (Southern Leyte)
2025-01-24 01:17:00,8.14,126.82,11,2.0,046 km N 77° E of Lingig (Surigao Del Sur)
2025-01-24 01:16:00,8.18,126.72,14,2.1,038 km N 65° E of Lingig (Surigao Del Sur)
2025-01-24 01:09:00,10.03,125.21,25,2.0,007 km S 65° E of San Francisco (Southern Leyte)
2025-01-24 00:35:00,8.08,124.11,31,1.4,013 km S 28° W of Linamon (Lanao Del Norte)
2025-01-24 00:29:00,15.36,119.09,22,2.1,088 km S 84° W of Palauig (Zambales)
2025-01-24 00:26:00,7.67,122.30,31,2.5,019 km S 78° E of Siocon (Zamboanga Del Norte)
2025-01-24 00:26:00,10.10,125.18,32,1.7,005 km N 32° E of San Francisco (Southern Leyte)
2025-01-24 00:22:00,8.01,126.55,21,1.9,016 km S 78° E of Lingig (Surigao Del Sur)
2025-01-24 00:16:00,11.74,125.17,22,1.8,012 km N 71° E of Hinabangan (Samar)
2025-01-23 23:56:00,10.05,125.20,33,1.8,005 km S 77° E of San Francisco (Southern Leyte)
2025-01-23 23:55:00,8.37,125.85,33,2.2,011 km N 26° E of La Paz (Agusan Del Sur)
2025-01-23 23:53:00,10.01,125.21,33,1.5,009 km S 48° E of San Francisco (Southern Leyte)
2025-01-23 23:45:00,9.50,126.35,35,2.2,038 km S 34° E of General Luna (Surigao Del Norte)
2025-01-23 23:45:00,12.26,125.06,32,1.6,009 km S 22° E of Las Navas (Northern Samar)
2025-01-23 23:34:00,9.89,125.07,17,1.3,021 km S 26° W of San Francisco (Southern Leyte)
2025-01-23 23:24:00,9.53,124.62,5,2.1,024 km S 13° E of Anda (Bohol)
2025-01-23 23:07:00,10.11,125.08,31,1.8,010 km N 57° W of San Francisco (Southern Leyte)
2025-01-23 22:56:00,17.32,120.44,83,3.5,002 km N 10° W of Santiago (Ilocos Sur)
2025-01-23 22:52:00,17.20,120.43,8,2.1,004 km N 21° W of City Of Candon (Ilocos Sur)
2025-01-23 22:44:00,10.04,125.20,34,2.0,005 km S 71° E of San Francisco (Southern Leyte)
2025-01-23 22:35:00,5.77,123.94,24,2.2,056 km S 30° W of Palimbang (Sultan Kudarat)
2025-01-23 22:29:00,7.77,122.30,7,1.8,019 km N 69° E of Siocon (Zamboanga Del Norte)
2025-01-23 22:18:00,8.58,126.80,4,3.7,056 km N 65° E of Hinatuan (Surigao Del Sur)
2025-01-23 22:13:00,10.69,122.92,32,2.1,009 km S 42° W of City Of Talisay (Negros Occidental)
2025-01-23 22:01:00,13.98,120.46,87,2.1,021 km S 60° W of Nasugbu (Batangas)
2025-01-23 21:54:00,18.50,121.00,7,2.0,007 km S 10° E of Santa Praxedes (Cagayan)
2025-01-23 21:37:00,6.21,124.03,33,2.0,019 km N 86° W of Palimbang (Sultan Kudarat)
2025-01-23 21:31:00,4.12,125.77,2,2.8,148 km S 15° E of Balut Island (Municipality Of Sarangani) (Davao Occidental)
2025-01-23 21:14:00,15.01,119.98,32,2.5,011 km S 89° W of San Narciso (Zambales)
2025-01-23 20:40:00,10.28,125.34,51,2.2,013 km S 50° E of Hinundayan (Southern Leyte)
2025-01-23 20:32:00,8.85,126.52,31,2.8,025 km N 77° E of Marihatag (Surigao Del Sur)
2025-01-23 20:12:00,10.01,125.17,15,2.3,006 km S 19° E of San Francisco (Southern Leyte)
2025-01-23 20:11:00,9.97,125.20,20,2.3,011 km S 23° E of San Francisco (Southern Leyte)
2025-01-23 19:35:00,10.02,125.20,9,2.8,006 km S 46° E of San Francisco (Southern Leyte)
2025-01-23 19:23:00,14.99,119.98,22,2.7,011 km S 76° W of San Narciso (Zambales)
2025-01-23 18:44:00,9.96,125.20,21,2.3,012 km S 26° E of San Francisco (Southern Leyte)
2025-01-23 18:41:00,8.47,126.54,19,2.5,026 km N 62° E of Hinatuan (Surigao Del Sur)
2025-01-23 18:12:00,7.41,123.58,34,1.8,019 km S 71° E of Tabina (Zamboanga Del Sur)
2025-01-23 17:45:00,10.04,125.16,34,1.7,002 km S 11° E of San Francisco (Southern Leyte)
2025-01-23 17:34:00,6.68,126.24,29,3.4,018 km N 80° E of Governor Generoso (Davao Oriental)
2025-01-23 17:31:00,15.66,121.41,32,1.5,014 km S 61° W of San Luis (Aurora)
2025-01-23 17:21:00,10.15,125.25,25,2.0,014 km N 44° E of San Francisco (Southern Leyte)
2025-01-23 17:18:00,10.01,125.19,13,2.7,007 km S 30° E of San Francisco (Southern Leyte)
2025-01-23 16:54:00,10.01,125.13,33,1.9,006 km S 34° W of San Francisco (Southern Leyte)
2025-01-23 16:23:00,9.70,126.21,32,2.4,011 km S 32° E of General Luna (Surigao Del Norte)
2025-01-23 15:58:00,10.08,125.21,21,2.3,006 km N 65° E of San Francisco (Southern Leyte)
2025-01-23 15:39:00,5.09,125.22,41,3.1,042 km S 32° W of Balut Island (Municipality Of Sarangani) (Davao Occidental)
2025-01-23 15:35:00,8.65,126.86,7,2.0,064 km S 75° E of Marihatag (Surigao Del Sur)
2025-01-23 14:52:00,10.08,125.23,23,2.3,008 km N 69° E of San Francisco (Southern Leyte)
2025-01-23 14:34:00,10.18,125.16,31,1.6,014 km N 01° E of San Francisco (Southern Leyte)
2025-01-23 14:29:00,12.69,123.40,33,2.2,020 km N 01° W of Aroroy (Masbate)
2025-01-23 13:33:00,10.19,125.17,31,2.0,015 km N 05° E of San Francisco (Southern Leyte)
2025-01-23 13:22:00,10.14,125.29,21,1.9,017 km N 57° E of San Francisco (Southern Leyte)
2025-01-23 12:56:00,10.03,125.21,23,1.8,006 km S 66° E of San Francisco (Southern Leyte)
2025-01-23 11:46:00,7.70,122.27,27,2.2,015 km S 87° E of Siocon (Zamboanga Del Norte)
2025-01-23 11:41:00,7.69,122.12,39,5.4,002 km S 34° W of Siocon (Zamboanga Del Norte)
2025-01-23 11:02:00,10.15,125.22,16,2.3,012 km N 33° E of San Francisco (Southern Leyte)
2025-01-23 10:58:00,9.99,125.18,19,2.8,008 km S 16° E of San Francisco (Southern Leyte)
2025-01-23 10:51:00,9.98,125.17,19,1.8,008 km S 11° E of San Francisco (Southern Leyte)
2025-01-23 10:42:00,9.93,125.21,22,2.5,004 km S 70° W of Pintuyan (Southern Leyte)
2025-01-23 10:40:00,10.05,125.18,30,1.9,002 km S 78° E of San Francisco (Southern Leyte)
2025-01-23 10:27:00,9.98,125.26,32,1.8,014 km S 53° E of San Francisco (Southern Leyte)
2025-01-23 10:22:00,9.45,126.76,21,2.1,065 km N 73° E of Cortes (Surigao Del Sur)
2025-01-23 10:18:00,7.39,126.76,13,2.5,023 km N 73° E of Caraga (Davao Oriental)
2025-01-23 10:04:00,9.99,125.15,19,2.3,008 km S 04° W of San Francisco (Southern Leyte)
2025-01-23 09:59:00,10.05,125.21,24,2.7,005 km S 82° E of San Francisco (Southern Leyte)
2025-01-23 09:50:00,9.98,125.19,20,2.3,009 km S 27° E of San Francisco (Southern Leyte)
2025-01-23 09:45:00,9.96,125.24,10,2.9,010 km S 36° E of San Francisco (Southern Leyte)
2025-01-23 09:36:00,10.14,125.13,36,1.6,009 km N 17° W of San Francisco (Southern Leyte)
2025-01-23 09:24:00,9.99,125.26,32,1.7,013 km S 57° E of San Francisco (Southern Leyte)
2025-01-23 09:18:00,9.68,126.19,32,1.6,012 km S 19° E of General Luna (Surigao Del Norte)
2025-01-23 09:18:00,13.94,120.40,84,2.6,028 km N 65° W of Calatagan (Batangas)
2025-01-23 09:07:00,10.08,125.25,8,2.0,010 km N 76° E of San Francisco (Southern Leyte)
2025-01-23 09:01:00,9.99,125.20,20,3.1,009 km S 31° E of San Francisco (Southern Leyte)
2025-01-23 08:48:00,10.03,125.21,19,2.4,006 km S 62° E of San Francisco (Southern Leyte)
2025-01-23 08:42:00,10.00,125.21,19,2.2,008 km S 42° E of San Francisco (Southern Leyte)
2025-01-23 08:39:00,10.04,125.20,13,1.7,005 km S 68° E of San Francisco (Southern Leyte)
2025-01-23 08:18:00,10.02,125.16,33,1.8,005 km S 07° E of San Francisco (Southern Leyte)
2025-01-23 08:18:00,10.15,125.16,41,1.6,011 km N 02° E of San Francisco (Southern Leyte)
2025-01-23 08:16:00,10.02,125.21,14,1.8,008 km S 55° E of San Francisco (Southern Leyte)
2025-01-23 08:03:00,10.05,125.20,8,1.7,005 km S 77° E of San Francisco (Southern Leyte)
2025-01-23 07:59:00,10.04,125.20,23,2.4,005 km S 66° E of San Francisco (Southern Leyte)
2025-01-23 07:56:00,9.98,125.18,19,2.6,009 km S 13° E of San Francisco (Southern Leyte)
2025-01-23 07:53:00,10.10,125.19,17,2.4,006 km N 33° E of San Francisco (Southern Leyte)
2025-01-23 07:44:00,10.14,125.18,2,2.8,010 km N 17° E of San Francisco (Southern Leyte)
2025-01-23 07:39:00,10.01,125.18,11,5.8,006 km S 22° E of San Francisco (Southern Leyte)
2025-01-23 07:34:00,7.27,123.58,25,2.7,029 km S 41° E of Tabina (Zamboanga Del Sur)
2025-01-23 07:02:00,7.89,126.41,22,1.9,005 km N 63° E of Boston (Davao Oriental)
2025-01-23 06:42:00,6.46,124.05,3,2.2,011 km S 02° E of Kalamansig (Sultan Kudarat)
2025-01-23 06:22:00,8.83,126.55,11,3.8,028 km N 83° E of Marihatag (Surigao Del Sur)
2025-01-23 06:19:00,8.22,126.92,14,2.5,059 km N 70° E of Lingig (Surigao Del Sur)
2025-01-23 06:18:00,8.89,122.48,10,2.9,060 km S 17° W of Basay (Negros Oriental)
2025-01-23 05:57:00,8.34,127.28,1,3.0,101 km N 71° E of Lingig (Surigao Del Sur)
2025-01-23 04:37:00,7.41,126.29,32,2.3,021 km N 61° E of Maragusan (Davao De Oro)
2025-01-23 04:15:00,12.02,125.09,28,2.4,008 km S 65° E of San Jose De Buan (Samar)
2025-01-23 03:49:00,13.96,120.52,91,1.8,017 km S 44° W of Nasugbu (Batangas)
2025-01-23 03:30:00,8.30,126.61,56,2.3,031 km S 77° E of Hinatuan (Surigao Del Sur)
2025-01-23 03:08:00,15.57,119.32,5,2.5,067 km S 71° W of Santa Cruz (Zambales)
2025-01-23 03:06:00,9.73,122.26,26,1.9,020 km S 77° W of City Of Sipalay (Negros Occidental)
2025-01-23 03:05:00,17.47,120.13,4,2.2,028 km S 73° W of Caoayan (Ilocos Sur)
2025-01-23 02:50:00,9.48,122.39,10,2.2,016 km S 29° W of Hinoba-an (Negros Occidental)
2025-01-23 02:40:00,10.34,125.17,20,2.1,007 km S 24° W of Hinunangan (Southern Leyte)
2025-01-23 02:33:00,9.67,126.21,34,1.3,013 km S 27° E of General Luna (Surigao Del Norte)
2025-01-23 02:25:00,7.69,126.86,12,2.9,035 km N 69° E of Baganga (Davao Oriental)
2025-01-23 02:25:00,10.05,126.08,10,1.7,003 km N 14° E of Burgos (Surigao Del Norte)
2025-01-23 02:18:00,18.22,122.03,3,1.5,006 km S 31° E of Gonzaga (Cagayan)
2025-01-23 02:17:00,12.79,124.69,9,2.5,031 km N 12° W of Mondragon (Northern Samar)
2025-01-23 02:10:00,9.01,126.50,23,2.4,024 km N 78° E of Bayabas (Surigao Del Sur)
2025-01-23 01:56:00,13.53,120.68,85,2.1,011 km N 26° W of Abra De Ilog (Occidental Mindoro)
2025-01-23 01:48:00,13.88,120.41,77,1.8,024 km N 77° W of Calatagan (Batangas)
2025-01-23 01:07:00,13.92,120.45,78,1.4,022 km N 63° W of Calatagan (Batangas)
2025-01-23 00:52:00,8.89,126.50,27,1.8,022 km S 81° E of Cagwait (Surigao Del Sur)
2025-01-23 00:32:00,7.82,127.18,2,2.9,073 km N 68° E of Baganga (Davao Oriental)
2025-01-23 00:27:00,16.88,122.56,15,2.5,025 km S 34° E of Palanan (Isabela)
2025-01-22 23:46:00,17.87,120.31,25,2.9,015 km N 87° W of Sinait (Ilocos Sur)
2025-01-22 23:35:00,9.70,126.31,31,1.9,020 km S 61° E of General Luna (Surigao Del Norte)
2025-01-22 22:57:00,9.68,126.24,34,1.7,015 km S 38° E of General Luna (Surigao Del Norte)
2025-01-22 22:51:00,17.02,120.39,25,1.4,009 km S 40° W of Santa Cruz (Ilocos Sur)
2025-01-22 22:50:00,9.65,126.15,33,2.2,015 km S 03° W of General Luna (Surigao Del Norte)
2025-01-22 22:46:00,19.92,121.37,15,2.7,069 km S 49° W of Sabtang (Batanes)
2025-01-22 22:01:00,9.66,126.18,33,1.5,014 km S 12° E of General Luna (Surigao Del Norte)
2025-01-22 21:49:00,9.70,126.24,32,2.3,013 km S 46° E of General Luna (Surigao Del Norte)
2025-01-22 21:48:00,9.66,126.05,15,3.2,018 km S 42° W of General Luna (Surigao Del Norte)
2025-01-22 21:46:00,9.75,126.16,29,2.9,003 km S 11° E of General Luna (Surigao Del Norte)
2025-01-22 21:33:00,9.67,126.21,22,4.5,013 km S 28° E of General Luna (Surigao Del Norte)
2025-01-22 21:24:00,9.12,126.31,38,3.2,017 km N 09° E of Bayabas (Surigao Del Sur)
2025-01-22 21:09:00,11.59,124.39,12,2.1,003 km N 17° W of Naval (Biliran)
2025-01-22 20:56:00,8.26,126.41,23,2.5,012 km N 62° E of City Of Bislig (Surigao Del Sur)
2025-01-22 20:21:00,10.47,122.51,27,1.7,007 km S 27° W of Nueva Valencia (Guimaras)
2025-01-22 19:22:00,18.03,120.20,16,2.1,030 km N 87° W of Currimao (Ilocos Norte)
2025-01-22 19:14:00,16.06,119.89,25,3.4,003 km N 76° E of Burgos (Pangasinan)
2025-01-22 18:05:00,9.74,126.06,21,2.1,002 km S 25° E of Dapa (Surigao Del Norte)
2025-01-22 17:26:00,11.28,125.70,1,2.9,012 km S 53° E of Hernani (Eastern Samar)
2025-01-22 16:19:00,11.47,124.42,4,2.6,011 km S 11° E of Naval (Biliran)
2025-01-22 16:18:00,18.63,121.79,1,2.9,032 km S 14° W of Camiguin Island (Calayan) (Cagayan)
2025-01-22 13:14:00,10.75,122.74,32,1.9,009 km S 22° E of Dumangas (Iloilo)
2025-01-22 10:47:00,8.18,126.48,54,1.7,018 km S 77° E of City Of Bislig (Surigao Del Sur)
2025-01-22 10:30:00,21.17,121.02,1,3.6,095 km N 63° W of Itbayat (Batanes)
2025-01-22 09:01:00,13.76,120.18,27,1.6,012 km S 31° E of Lubang (Occidental Mindoro)
2025-01-22 08:48:00,7.94,126.72,33,1.5,034 km N 61° E of Cateel (Davao Oriental)
2025-01-22 07:25:00,8.86,126.82,9,2.9,058 km S 83° E of Cagwait (Surigao Del Sur)
2025-01-22 07:13:00,10.24,126.07,7,2.1,024 km N 02° W of Burgos (Surigao Del Norte)
2025-01-22 04:27:00,18.56,120.98,3,2.2,002 km S 82° W of Santa Praxedes (Cagayan)
2025-01-22 03:26:00,8.27,126.48,88,3.4,019 km N 71° E of City Of Bislig (Surigao Del Sur)
2025-01-22 03:16:00,13.94,120.41,82,2.6,027 km N 63° W of Calatagan (Batangas)
2025-01-22 03:10:00,18.61,120.89,8,2.0,012 km N 63° E of Pagudpud (Ilocos Norte)
2025-01-22 03:06:00,21.21,120.84,15,3.5,114 km N 66° W of Itbayat (Batanes)
2025-01-22 02:48:00,21.11,121.12,14,5.0,083 km N 65° W of Itbayat (Batanes)
2025-01-22 01:46:00,8.99,126.31,29,1.8,004 km N 50° E of Bayabas (Surigao Del Sur)
2025-01-22 01:39:00,5.18,126.87,53,3.5,158 km S 59° E of Jose Abad Santos (Davao Occidental)
2025-01-22 01:25:00,17.40,120.12,24,1.8,034 km S 52° W of Santa Catalina (Ilocos Sur)
2025-01-22 01:07:00,16.58,120.08,50,3.2,026 km S 81° W of City Of San Fernando (La Union)
2025-01-22 01:00:00,18.05,120.54,25,2.1,002 km S 61° E of Paoay (Ilocos Norte)
2025-01-22 00:41:00,7.90,126.90,12,1.8,051 km N 77° E of Cateel (Davao Oriental)
2025-01-22 00:38:00,8.92,126.46,19,1.7,018 km N 88° E of Cagwait (Surigao Del Sur)
2025-01-21 23:53:00,13.91,120.43,84,2.5,024 km N 68° W of Calatagan (Batangas)
2025-01-21 22:57:00,10.16,124.82,29,1.8,004 km N 41° W of City Of Maasin (Southern Leyte)
2025-01-21 22:36:00,11.69,125.34,24,2.1,014 km N 46° W of City Of Borongan (Eastern Samar)
2025-01-21 19:13:00,5.39,127.02,37,3.4,163 km S 69° E of Jose Abad Santos (Davao Occidental)
2025-01-21 17:35:00,15.53,119.81,27,3.1,015 km N 46° W of Palauig (Zambales)
2025-01-21 17:13:00,13.42,120.39,34,1.6,008 km S 89° W of Paluan (Occidental Mindoro)
2025-01-21 17:12:00,6.90,126.23,45,2.2,006 km S 16° E of City Of Mati (Davao Oriental)
2025-01-21 16:51:00,6.56,126.18,41,3.4,016 km S 49° E of Governor Generoso (Davao Oriental)
2025-01-21 16:16:00,13.89,120.41,77,2.2,025 km N 74° W of Calatagan (Batangas)
2025-01-21 14:41:00,11.02,124.76,8,2.4,013 km N 35° E of Albuera (Leyte)
2025-01-21 14:32:00,16.10,120.10,12,2.7,004 km N 04° E of Sual (Pangasinan)
2025-01-21 14:26:00,13.91,120.37,79,2.0,025 km N 32° E of Looc (Occidental Mindoro)
2025-01-21 14:25:00,13.92,120.44,83,1.8,023 km N 65° W of Calatagan (Batangas)
2025-01-21 13:34:00,13.93,120.46,86,2.5,021 km N 60° W of Calatagan (Batangas)
2025-01-21 13:28:00,5.53,125.34,24,2.5,015 km N 35° W of Balut Island (Municipality Of Sarangani) (Davao Occidental)
2025-01-21 13:15:00,13.23,120.91,32,1.5,025 km S 54° W of Baco (Oriental Mindoro)
2025-01-21 11:31:00,9.56,122.39,12,2.4,010 km S 64° W of Hinoba-an (Negros Occidental)
2025-01-21 09:32:00,8.64,126.80,24,1.4,059 km N 60° E of Hinatuan (Surigao Del Sur)
2025-01-21 08:17:00,7.64,126.43,135,2.0,016 km N 62° W of Baganga (Davao Oriental)
2025-01-21 07:49:00,9.93,126.06,26,2.3,003 km S 71° W of San Isidro (Surigao Del Norte)
2025-01-21 06:01:00,13.99,120.62,91,1.6,006 km S 39° W of Lian (Batangas)
2025-01-21 05:47:00,13.75,120.14,26,1.2,012 km S 10° E of Lubang (Occidental Mindoro)
2025-01-21 04:31:00,10.39,125.97,13,1.9,041 km N 10° W of Santa Monica (Surigao Del Norte)
2025-01-21 04:13:00,13.95,120.53,87,1.7,017 km N 42° W of Calatagan (Batangas)
2025-01-21 04:09:00,13.76,120.10,29,1.5,012 km S 14° W of Lubang (Occidental Mindoro)
2025-01-21 03:40:00,13.97,120.50,87,2.1,021 km N 45° W of Calatagan (Batangas)
2025-01-21 03:25:00,13.80,120.08,32,1.4,008 km S 34° W of Lubang (Occidental Mindoro)
2025-01-21 02:34:00,13.95,120.47,82,1.5,022 km N 54° W of Calatagan (Batangas)
2025-01-21 02:33:00,13.80,120.06,33,1.5,009 km S 46° W of Lubang (Occidental Mindoro)
2025-01-21 02:31:00,13.71,122.76,2,2.6,013 km S 16° W of Ragay (Camarines Sur)
2025-01-21 02:25:00,12.25,124.93,28,1.5,012 km S 48° E of Silvino Lobos (Northern Samar)
2025-01-21 02:19:00,13.96,120.47,84,2.1,022 km N 51° W of Calatagan (Batangas)
2025-01-21 02:18:00,13.81,120.06,33,1.4,008 km S 50° W of Lubang (Occidental Mindoro)
2025-01-21 02:06:00,10.99,124.79,1,3.0,011 km N 82° W of Burauen (Leyte)
2025-01-21 01:59:00,13.80,120.14,30,1.8,007 km S 13° E of Lubang (Occidental Mindoro)
2025-01-21 01:43:00,13.82,120.05,32,1.4,009 km S 61° W of Lubang (Occidental Mindoro)
2025-01-21 01:28:00,5.56,123.96,25,2.3,081 km S 47° W of Maitum (Sarangani)
2025-01-21 01:23:00,13.93,120.42,78,1.6,026 km N 66° W of Calatagan (Batangas)
2025-01-21 01:18:00,11.00,124.79,5,2.9,012 km N 78° W of Burauen (Leyte)
2025-01-21 00:16:00,5.61,124.81,22,2.5,034 km S 36° W of Maasim (Sarangani)
2025-01-21 00:13:00,13.93,120.46,84,1.8,021 km N 60° W of Calatagan (Batangas)
2025-01-20 23:58:00,13.91,120.45,86,2.2,021 km N 66° W of Calatagan (Batangas)
2025-01-20 23:53:00,13.70,122.75,1,2.7,014 km S 20° W of Ragay (Camarines Sur)
2025-01-20 23:52:00,13.67,122.75,7,3.8,017 km S 16° W of Ragay (Camarines Sur)
2025-01-20 23:32:00,13.92,120.47,91,2.4,020 km N 62° W of Calatagan (Batangas)
2025-01-20 23:10:00,15.46,121.68,11,1.6,032 km N 75° E of Dingalan (Aurora)
2025-01-20 23:01:00,13.95,120.50,87,1.9,020 km N 48° W of Calatagan (Batangas)
2025-01-20 22:29:00,13.73,120.07,24,1.3,015 km S 21° W of Lubang (Occidental Mindoro)
2025-01-20 22:28:00,8.08,123.10,19,2.3,024 km N 76° W of Midsalip (Zamboanga Del Sur)
2025-01-20 22:16:00,13.79,120.08,33,1.6,009 km S 27° W of Lubang (Occidental Mindoro)
2025-01-20 22:12:00,13.80,120.13,26,1.8,006 km S 03° E of Lubang (Occidental Mindoro)
2025-01-20 21:46:00,9.52,125.90,29,2.0,013 km S 31° W of Socorro (Surigao Del Norte)
2025-01-20 21:40:00,13.91,120.28,65,1.6,018 km N 72° E of Lubang (Occidental Mindoro)
2025-01-20 21:34:00,13.94,120.48,88,1.8,020 km N 55° W of Calatagan (Batangas)
2025-01-20 21:26:00,11.16,124.72,28,2.1,008 km S 68° W of Jaro (Leyte)
2025-01-20 21:11:00,14.02,120.71,96,1.6,002 km N 79° W of Tuy (Batangas)
2025-01-20 20:49:00,9.97,125.65,33,1.9,006 km N 31° W of Cagdianao (Dinagat Islands)
2025-01-20 20:45:00,13.78,120.08,31,1.4,010 km S 31° W of Lubang (Occidental Mindoro)
2025-01-20 20:40:00,11.71,124.35,7,1.6,003 km N 14° W of Kawayan (Biliran)
2025-01-20 20:21:00,13.81,120.13,29,1.4,006 km S 09° E of Lubang (Occidental Mindoro)
2025-01-20 20:06:00,13.94,120.55,87,1.4,015 km N 37° W of Calatagan (Batangas)
2025-01-20 20:00:00,13.94,120.44,81,2.0,024 km N 62° W of Calatagan (Batangas)
2025-01-20 19:58:00,13.99,120.66,93,1.4,017 km N 11° E of Calatagan (Batangas)
2025-01-20 19:55:00,11.34,125.48,19,1.9,012 km N 33° W of General Macarthur (Eastern Samar)
2025-01-20 19:48:00,13.78,120.09,29,1.5,009 km S 26° W of Lubang (Occidental Mindoro)
2025-01-20 19:46:00,13.94,120.53,90,2.2,016 km N 42° W of Calatagan (Batangas)
2025-01-20 19:37:00,9.68,126.53,11,3.0,043 km S 74° E of General Luna (Surigao Del Norte)
2025-01-20 19:37:00,13.94,120.36,81,1.6,028 km N 26° E of Looc (Occidental Mindoro)
2025-01-20 19:29:00,9.34,126.16,23,1.7,008 km N 22° W of Cortes (Surigao Del Sur)
2025-01-20 19:27:00,13.95,120.49,84,1.7,020 km N 50° W of Calatagan (Batangas)
2025-01-20 19:18:00,6.06,127.13,158,2.9,133 km S 34° E of Tarragona (Davao Oriental)
2025-01-20 19:11:00,17.25,120.95,36,1.9,012 km N 43° W of Sadanga (Mountain Province)
2025-01-20 19:09:00,8.34,125.85,17,2.4,014 km S 31° E of Talacogon (Agusan Del Sur)
2025-01-20 19:06:00,13.89,120.32,72,1.6,020 km N 21° E of Looc (Occidental Mindoro)
2025-01-20 18:42:00,13.93,120.44,90,5.5,024 km N 64° W of Calatagan (Batangas)
2025-01-20 17:29:00,14.27,120.28,85,1.8,029 km S 51° W of Mariveles (Bataan)
2025-01-20 17:05:00,8.02,126.63,20,1.6,024 km S 85° E of Lingig (Surigao Del Sur)
2025-01-20 16:48:00,13.91,120.38,79,1.8,025 km N 33° E of Looc (Occidental Mindoro)
2025-01-20 16:00:00,12.84,124.72,11,1.8,036 km N 05° W of Mondragon (Northern Samar)
2025-01-20 15:34:00,10.81,122.77,22,1.5,006 km S 81° E of Dumangas (Iloilo)
2025-01-20 15:15:00,17.79,120.81,1,2.2,008 km N 12° W of Tineg (Abra)
2025-01-20 14:41:00,12.85,124.65,12,1.9,037 km N 58° E of Biri (Northern Samar)
2025-01-20 13:48:00,16.20,120.52,25,1.6,003 km N 26° E of Sison (Pangasinan)
2025-01-20 13:22:00,9.10,125.86,97,2.4,022 km S 49° W of Carmen (Surigao Del Sur)
2025-01-20 12:48:00,15.79,120.59,29,2.4,002 km S 44° W of San Manuel (Tarlac)
2025-01-20 12:09:00,7.79,126.09,4,3.2,005 km S 41° E of Monkayo (Davao De Oro)
2025-01-20 11:46:00,5.79,126.60,27,4.7,112 km S 31° E of Governor Generoso (Davao Oriental)
2025-01-20 11:46:00,9.85,125.86,52,2.5,012 km S 80° W of Del Carmen (Surigao Del Norte)
2025-01-20 11:43:00,9.88,122.52,11,1.8,016 km N 39° E of City Of Sipalay (Negros Occidental)
2025-01-20 11:03:00,13.69,120.58,95,1.8,017 km S 22° W of Calatagan (Batangas)
2025-01-20 10:00:00,11.60,125.18,91,2.0,018 km S 83° E of Calbiga (Samar)
2025-01-20 08:39:00,6.46,123.89,1,3.5,021 km S 59° W of Kalamansig (Sultan Kudarat)
2025-01-20 08:39:00,14.93,120.02,25,2.4,008 km S 74° W of San Antonio (Zambales)
2025-01-20 07:58:00,8.01,127.07,18,2.9,073 km S 87° E of Lingig (Surigao Del Sur)
2025-01-20 07:56:00,12.46,124.99,23,2.1,009 km N 48° W of Catubig (Northern Samar)
2025-01-20 07:42:00,11.21,124.67,1,3.2,009 km S 15° E of Capoocan (Leyte)
2025-01-20 07:36:00,4.69,126.24,31,3.3,120 km S 49° E of Balut Island (Municipality Of Sarangani) (Davao Occidental)
2025-01-20 06:52:00,17.59,120.95,6,3.0,006 km N 65° E of Licuan - Baay (Abra)
2025-01-20 05:54:00,7.78,124.59,19,1.5,021 km N 42° W of Wao (Lanao Del Sur)
2025-01-20 05:28:00,11.74,125.72,5,2.5,029 km S 87° E of San Julian (Eastern Samar)
2025-01-20 04:59:00,11.46,124.44,5,2.3,012 km S 19° E of Naval (Biliran)
2025-01-20 04:48:00,9.07,122.65,23,2.7,037 km S 38° W of Santa Catalina (Negros Oriental)
2025-01-20 04:27:00,18.51,120.97,1,3.0,006 km S 21° W of Santa Praxedes (Cagayan)
2025-01-20 04:21:00,11.71,125.08,85,2.4,001 km N 68° E of Hinabangan (Samar)
2025-01-20 03:50:00,9.81,125.78,33,2.1,018 km S 41° E of Cagdianao (Dinagat Islands)
2025-01-20 03:12:00,9.17,126.18,84,2.6,010 km N 07° E of City Of Tandag (Surigao Del Sur)
2025-01-20 02:38:00,10.69,122.63,84,2.0,002 km S 54° W of Buenavista (Guimaras)
2025-01-20 02:33:00,18.07,120.52,18,2.8,001 km North of Paoay (Ilocos Norte)
2025-01-20 02:25:00,16.83,121.47,11,2.4,009 km N 50° W of Ramon (Isabela)
2025-01-20 02:06:00,9.52,125.83,1,1.6,012 km S 63° E of Claver (Surigao Del Norte)
2025-01-20 01:54:00,10.92,121.97,22,2.7,003 km N 67° W of Patnongon (Antique)
2025-01-20 01:51:00,14.03,123.66,21,1.8,016 km N 17° W of Garchitorena (Camarines Sur)
2025-01-20 01:17:00,13.76,120.40,81,1.9,026 km S 72° W of Calatagan (Batangas)
2025-01-20 01:12:00,6.33,126.42,62,3.7,052 km S 47° E of Governor Generoso (Davao Oriental)
2025-01-20 01:01:00,10.35,125.18,1,2.3,006 km S 26° W of Hinunangan (Southern Leyte)
2025-01-20 00:59:00,8.26,125.91,32,1.9,011 km N 36° E of Loreto (Agusan Del Sur)
2025-01-20 00:20:00,10.13,126.23,3,2.5,021 km N 56° E of Burgos (Surigao Del Norte)
2025-01-20 00:18:00,5.98,124.54,1,2.0,009 km S 87° W of Kiamba (Sarangani)
2025-01-19 22:55:00,6.38,126.33,28,1.9,042 km S 43° E of Governor Generoso (Davao Oriental)
2025-01-19 22:23:00,8.09,126.71,16,1.6,033 km N 80° E of Lingig (Surigao Del Sur)
2025-01-19 22:08:00,12.20,125.51,23,2.4,002 km N 03° W of San Policarpo (Eastern Samar)
2025-01-19 21:34:00,8.87,126.53,29,2.2,026 km S 77° E of Cagwait (Surigao Del Sur)
2025-01-19 21:09:00,13.77,120.29,5,1.8,007 km N 38° E of Looc (Occidental Mindoro)
2025-01-19 20:27:00,7.51,122.97,16,2.1,003 km N 74° E of Alicia (Zamboanga Sibugay)
2025-01-19 19:28:00,7.21,125.90,19,2.3,009 km N 01° E of Pantukan (Davao De Oro)
2025-01-19 19:03:00,13.96,120.21,60,1.5,015 km N 41° E of Lubang (Occidental Mindoro)
2025-01-19 17:54:00,12.35,123.76,6,2.0,008 km S 20° W of Batuan (Masbate)
2025-01-19 16:58:00,9.75,123.86,7,2.3,004 km N 36° W of Cortes (Bohol)
2025-01-19 15:30:00,17.28,121.52,29,1.5,009 km S 71° W of Quezon (Isabela)
2025-01-19 14:51:00,5.95,124.87,23,2.2,017 km N 56° W of Maasim (Sarangani)
2025-01-19 14:14:00,15.46,121.93,17,2.2,052 km S 50° E of Baler (Aurora)
2025-01-19 13:23:00,14.06,120.35,111,2.1,031 km S 86° W of Nasugbu (Batangas)
2025-01-19 13:08:00,7.57,126.11,6,2.7,003 km N 50° W of New Bataan (Davao De Oro)
2025-01-19 11:20:00,10.26,125.96,32,2.0,028 km N 19° W of Santa Monica (Surigao Del Norte)
2025-01-19 10:19:00,11.52,124.38,7,2.7,005 km S 21° W of Naval (Biliran)
2025-01-19 09:55:00,6.98,126.33,9,2.0,013 km N 74° E of City Of Mati (Davao Oriental)
2025-01-19 09:18:00,11.63,124.39,20,1.4,002 km N 47° E of Almeria (Biliran)
2025-01-19 09:10:00,11.51,124.42,3,2.3,006 km S 15° E of Naval (Biliran)
2025-01-19 08:53:00,12.71,123.59,2,2.4,011 km N 46° W of Monreal (Masbate)
2025-01-19 08:28:00,12.67,123.55,3,2.8,013 km N 75° W of Monreal (Masbate)
2025-01-19 08:20:00,14.09,123.65,11,2.5,023 km N 14° W of Garchitorena (Camarines Sur)
2025-01-19 08:05:00,8.75,126.38,28,2.0,011 km S 61° E of Marihatag (Surigao Del Sur)
2025-01-19 07:47:00,5.57,125.25,3,2.0,026 km N 47° W of Balut Island (Municipality Of Sarangani) (Davao Occidental)
2025-01-19 07:23:00,16.30,120.15,21,2.3,022 km N 88° E of Anda (Pangasinan)
2025-01-19 06:03:00,14.02,120.21,49,2.0,020 km N 27° E of Lubang (Occidental Mindoro)
2025-01-19 05:53:00,15.48,122.84,33,2.2,102 km N 32° E of Jomalig (Quezon)
2025-01-19 05:15:00,11.70,125.27,22,2.8,020 km N 61° W of City Of Borongan (Eastern Samar)
2025-01-19 04:15:00,5.79,125.28,43,1.6,009 km S 64° E of Glan (Sarangani)
2025-01-19 03:35:00,7.66,126.57,32,1.7,009 km N 07° E of Baganga (Davao Oriental)
2025-01-19 01:05:00,12.31,125.00,29,2.0,005 km S 45° W of Las Navas (Northern Samar)
2025-01-19 01:00:00,9.73,125.33,31,2.6,011 km S 64° W of San Francisco (Surigao Del Norte)
2025-01-18 23:52:00,8.29,125.94,3,2.3,012 km S 32° W of Rosario (Agusan Del Sur)
2025-01-18 23:52:00,11.27,124.60,7,2.4,010 km S 69° W of Carigara (Leyte)
2025-01-18 23:51:00,8.30,125.95,32,2.1,011 km S 34° W of Rosario (Agusan Del Sur)
2025-01-18 23:42:00,11.28,125.58,29,3.0,006 km N 45° E of General Macarthur (Eastern Samar)
2025-01-18 23:28:00,8.35,125.97,32,2.2,005 km S 40° W of Rosario (Agusan Del Sur)
2025-01-18 22:22:00,17.51,121.10,1,1.9,011 km N 85° W of Balbalan (Kalinga)
2025-01-18 22:07:00,7.57,124.78,8,1.9,010 km S 40° E of Wao (Lanao Del Sur)
2025-01-18 21:30:00,8.14,125.98,18,2.1,005 km S 23° W of Bunawan (Agusan Del Sur)
2025-01-18 19:25:00,17.59,121.12,15,2.9,013 km N 80° E of Malibcong (Abra)
2025-01-18 19:08:00,7.96,126.96,8,3.3,059 km N 71° E of Cateel (Davao Oriental)
2025-01-18 18:39:00,16.46,121.03,3,2.3,008 km South of Ambaguio (Nueva Vizcaya)
2025-01-18 18:14:00,8.64,124.78,7,2.9,003 km S 68° E of Jasaan (Misamis Oriental)
2025-01-18 17:52:00,13.68,119.87,200,2.2,034 km S 54° W of Lubang (Occidental Mindoro)
2025-01-18 17:32:00,16.58,120.49,20,2.3,007 km N 28° E of Burgos (La Union)
2025-01-18 15:36:00,14.85,119.97,49,1.9,017 km S 47° W of San Antonio (Zambales)
2025-01-18 15:09:00,13.65,120.98,8,2.3,012 km S 22° E of Mabini (Batangas)
2025-01-18 12:48:00,6.59,126.43,24,2.9,040 km S 81° E of Governor Generoso (Davao Oriental)
2025-01-18 12:26:00,9.26,123.11,4,2.6,015 km S 82° W of Valencia (Negros Oriental)
2025-01-18 11:20:00,6.57,123.75,21,2.0,033 km N 87° W of Kalamansig (Sultan Kudarat)
2025-01-18 10:02:00,8.00,126.96,12,2.3,060 km S 86° E of Lingig (Surigao Del Sur)
2025-01-18 09:48:00,8.97,126.43,23,3.3,015 km N 69° E of Cagwait (Surigao Del Sur)
2025-01-18 09:38:00,8.40,126.91,10,2.3,063 km N 87° E of Hinatuan (Surigao Del Sur)
2025-01-18 08:29:00,10.97,124.75,1,2.7,008 km N 44° E of Albuera (Leyte)
2025-01-18 06:39:00,8.45,122.65,10,3.6,036 km N 05° W of Liloy (Zamboanga Del Norte)
2025-01-18 05:50:00,8.60,126.41,7,1.5,026 km S 31° E of Marihatag (Surigao Del Sur)
2025-01-18 05:03:00,8.43,125.89,17,4.0,012 km S 80° E of Talacogon (Agusan Del Sur)
2025-01-18 04:51:00,11.16,124.67,33,1.6,012 km S 75° E of Kananga (Leyte)
2025-01-18 04:18:00,16.25,119.74,21,2.0,015 km N 60° W of Bani (Pangasinan)
2025-01-18 04:02:00,8.67,126.43,26,3.0,021 km S 46° E of Marihatag (Surigao Del Sur)
2025-01-18 03:28:00,13.20,124.06,9,4.1,007 km N 78° W of Rapu-rapu (Albay)
2025-01-18 02:56:00,15.59,119.97,30,1.6,006 km S 50° E of Candelaria (Zambales)
2025-01-18 02:23:00,17.75,120.64,6,2.0,008 km N 64° W of Lagayan (Abra)
2025-01-18 02:06:00,18.10,120.42,25,2.4,011 km N 38° W of Currimao (Ilocos Norte)
2025-01-18 02:03:00,13.86,120.55,156,2.2,009 km N 71° W of Calatagan (Batangas)
2025-01-18 01:54:00,12.67,125.00,18,2.2,011 km N 08° W of Laoang (Northern Samar)
2025-01-18 01:26:00,11.43,125.06,18,1.8,014 km S 79° E of Santa Rita (Samar)
2025-01-18 01:23:00,9.13,126.41,16,1.8,022 km N 37° E of Bayabas (Surigao Del Sur)
2025-01-18 01:01:00,5.26,127.04,74,2.9,171 km S 65° E of Jose Abad Santos (Davao Occidental)
2025-01-18 00:55:00,8.14,126.55,29,1.9,019 km N 53° E of Lingig (Surigao Del Sur)
2025-01-17 22:27:00,11.01,124.77,11,1.6,013 km N 41° E of Albuera (Leyte)
2025-01-17 22:26:00,10.40,126.29,25,2.1,049 km N 29° E of Burgos (Surigao Del Norte)
2025-01-17 22:25:00,6.75,126.77,85,2.7,049 km S 47° E of Tarragona (Davao Oriental)
2025-01-17 21:34:00,7.14,126.69,147,2.5,025 km S 33° E of Caraga (Davao Oriental)
2025-01-17 20:41:00,19.00,121.05,2,3.0,020 km S 55° W of Dalupiri Island (Calayan) (Cagayan)
2025-01-17 20:36:00,10.38,125.19,2,2.1,002 km S 31° W of Hinunangan (Southern Leyte)
2025-01-17 19:48:00,8.45,126.27,117,2.1,012 km N 37° W of Hinatuan (Surigao Del Sur)
2025-01-17 18:13:00,13.94,120.32,193,2.6,037 km S 66° W of Nasugbu (Batangas)
2025-01-17 18:06:00,9.68,126.20,30,2.0,013 km S 21° E of General Luna (Surigao Del Norte)
2025-01-17 18:00:00,5.90,125.90,145,3.6,028 km S 87° E of Jose Abad Santos (Davao Occidental)
2025-01-17 17:14:00,9.19,125.71,33,1.8,019 km S 63° E of Santiago (Agusan Del Norte)
2025-01-17 17:09:00,10.69,122.95,34,1.9,007 km S 31° W of City Of Talisay (Negros Occidental)
2025-01-17 16:55:00,8.43,125.86,15,4.8,009 km S 74° E of Talacogon (Agusan Del Sur)
2025-01-17 15:33:00,11.01,124.77,10,2.8,014 km N 74° W of Burauen (Leyte)
2025-01-17 14:52:00,11.19,125.55,21,3.4,013 km N 68° W of Salcedo (Eastern Samar)
2025-01-17 14:38:00,11.97,125.11,34,2.2,013 km S 44° E of San Jose De Buan (Samar)
2025-01-17 12:34:00,14.67,122.60,23,2.5,029 km S 85° E of Jomalig (Quezon)
2025-01-17 12:10:00,15.44,120.12,47,1.6,019 km N 33° E of Botolan (Zambales)
2025-01-17 10:51:00,11.01,124.79,6,2.4,011 km N 73° W of Burauen (Leyte)
2025-01-17 10:47:00,11.86,124.18,15,2.4,014 km S 79° E of Pio V. Corpus (Masbate)
2025-01-17 10:22:00,13.80,120.62,144,2.7,004 km S 15° W of Calatagan (Batangas)
2025-01-17 10:11:00,10.99,125.00,33,1.6,004 km N 66° E of Julita (Leyte)
2025-01-17 10:09:00,10.98,124.78,3,3.4,012 km N 52° E of Albuera (Leyte)
2025-01-17 10:05:00,11.00,124.81,8,3.4,016 km N 52° E of Albuera (Leyte)
2025-01-17 09:25:00,11.00,124.85,32,3.1,005 km N 59° W of Burauen (Leyte)
2025-01-17 07:18:00,9.92,124.11,9,2.1,002 km N 67° E of Sagbayan (Bohol)
2025-01-17 06:33:00,18.70,120.19,10,3.4,052 km N 67° W of Burgos (Ilocos Norte)
2025-01-17 06:12:00,14.14,120.27,89,1.7,036 km N 27° E of Lubang (Occidental Mindoro)
2025-01-17 04:57:00,16.78,122.62,33,2.5,038 km S 33° E of Palanan (Isabela)
2025-01-17 04:55:00,5.91,124.37,32,2.2,022 km S 39° W of Maitum (Sarangani)
2025-01-17 04:50:00,11.86,125.29,1,2.0,015 km S 70° W of Taft (Eastern Samar)
2025-01-17 04:49:00,17.56,120.13,12,2.6,026 km S 83° W of Santa Catalina (Ilocos Sur)
2025-01-17 04:42:00,5.99,125.54,64,4.1,014 km N 54° W of Jose Abad Santos (Davao Occidental)
2025-01-17 04:20:00,7.25,124.78,7,1.9,006 km N 16° W of Carmen (Cotabato)
2025-01-17 03:57:00,4.58,126.18,103,3.2,124 km S 42° E of Balut Island (Municipality Of Sarangani) (Davao Occidental)
2025-01-17 03:51:00,19.37,121.14,8,3.0,030 km N 13° W of Dalupiri Island (Calayan) (Cagayan)
2025-01-17 03:27:00,10.69,125.18,13,2.5,018 km N 05° E of Silago (Southern Leyte)
2025-01-17 02:15:00,9.14,125.94,27,1.8,013 km S 41° W of Carmen (Surigao Del Sur)
2025-01-17 01:54:00,12.67,120.91,33,1.4,011 km N 20° W of Calintaan (Occidental Mindoro)
2025-01-17 01:50:00,9.39,126.57,10,2.9,043 km N 73° E of Cortes (Surigao Del Sur)
2025-01-17 01:45:00,9.36,126.60,7,2.5,046 km N 78° E of Cortes (Surigao Del Sur)
2025-01-17 01:38:00,11.18,125.60,18,2.2,008 km N 65° W of Salcedo (Eastern Samar)
2025-01-17 01:26:00,13.92,124.11,5,2.5,007 km S 23° W of Caramoran (Catanduanes)
2025-01-17 00:56:00,5.68,126.42,64,2.9,090 km S 73° E of Jose Abad Santos (Davao Occidental)
2025-01-17 00:10:00,9.48,125.90,3,2.4,013 km N 24° W of Carrascal (Surigao Del Sur)
2025-01-16 23:21:00,14.83,119.77,27,1.9,037 km S 68° W of San Antonio (Zambales)
2025-01-16 22:59:00,11.81,126.03,4,3.3,063 km N 85° E of San Julian (Eastern Samar)
2025-01-16 22:30:00,8.27,126.60,36,1.7,032 km N 79° E of City Of Bislig (Surigao Del Sur)
2025-01-16 22:16:00,9.94,126.17,21,2.0,009 km N 87° E of San Isidro (Surigao Del Norte)
2025-01-16 19:21:00,18.43,120.80,8,2.4,010 km S 05° W of Dumalneg (Ilocos Norte)
2025-01-16 19:16:00,4.44,126.54,46,3.4,164 km S 49° E of Balut Island (Municipality Of Sarangani) (Davao Occidental)
2025-01-16 18:52:00,11.44,124.43,11,1.6,001 km S 37° E of Calubian (Leyte)
2025-01-16 18:48:00,12.94,125.04,6,3.2,041 km N 05° E of Laoang (Northern Samar)
2025-01-16 18:08:00,11.50,124.43,6,2.1,006 km N 47° W of Biliran (Biliran)
2025-01-16 17:56:00,9.40,126.22,27,2.7,014 km N 12° E of Cortes (Surigao Del Sur)
2025-01-16 17:04:00,8.02,122.49,49,3.4,006 km S 43° W of Labason (Zamboanga Del Norte)
2025-01-16 16:14:00,16.45,120.98,2,2.3,010 km S 30° W of Ambaguio (Nueva Vizcaya)
2025-01-16 15:35:00,7.27,126.78,113,2.1,025 km S 75° E of Caraga (Davao Oriental)
2025-01-16 15:33:00,7.77,127.04,10,2.3,058 km N 67° E of Baganga (Davao Oriental)
2025-01-16 14:48:00,8.61,127.11,19,2.7,089 km N 73° E of Hinatuan (Surigao Del Sur)
2025-01-16 14:14:00,10.12,126.19,9,4.0,017 km N 50° E of Burgos (Surigao Del Norte)
2025-01-16 13:25:00,8.16,127.00,8,3.3,066 km N 78° E of Lingig (Surigao Del Sur)
2025-01-16 13:05:00,16.60,120.46,25,3.8,003 km S 67° E of Bagulin (La Union)
2025-01-16 11:41:00,10.44,125.15,5,2.6,008 km N 46° W of Hinunangan (Southern Leyte)
2025-01-16 11:36:00,10.45,125.11,1,2.6,004 km N 63° W of Hinunangan (Southern Leyte)
2025-01-16 11:09:00,10.45,125.11,1,4.0,011 km N 58° W of Hinunangan (Southern Leyte)
2025-01-16 09:57:00,7.95,126.65,16,2.0,027 km N 51° E of Cateel (Davao Oriental)
2025-01-16 09:52:00,20.04,121.55,25,2.8,046 km S 46° W of Sabtang (Batanes)
2025-01-16 08:21:00,13.92,120.40,80,2.4,027 km N 68° W of Calatagan (Batangas)
2025-01-16 08:09:00,8.64,126.34,21,1.8,017 km S 49° E of San Agustin (Surigao Del Sur)
2025-01-16 07:24:00,9.58,126.09,25,2.4,015 km S 73° E of Socorro (Surigao Del Norte)
2025-01-16 07:17:00,8.75,125.81,21,2.5,008 km N 56° E of City Of Bayugan (Agusan Del Sur)
2025-01-16 05:54:00,3.99,126.43,96,2.9,192 km S 35° E of Balut Island (Municipality Of Sarangani) (Davao Occidental)
2025-01-16 05:15:00,6.03,126.80,133,2.4,106 km S 50° E of Governor Generoso (Davao Oriental)
2025-01-16 05:14:00,7.96,127.06,9,2.8,070 km N 52° E of Baganga (Davao Oriental)
2025-01-16 04:32:00,8.15,124.81,5,3.1,029 km N 54° W of Lantapan (Bukidnon)
2025-01-16 03:16:00,13.10,124.13,11,4.0,009 km N 46° W of Prieto Diaz (Sorsogon)
2025-01-16 02:59:00,10.39,125.48,123,3.7,012 km N 77° W of Loreto (Dinagat Islands)
2025-01-16 02:55:00,5.26,124.91,48,2.2,059 km S 73° W of Balut Island (Municipality Of Sarangani) (Davao Occidental)
2025-01-16 02:49:00,8.77,125.80,1,3.2,008 km N 38° E of City Of Bayugan (Agusan Del Sur)
2025-01-16 02:44:00,16.48,121.00,10,2.6,007 km S 22° W of Ambaguio (Nueva Vizcaya)
2025-01-16 02:17:00,11.53,124.42,6,1.9,004 km S 28° E of Naval (Biliran)
2025-01-16 02:03:00,11.50,124.40,7,4.7,006 km N 25° W of Calubian (Leyte)
2025-01-16 01:09:00,8.44,126.20,95,2.4,005 km S 64° E of Tagbina (Surigao Del Sur)
2025-01-16 00:51:00,9.88,122.90,23,2.1,016 km N 10° W of Mabinay (Negros Oriental)
2025-01-16 00:05:00,18.11,120.34,33,2.0,018 km N 58° W of Currimao (Ilocos Norte)
2025-01-15 23:12:00,8.63,126.62,13,3.0,040 km S 62° E of Marihatag (Surigao Del Sur)
2025-01-15 22:41:00,6.82,126.73,117,2.6,040 km S 50° E of Tarragona (Davao Oriental)
2025-01-15 22:21:00,9.83,122.93,11,2.4,011 km N 05° E of Mabinay (Negros Oriental)
2025-01-15 20:40:00,8.80,125.76,5,2.7,008 km S 77° E of Sibagat (Agusan Del Sur)
2025-01-15 18:46:00,12.97,125.04,7,2.5,044 km N 04° E of Laoang (Northern Samar)
2025-01-15 18:13:00,6.06,126.17,146,2.7,055 km S 74° E of Don Marcelino (Davao Occidental)
2025-01-15 15:40:00,8.63,126.24,23,2.3,017 km N 51° E of Barobo (Surigao Del Sur)
2025-01-15 14:40:00,20.16,121.29,31,3.0,064 km S 72° W of Sabtang (Batanes)
2025-01-15 14:14:00,7.67,122.75,29,1.6,011 km N 33° W of Payao (Zamboanga Sibugay)
2025-01-15 12:23:00,8.13,126.87,10,2.4,052 km N 78° E of Lingig (Surigao Del Sur)
2025-01-15 11:54:00,18.81,121.09,2,2.8,023 km N 01° E of Claveria (Cagayan)
2025-01-15 11:52:00,17.35,119.30,1,2.9,117 km S 79° W of Caoayan (Ilocos Sur)
2025-01-15 11:12:00,5.53,125.12,10,2.6,033 km S 15° W of Glan (Sarangani)
2025-01-15 07:59:00,10.40,125.12,1,2.5,008 km N 83° W of Hinunangan (Southern Leyte)
2025-01-15 07:33:00,10.41,125.13,1,3.4,008 km N 81° W of Hinunangan (Southern Leyte)
2025-01-15 06:04:00,8.07,126.94,16,1.8,058 km N 87° E of Lingig (Surigao Del Sur)
2025-01-15 06:00:00,17.76,120.98,8,1.7,011 km N 18° E of Lacub (Abra)
2025-01-15 05:37:00,17.90,120.17,15,2.6,032 km S 86° W of Badoc (Ilocos Norte)
2025-01-15 05:05:00,18.72,120.81,22,2.5,017 km N 07° E of Pagudpud (Ilocos Norte)
2025-01-15 04:51:00,5.79,126.75,57,4.6,123 km S 83° E of Jose Abad Santos (Davao Occidental)
2025-01-15 04:46:00,16.54,120.87,1,2.3,006 km N 36° E of Bokod (Benguet)
2025-01-15 04:29:00,9.02,126.78,9,2.5,055 km N 84° E of Bayabas (Surigao Del Sur)
2025-01-15 03:40:00,7.98,126.77,18,1.6,040 km S 80° E of Lingig (Surigao Del Sur)
2025-01-15 03:39:00,8.10,127.06,1,2.2,070 km N 84° E of Lingig (Surigao Del Sur)
2025-01-15 03:24:00,7.80,122.66,33,2.1,004 km N 85° W of Naga (Zamboanga Sibugay)
2025-01-15 03:22:00,9.35,123.11,30,1.9,013 km S 06° W of Pamplona (Negros Oriental)
2025-01-15 03:12:00,10.40,125.10,6,3.1,013 km N 81° E of Sogod (Southern Leyte)
2025-01-15 03:07:00,17.46,120.54,33,1.8,007 km S 88° W of San Isidro (Abra)
2025-01-15 02:56:00,10.41,125.05,7,2.2,007 km N 72° E of Sogod (Southern Leyte)
2025-01-15 02:19:00,12.44,123.62,8,1.9,008 km N 03° W of City Of Masbate (Masbate)
2025-01-15 01:56:00,13.96,121.95,33,2.1,005 km S 35° E of Atimonan (Quezon)
2025-01-15 01:36:00,18.49,120.71,33,1.5,008 km S 45° W of Bangui (Ilocos Norte)
2025-01-15 01:22:00,10.44,125.12,1,2.9,010 km N 61° W of Hinunangan (Southern Leyte)
2025-01-14 23:57:00,17.41,120.44,69,2.1,009 km N 03° W of San Esteban (Ilocos Sur)
2025-01-14 23:53:00,7.52,125.51,16,2.6,014 km S 28° W of Talaingod (Davao Del Norte)
2025-01-14 22:11:00,8.33,126.60,23,2.1,029 km S 82° E of Hinatuan (Surigao Del Sur)
2025-01-14 21:52:00,8.11,126.89,8,2.2,053 km N 82° E of Lingig (Surigao Del Sur)
2025-01-14 21:51:00,8.03,126.82,12,1.6,045 km S 89° E of Lingig (Surigao Del Sur)
2025-01-14 21:12:00,8.09,127.00,6,3.2,065 km N 85° E of Lingig (Surigao Del Sur)
2025-01-14 20:53:00,7.58,124.71,17,2.0,007 km S 09° W of Wao (Lanao Del Sur)
2025-01-14 20:46:00,8.06,127.13,4,2.6,079 km N 89° E of Lingig (Surigao Del Sur)
2025-01-14 20:23:00,18.98,120.96,2,3.1,030 km S 61° W of Dalupiri Island (Calayan) (Cagayan)
2025-01-14 19:44:00,8.57,125.81,32,1.7,014 km N 12° E of Talacogon (Agusan Del Sur)
2025-01-14 19:27:00,18.81,121.20,36,1.9,019 km S 76° W of Fuga Island (Aparri) (Cagayan)
2025-01-14 19:06:00,13.15,121.04,11,2.3,024 km S 14° W of Baco (Oriental Mindoro)
2025-01-14 18:57:00,7.71,124.67,19,1.6,009 km S 66° W of Kalilangan (Bukidnon)
2025-01-14 18:52:00,8.21,126.71,22,1.8,038 km N 59° E of Lingig (Surigao Del Sur)
2025-01-14 18:32:00,8.06,126.84,13,2.0,048 km N 87° E of Lingig (Surigao Del Sur)
2025-01-14 17:44:00,8.00,126.64,23,2.2,025 km S 81° E of Lingig (Surigao Del Sur)
2025-01-14 17:39:00,8.00,126.95,5,3.8,060 km S 86° E of Lingig (Surigao Del Sur)
2025-01-14 16:22:00,8.15,127.10,1,3.0,077 km N 81° E of Lingig (Surigao Del Sur)
2025-01-14 16:16:00,8.07,127.10,1,3.5,076 km N 88° E of Lingig (Surigao Del Sur)
2025-01-14 15:40:00,17.91,120.95,32,1.5,027 km N 02° E of Lacub (Abra)
2025-01-14 13:26:00,13.75,120.21,38,1.8,006 km N 59° W of Looc (Occidental Mindoro)
2025-01-14 11:07:00,15.02,119.39,1,2.1,072 km S 51° W of Palauig (Zambales)
2025-01-14 10:45:00,14.46,119.65,19,1.8,072 km S 42° W of San Antonio (Zambales)
2025-01-14 09:20:00,15.11,119.23,14,2.5,081 km S 64° W of Palauig (Zambales)
2025-01-14 09:09:00,6.05,126.05,131,2.6,043 km S 67° E of Don Marcelino (Davao Occidental)
2025-01-14 08:55:00,15.57,119.96,26,1.5,005 km N 01° W of Masinloc (Zambales)
2025-01-14 08:16:00,10.24,126.50,7,2.8,053 km N 62° E of Burgos (Surigao Del Norte)
2025-01-14 08:12:00,10.24,126.06,12,2.9,024 km N 03° W of Burgos (Surigao Del Norte)
2025-01-14 06:50:00,12.79,125.03,10,2.4,025 km N 04° E of Laoang (Northern Samar)
2025-01-14 06:28:00,8.06,126.83,1,2.9,046 km N 87° E of Lingig (Surigao Del Sur)
2025-01-14 06:05:00,6.95,125.60,33,2.3,019 km S 39° W of Island Garden City Of Samal (Davao Del Norte)
2025-01-14 04:52:00,9.40,126.09,26,2.3,015 km N 61° E of Cantilan (Surigao Del Sur)
2025-01-14 04:38:00,19.64,119.96,13,3.1,143 km N 66° W of Dalupiri Island (Calayan) (Cagayan)
2025-01-14 04:23:00,5.43,125.13,32,2.9,032 km N 87° W of Balut Island (Municipality Of Sarangani) (Davao Occidental)
2025-01-14 03:45:00,13.67,120.55,104,2.3,020 km S 25° W of Calatagan (Batangas)
2025-01-14 01:38:00,9.25,125.59,7,2.4,004 km S 62° E of Santiago (Agusan Del Norte)
2025-01-14 01:30:00,13.40,120.25,7,2.0,023 km S 85° W of Paluan (Occidental Mindoro)
2025-01-13 23:26:00,8.75,126.37,22,2.2,010 km S 54° E of Marihatag (Surigao Del Sur)
2025-01-13 23:16:00,14.08,120.32,107,2.0,032 km N 43° E of Lubang (Occidental Mindoro)
2025-01-13 22:52:00,10.34,126.20,33,2.1,038 km N 22° E of Burgos (Surigao Del Norte)
2025-01-13 22:49:00,10.35,126.19,33,1.7,039 km N 19° E of Burgos (Surigao Del Norte)
2025-01-13 22:16:00,7.97,126.81,10,3.3,044 km S 79° E of Lingig (Surigao Del Sur)
2025-01-13 21:35:00,8.05,126.70,16,2.3,032 km N 88° E of Lingig (Surigao Del Sur)
2025-01-13 21:23:00,14.46,123.06,3,2.4,013 km S 82° E of Tinaga Island (Vinzons) (Camarines Norte)
2025-01-13 19:41:00,5.37,125.19,32,4.8,026 km S 81° W of Balut Island (Municipality Of Sarangani) (Davao Occidental)
2025-01-13 18:59:00,9.42,125.94,20,1.8,005 km N 14° W of Carrascal (Surigao Del Sur)
2025-01-13 15:33:00,7.81,127.03,9,2.1,058 km N 63° E of Baganga (Davao Oriental)
2025-01-13 15:07:00,4.91,125.97,16,3.8,083 km S 41° E of Sarangani Island (Municipality Of Sarangani) (Davao Occidental)
2025-01-13 13:24:00,7.87,126.88,12,2.0,047 km N 79° E of Cateel (Davao Oriental)
2025-01-13 12:37:00,4.81,126.54,28,3.7,139 km S 58° E of Sarangani Island (Municipality Of Sarangani) (Davao Occidental)
2025-01-13 12:34:00,15.41,121.90,5,2.2,053 km S 43° E of Baler (Aurora)
2025-01-13 12:11:00,17.95,120.22,22,2.0,027 km N 84° W of Badoc (Ilocos Norte)
2025-01-13 09:26:00,10.05,125.14,44,2.0,002 km S 78° W of San Francisco (Southern Leyte)
2025-01-13 09:26:00,15.67,119.90,43,1.7,006 km N 39° W of Candelaria (Zambales)
2025-01-13 08:51:00,10.50,125.20,1,2.4,005 km S 50° E of Silago (Southern Leyte)
2025-01-13 08:46:00,10.89,124.81,2,2.5,013 km S 77° E of Albuera (Leyte)
2025-01-13 08:27:00,6.80,123.86,527,3.3,034 km N 38° W of Kalamansig (Sultan Kudarat)
2025-01-13 08:19:00,6.48,124.05,596,5.1,008 km S 02° E of Kalamansig (Sultan Kudarat)
2025-01-13 07:28:00,8.16,126.60,34,1.6,025 km N 58° E of Lingig (Surigao Del Sur)
2025-01-13 06:30:00,4.53,125.87,164,4.7,109 km S 27° E of Balut Island (Municipality Of Sarangani) (Davao Occidental)
2025-01-13 05:43:00,8.26,123.35,18,3.3,012 km N 03° E of Dumingag (Zamboanga Del Sur)
2025-01-13 04:10:00,8.78,126.31,29,2.4,003 km S 30° E of Marihatag (Surigao Del Sur)
2025-01-13 02:46:00,10.03,126.09,12,3.1,002 km N 55° E of Burgos (Surigao Del Norte)
2025-01-13 02:31:00,9.67,125.63,12,3.3,003 km N 55° E of Placer (Surigao Del Norte)
2025-01-13 02:00:00,20.78,121.88,16,3.3,004 km S 80° E of Itbayat (Batanes)
2025-01-13 01:56:00,7.51,126.16,33,1.4,005 km S 27° E of New Bataan (Davao De Oro)
2025-01-13 01:54:00,7.65,126.99,2,3.2,048 km N 80° E of Baganga (Davao Oriental)
2025-01-13 01:46:00,8.25,123.15,3,1.9,004 km S 80° E of Siayan (Zamboanga Del Norte)
2025-01-13 01:42:00,6.74,125.08,13,2.0,009 km S 77° W of Magsaysay (Davao Del Sur)
2025-01-13 00:48:00,17.52,122.04,12,2.9,026 km N 55° W of Maconacon (Isabela)
2025-01-12 23:09:00,17.35,122.59,5,2.9,031 km N 86° E of Divilacan (Isabela)
2025-01-12 21:29:00,12.45,124.47,32,2.1,009 km S 10° W of San Jose (Northern Samar)
2025-01-12 21:14:00,9.88,122.45,22,1.9,012 km N 11° E of City Of Sipalay (Negros Occidental)
2025-01-12 18:38:00,5.26,126.33,8,2.5,098 km S 76° E of Sarangani Island (Municipality Of Sarangani) (Davao Occidental)
2025-01-12 18:24:00,15.64,119.97,31,1.5,005 km N 75° E of Candelaria (Zambales)
2025-01-12 17:55:00,7.18,123.53,23,3.9,034 km S 22° E of Tabina (Zamboanga Del Sur)
2025-01-12 15:53:00,9.59,125.52,29,2.0,005 km N 01° E of Mainit (Surigao Del Norte)
2025-01-12 15:13:00,13.54,120.03,28,1.5,031 km S 50° W of Looc (Occidental Mindoro)
2025-01-12 15:11:00,11.77,125.87,13,2.4,045 km N 88° E of San Julian (Eastern Samar)
2025-01-12 14:16:00,8.00,126.53,2,1.9,014 km S 72° E of Lingig (Surigao Del Sur)
2025-01-12 13:34:00,8.25,125.90,7,2.0,013 km N 55° W of Bunawan (Agusan Del Sur)
2025-01-12 12:55:00,14.94,122.60,4,1.8,040 km N 47° E of Jomalig (Quezon)
2025-01-12 11:33:00,8.12,125.99,12,2.4,007 km S 02° W of Bunawan (Agusan Del Sur)
2025-01-12 10:00:00,9.14,126.39,24,2.5,022 km N 51° E of Tago (Surigao Del Sur)
2025-01-12 09:11:00,18.73,121.06,6,2.0,014 km N 11° W of Claveria (Cagayan)
2025-01-12 09:07:00,6.48,126.38,32,2.6,039 km S 61° E of Governor Generoso (Davao Oriental)
2025-01-12 08:45:00,12.31,121.82,33,1.2,013 km S 79° W of Ferrol (Romblon)
2025-01-12 08:05:00,8.35,126.71,10,2.5,041 km S 87° E of Hinatuan (Surigao Del Sur)
2025-01-12 08:00:00,7.07,126.70,12,3.0,023 km S 48° E of Manay (Davao Oriental)
2025-01-12 06:49:00,10.23,125.05,3,3.0,011 km N 42° W of Liloan (Southern Leyte)
2025-01-12 05:43:00,9.30,126.50,11,2.3,034 km N 85° E of Cortes (Surigao Del Sur)
2025-01-12 05:03:00,11.51,124.51,1,1.8,006 km N 39° E of Biliran (Biliran)
2025-01-12 04:53:00,11.78,125.92,10,3.9,051 km N 87° E of San Julian (Eastern Samar)
2025-01-12 04:43:00,11.76,125.75,3,2.7,033 km N 90° E of San Julian (Eastern Samar)
2025-01-12 04:31:00,11.77,125.77,6,4.2,035 km N 87° E of San Julian (Eastern Samar)
2025-01-12 04:30:00,11.72,125.85,12,2.0,043 km S 85° E of San Julian (Eastern Samar)
2025-01-12 04:28:00,6.94,126.25,48,3.0,004 km S 68° E of City Of Mati (Davao Oriental)
2025-01-12 03:04:00,6.31,126.14,67,3.4,039 km S 11° E of Governor Generoso (Davao Oriental)
2025-01-12 02:17:00,7.67,126.99,5,3.0,049 km N 77° E of Baganga (Davao Oriental)
2025-01-12 01:48:00,7.79,127.26,1,4.4,081 km N 73° E of Baganga (Davao Oriental)
2025-01-12 00:23:00,5.69,126.24,90,2.9,070 km S 70° E of Jose Abad Santos (Davao Occidental)
2025-01-11 23:47:00,8.74,126.53,13,2.1,026 km S 75° E of Marihatag (Surigao Del Sur)
2025-01-11 23:15:00,16.48,119.63,17,2.4,030 km N 71° W of Bolinao (Pangasinan)
2025-01-11 23:06:00,15.29,122.75,1,2.8,080 km N 35° E of Jomalig (Quezon)
2025-01-11 22:24:00,19.04,121.05,2,2.6,018 km S 65° W of Dalupiri Island (Calayan) (Cagayan)
2025-01-11 22:14:00,10.40,125.22,2,2.2,002 km N 84° E of Hinunangan (Southern Leyte)
2025-01-11 21:14:00,10.44,125.11,1,2.7,019 km N 58° W of Hinundayan (Southern Leyte)
2025-01-11 20:03:00,9.38,122.25,12,2.8,035 km S 44° W of Hinoba-an (Negros Occidental)
2025-01-11 19:35:00,7.89,126.24,6,1.7,015 km N 81° W of Boston (Davao Oriental)
2025-01-11 19:35:00,8.30,123.24,31,1.7,015 km N 70° E of Siayan (Zamboanga Del Norte)
2025-01-11 18:46:00,18.58,121.03,20,2.8,006 km S 62° W of Claveria (Cagayan)
2025-01-11 18:36:00,9.27,123.20,2,2.1,005 km S 71° W of Valencia (Negros Oriental)
2025-01-11 16:14:00,9.08,126.21,29,1.7,005 km N 80° E of City Of Tandag (Surigao Del Sur)
2025-01-11 15:36:00,10.54,125.19,3,3.6,003 km N 65° E of Silago (Southern Leyte)
2025-01-11 13:29:00,13.72,120.53,92,1.8,017 km S 42° W of Calatagan (Batangas)
2025-01-11 12:51:00,11.30,124.58,17,2.4,007 km N 86° W of Capoocan (Leyte)
2025-01-11 12:18:00,8.08,123.65,6,1.9,006 km N 52° E of Bonifacio (Misamis Occidental)
2025-01-11 11:16:00,7.91,126.75,33,1.6,035 km N 68° E of Cateel (Davao Oriental)
2025-01-11 08:16:00,11.79,125.87,9,3.4,046 km N 85° E of San Julian (Eastern Samar)
2025-01-11 05:26:00,16.78,120.40,2,2.0,005 km S 09° W of Balaoan (La Union)
2025-01-11 05:18:00,16.87,120.35,17,2.2,004 km N 58° W of Luna (La Union)
2025-01-11 05:04:00,10.08,122.52,11,2.5,016 km N 45° W of Cauayan (Negros Occidental)
2025-01-11 04:01:00,11.78,125.85,7,2.7,043 km N 86° E of San Julian (Eastern Samar)
2025-01-11 03:56:00,9.88,126.00,1,1.8,004 km N 68° E of Del Carmen (Surigao Del Norte)
2025-01-11 03:41:00,3.43,125.65,110,4.4,220 km S 07° E of Balut Island (Municipality Of Sarangani) (Davao Occidental)
2025-01-11 03:39:00,7.87,124.65,6,1.8,010 km N 21° W of Amai Manabilang (Lanao Del Sur)
2025-01-11 03:24:00,11.82,125.73,7,2.4,031 km N 77° E of San Julian (Eastern Samar)
2025-01-11 02:49:00,11.75,125.87,6,2.4,045 km S 89° E of San Julian (Eastern Samar)
2025-01-11 02:48:00,11.79,125.69,4,1.8,026 km N 81° E of San Julian (Eastern Samar)
2025-01-11 02:47:00,11.77,125.72,7,2.8,029 km N 86° E of San Julian (Eastern Samar)
2025-01-11 02:35:00,11.80,125.91,10,3.0,049 km N 84° E of San Julian (Eastern Samar)
2025-01-11 02:10:00,6.19,126.64,27,2.1,080 km S 51° E of Governor Generoso (Davao Oriental)
2025-01-11 02:10:00,10.43,125.08,2,2.3,014 km N 72° W of Hinunangan (Southern Leyte)
2025-01-11 01:43:00,14.94,119.85,35,1.6,026 km S 72° W of San Narciso (Zambales)
2025-01-11 01:40:00,12.88,124.68,15,1.6,041 km N 57° E of Biri (Northern Samar)
2025-01-11 01:37:00,8.99,126.20,89,1.7,005 km S 49° W of Tago (Surigao Del Sur)
2025-01-11 01:10:00,10.34,125.20,25,2.4,006 km S 02° E of Hinunangan (Southern Leyte)
2025-01-11 00:50:00,15.39,119.78,18,2.4,015 km S 70° W of Palauig (Zambales)
2025-01-11 00:10:00,9.19,126.32,33,2.3,017 km S 56° E of Cortes (Surigao Del Sur)
2025-01-10 23:44:00,10.21,125.31,44,2.1,009 km S 42° E of Anahawan (Southern Leyte)
2025-01-10 23:32:00,9.39,125.92,91,3.7,004 km N 49° W of Carrascal (Surigao Del Sur)
2025-01-10 23:03:00,9.75,122.40,13,2.5,004 km S 58° W of City Of Sipalay (Negros Occidental)
2025-01-10 22:39:00,10.42,122.75,32,2.1,009 km S 61° W of Valladolid (Negros Occidental)
2025-01-10 22:27:00,13.61,120.29,70,1.5,012 km S 19° E of Looc (Occidental Mindoro)
2025-01-10 22:04:00,18.33,120.75,19,2.2,013 km S 89° E of Pasuquin (Ilocos Norte)
2025-01-10 21:55:00,7.34,126.56,15,2.7,001 km N 07° W of Caraga (Davao Oriental)
2025-01-10 20:54:00,7.18,126.98,22,3.5,048 km S 71° E of Caraga (Davao Oriental)
2025-01-10 20:50:00,8.82,126.37,33,1.6,008 km N 74° E of Marihatag (Surigao Del Sur)
2025-01-10 20:36:00,8.41,126.50,25,3.5,019 km N 77° E of Hinatuan (Surigao Del Sur)
2025-01-10 20:36:00,10.04,126.22,27,2.0,016 km N 80° E of Burgos (Surigao Del Norte)
2025-01-10 19:24:00,7.95,126.69,18,1.8,031 km N 55° E of Cateel (Davao Oriental)
2025-01-10 19:19:00,9.00,126.92,6,2.2,069 km N 82° E of Cagwait (Surigao Del Sur)
2025-01-10 19:08:00,8.75,126.87,13,2.0,063 km S 85° E of Marihatag (Surigao Del Sur)
2025-01-10 18:33:00,8.34,123.39,19,1.5,012 km S 47° W of Mutia (Zamboanga Del Norte)
2025-01-10 17:15:00,10.08,126.16,18,2.3,015 km N 63° E of Santa Monica (Surigao Del Norte)
2025-01-10 16:23:00,12.25,125.33,3,2.4,005 km S 62° W of Arteche (Eastern Samar)
2025-01-10 16:07:00,7.60,122.59,45,1.8,015 km S 66° E of Roseller Lim (Zamboanga Sibugay)
2025-01-10 15:06:00,10.40,125.12,1,3.5,008 km N 87° W of Hinunangan (Southern Leyte)
2025-01-10 14:37:00,9.64,125.77,24,1.4,009 km N 30° E of Claver (Surigao Del Norte)
2025-01-10 14:08:00,5.74,125.73,50,3.1,022 km S 27° E of Jose Abad Santos (Davao Occidental)
2025-01-10 13:49:00,8.42,126.58,27,4.6,028 km N 77° E of Hinatuan (Surigao Del Sur)
2025-01-10 13:26:00,9.10,126.56,33,1.9,034 km N 64° E of Bayabas (Surigao Del Sur)
2025-01-10 13:24:00,13.58,120.81,13,1.8,011 km S 37° W of Tingloy (Batangas)
2025-01-10 13:09:00,13.97,121.34,95,1.9,002 km N 54° E of Tiaong (Quezon)
2025-01-10 11:43:00,2.99,126.00,112,3.9,276 km S 14° E of Balut Island (Municipality Of Sarangani) (Davao Occidental)
2025-01-10 11:10:00,14.02,120.33,110,2.4,033 km S 80° W of Nasugbu (Batangas)
2025-01-10 10:15:00,8.63,125.65,28,2.2,006 km S 04° E of Esperanza (Agusan Del Sur)
2025-01-10 06:42:00,10.19,124.73,28,1.4,013 km N 63° W of City Of Maasin (Southern Leyte)
2025-01-10 05:57:00,8.70,122.02,85,2.1,086 km N 39° W of Labason (Zamboanga Del Norte)
2025-01-10 05:13:00,11.27,125.52,38,2.1,004 km N 36° W of General Macarthur (Eastern Samar)
2025-01-10 04:39:00,9.09,127.08,1,2.6,088 km N 77° E of Cagwait (Surigao Del Sur)
2025-01-10 04:39:00,11.15,125.70,14,2.0,004 km N 85° E of Salcedo (Eastern Samar)
2025-01-10 04:39:00,13.58,120.55,87,1.7,020 km N 27° E of Paluan (Occidental Mindoro)
2025-01-10 04:13:00,8.50,124.34,3,3.1,004 km N 89° E of Initao (Misamis Oriental)
2025-01-10 03:53:00,16.49,122.45,21,2.9,020 km S 79° E of Dinapigue (Isabela)
2025-01-10 03:37:00,13.72,120.60,105,1.8,013 km S 17° W of Calatagan (Batangas)
2025-01-10 03:23:00,10.45,125.18,1,2.7,006 km N 16° W of Hinunangan (Southern Leyte)
2025-01-10 03:11:00,5.68,126.51,158,4.5,099 km S 75° E of Jose Abad Santos (Davao Occidental)
2025-01-10 03:00:00,5.54,125.61,223,2.8,018 km N 62° E of Sarangani Island (Municipality Of Sarangani) (Davao Occidental)
2025-01-10 02:36:00,16.75,119.99,24,2.0,038 km N 67° W of City Of San Fernando (La Union)
2025-01-10 02:29:00,8.00,126.56,24,2.2,017 km S 74° E of Lingig (Surigao Del Sur)
2025-01-10 01:59:00,17.85,121.62,35,1.8,006 km S 55° E of Santo Niño (Cagayan)
2025-01-10 01:58:00,5.47,125.06,38,2.2,041 km N 81° W of Balut Island (Municipality Of Sarangani) (Davao Occidental)
2025-01-10 01:53:00,11.84,125.31,29,2.3,014 km S 59° W of Taft (Eastern Samar)
2025-01-10 01:46:00,5.67,126.12,111,2.3,062 km S 63° E of Jose Abad Santos (Davao Occidental)
2025-01-10 00:59:00,13.73,120.45,69,2.5,022 km N 86° E of Looc (Occidental Mindoro)
2025-01-10 00:26:00,10.08,124.74,37,1.7,012 km S 62° W of City Of Maasin (Southern Leyte)
2025-01-10 00:08:00,17.38,120.46,53,2.5,002 km N 60° W of Santa Maria (Ilocos Sur)
2025-01-09 23:36:00,7.81,126.99,15,2.2,054 km N 61° E of Baganga (Davao Oriental)
2025-01-09 23:16:00,11.60,125.64,17,2.1,028 km N 06° E of Hernani (Eastern Samar)
2025-01-09 23:13:00,17.58,122.25,21,1.8,022 km N 04° E of Maconacon (Isabela)
2025-01-09 23:08:00,8.84,126.44,18,1.9,016 km N 73° E of Marihatag (Surigao Del Sur)
2025-01-09 23:00:00,10.29,122.50,34,1.9,026 km S 11° W of Nueva Valencia (Guimaras)
2025-01-09 22:42:00,18.25,120.69,4,2.9,005 km N 68° E of Vintar (Ilocos Norte)
2025-01-09 22:37:00,5.55,125.51,139,2.6,009 km N 26° E of Sarangani Island (Municipality Of Sarangani) (Davao Occidental)
2025-01-09 22:36:00,19.28,120.20,15,2.9,098 km N 29° W of Burgos (Ilocos Norte)
2025-01-09 22:17:00,13.61,120.40,79,2.1,020 km S 54° E of Looc (Occidental Mindoro)
2025-01-09 21:49:00,8.56,126.49,24,3.0,027 km N 40° E of Hinatuan (Surigao Del Sur)
2025-01-09 20:47:00,6.04,126.22,118,2.4,061 km S 73° E of Don Marcelino (Davao Occidental)
2025-01-09 20:33:00,11.80,126.06,1,3.5,067 km N 86° E of San Julian (Eastern Samar)
2025-01-09 20:13:00,10.39,124.93,34,1.9,006 km N 51° W of Bontoc (Southern Leyte)
2025-01-09 19:36:00,10.40,125.18,2,2.4,002 km N 74° W of Hinunangan (Southern Leyte)
2025-01-09 19:15:00,7.98,122.14,1,1.8,018 km N 03° W of Baliguian (Zamboanga Del Norte)
2025-01-09 19:15:00,7.99,126.76,22,1.7,039 km S 82° E of Lingig (Surigao Del Sur)
2025-01-09 19:02:00,10.45,125.99,20,3.2,043 km S 42° E of Homonhon Island (Guiuan) (Eastern Samar)
2025-01-09 18:51:00,16.26,121.99,35,2.0,015 km S 82° W of Casiguran (Aurora)
2025-01-09 18:14:00,8.19,123.05,23,2.2,007 km S 49° E of Sindangan (Zamboanga Del Norte)
2025-01-09 18:12:00,10.01,126.03,6,2.6,002 km S 42° W of Santa Monica (Surigao Del Norte)
2025-01-09 18:08:00,12.29,123.83,1,1.7,008 km N 35° E of Uson (Masbate)
2025-01-09 18:03:00,9.99,126.07,7,1.6,003 km S 15° W of Burgos (Surigao Del Norte)
2025-01-09 17:54:00,18.51,120.87,7,2.7,006 km N 32° W of Adams (Ilocos Norte)
2025-01-09 17:41:00,5.64,125.13,28,2.0,022 km S 24° W of Glan (Sarangani)
2025-01-09 17:38:00,13.83,119.84,26,2.2,031 km S 85° W of Lubang (Occidental Mindoro)
2025-01-09 15:54:00,8.28,123.34,33,1.6,014 km N 04° W of Dumingag (Zamboanga Del Sur)
2025-01-09 15:04:00,4.79,126.00,2,3.0,094 km S 43° E of Balut Island (Municipality Of Sarangani) (Davao Occidental)
2025-01-09 13:44:00,11.06,124.71,1,1.7,016 km N 07° E of Albuera (Leyte)
2025-01-09 12:08:00,2.18,121.62,33,4.3,355 km S 25° E of Sapa-sapa (Tawi-tawi)
2025-01-09 11:58:00,17.77,120.54,33,1.8,009 km S 73° E of Cabugao (Ilocos Sur)
2025-01-09 10:58:00,17.89,120.12,13,3.5,036 km N 85° W of Sinait (Ilocos Sur)
2025-01-09 10:19:00,12.74,123.29,33,1.7,018 km S 14° E of Claveria (Masbate)
2025-01-09 10:18:00,9.33,123.89,32,1.9,028 km N 78° E of Enrique Villanueva (Siquijor)
2025-01-09 08:59:00,5.98,126.25,119,2.3,066 km S 69° E of Don Marcelino (Davao Occidental)
2025-01-09 08:30:00,15.52,120.35,32,1.5,012 km S 13° W of Mayantoc (Tarlac)
2025-01-09 08:15:00,15.24,119.93,25,3.6,010 km S 26° W of Iba (Zambales)
2025-01-09 07:56:00,8.53,126.79,8,2.2,053 km N 70° E of Hinatuan (Surigao Del Sur)
2025-01-09 05:58:00,7.30,124.79,9,1.8,011 km N 05° W of Carmen (Cotabato)
2025-01-09 05:23:00,4.49,125.82,146,2.5,111 km S 23° E of Balut Island (Municipality Of Sarangani) (Davao Occidental)
2025-01-09 05:02:00,10.40,125.20,1,3.0,001 km N 59° E of Hinunangan (Southern Leyte)
2025-01-09 04:47:00,10.33,125.27,34,2.1,003 km S 27° E of Hinundayan (Southern Leyte)
2025-01-09 04:19:00,10.40,125.02,1,2.0,004 km N 69° E of Sogod (Southern Leyte)
2025-01-09 03:57:00,10.45,125.16,1,2.6,007 km N 35° W of Hinunangan (Southern Leyte)
2025-01-09 03:25:00,6.65,126.19,43,2.6,013 km East of Governor Generoso (Davao Oriental)
2025-01-09 03:12:00,10.43,125.09,2,4.3,013 km N 73° W of Hinunangan (Southern Leyte)
2025-01-09 03:05:00,6.36,126.27,22,3.2,039 km S 34° E of Governor Generoso (Davao Oriental)
2025-01-09 02:27:00,13.58,120.25,1,2.3,015 km S 01° W of Looc (Occidental Mindoro)
2025-01-09 00:54:00,15.48,119.99,18,2.2,010 km N 59° E of Palauig (Zambales)
2025-01-09 00:43:00,10.35,125.24,1,2.7,002 km N 84° W of Hinundayan (Southern Leyte)
2025-01-09 00:31:00,18.42,120.75,38,2.3,013 km S 07° W of Bangui (Ilocos Norte)
2025-01-09 00:04:00,7.64,126.52,22,1.7,009 km N 30° W of Baganga (Davao Oriental)
2025-01-08 23:45:00,12.57,124.79,24,2.1,008 km N 35° E of Mondragon (Northern Samar)
2025-01-08 22:15:00,8.37,126.52,19,2.5,020 km N 89° E of Hinatuan (Surigao Del Sur)
2025-01-08 21:50:00,17.87,121.22,26,2.1,014 km N 54° W of Conner (Apayao)
2025-01-08 21:38:00,5.91,127.06,102,2.9,137 km S 53° E of Governor Generoso (Davao Oriental)
2025-01-08 20:27:00,8.47,126.91,4,2.3,064 km N 80° E of Hinatuan (Surigao Del Sur)
2025-01-08 19:54:00,11.32,121.94,1,2.5,010 km N 72° W of Tibiao (Antique)
2025-01-08 19:43:00,11.37,121.86,1,2.4,022 km N 64° W of Tibiao (Antique)
2025-01-08 19:37:00,10.97,125.34,11,2.6,016 km S 18° W of Balangiga (Eastern Samar)
2025-01-08 19:35:00,9.60,126.10,30,2.5,015 km S 82° E of Socorro (Surigao Del Norte)
2025-01-08 18:34:00,18.50,120.88,7,1.3,005 km N 31° W of Adams (Ilocos Norte)
2025-01-08 17:57:00,15.36,120.10,30,1.5,011 km N 45° E of Botolan (Zambales)
2025-01-08 17:26:00,9.00,126.87,13,1.8,063 km N 82° E of Cagwait (Surigao Del Sur)
2025-01-08 16:30:00,7.99,125.75,28,2.3,020 km N 15° W of Laak (Davao De Oro)
2025-01-08 15:56:00,13.70,120.48,11,2.5,022 km S 48° W of Calatagan (Batangas)
2025-01-08 15:53:00,7.95,126.67,18,1.9,030 km S 72° E of Lingig (Surigao Del Sur)
2025-01-08 15:42:00,13.95,120.07,33,2.1,012 km N 27° W of Lubang (Occidental Mindoro)
2025-01-08 15:00:00,10.36,126.31,10,2.0,046 km N 34° E of Burgos (Surigao Del Norte)
2025-01-08 13:35:00,6.29,125.81,1,1.8,017 km N 52° E of Don Marcelino (Davao Occidental)
2025-01-08 13:27:00,6.74,126.21,9,1.8,018 km N 60° E of Governor Generoso (Davao Oriental)
2025-01-08 12:25:00,15.77,122.78,23,2.6,090 km S 51° E of Casiguran (Aurora)
2025-01-08 12:14:00,7.35,126.31,36,1.7,021 km N 79° E of Maragusan (Davao De Oro)
2025-01-08 09:24:00,18.36,121.02,6,2.0,011 km N 11° W of Calanasan (Apayao)
2025-01-08 08:59:00,8.25,126.27,32,2.0,007 km N 52° W of City Of Bislig (Surigao Del Sur)
2025-01-08 07:28:00,9.38,125.57,1,2.5,007 km N 55° E of Jabonga (Agusan Del Norte)
2025-01-08 05:51:00,5.87,126.19,21,3.1,060 km S 86° E of Jose Abad Santos (Davao Occidental)
2025-01-08 04:15:00,13.24,120.01,81,2.4,063 km N 89° W of Mamburao (Occidental Mindoro)
2025-01-08 04:08:00,7.24,123.53,26,1.7,028 km S 27° E of Tabina (Zamboanga Del Sur)
2025-01-08 02:28:00,6.56,126.73,33,2.6,063 km S 30° E of Tarragona (Davao Oriental)
2025-01-08 02:23:00,9.63,123.58,25,2.0,011 km N 87° E of Boljoon (Cebu)
2025-01-08 02:15:00,13.99,120.42,117,2.4,025 km S 67° W of Nasugbu (Batangas)
2025-01-08 02:13:00,10.66,125.94,43,3.3,025 km S 69° E of Homonhon Island (Guiuan) (Eastern Samar)
2025-01-08 01:20:00,10.25,123.22,9,3.0,015 km S 51° W of Vallehermoso (Negros Oriental)
2025-01-08 00:34:00,17.70,119.30,15,2.5,114 km N 84° W of Santa Catalina (Ilocos Sur)
2025-01-07 23:22:00,18.34,120.85,2,3.4,015 km S 22° W of Adams (Ilocos Norte)
2025-01-07 22:51:00,10.26,123.31,1,2.6,009 km S 10° W of Vallehermoso (Negros Oriental)
2025-01-07 20:54:00,11.16,125.62,36,3.5,005 km N 82° W of Salcedo (Eastern Samar)
2025-01-07 19:47:00,13.62,120.47,78,2.6,023 km N 02° E of Paluan (Occidental Mindoro)
2025-01-07 19:44:00,19.07,121.06,13,2.7,016 km S 74° W of Dalupiri Island (Calayan) (Cagayan)
2025-01-07 19:22:00,16.34,121.45,19,2.4,017 km N 80° E of Kasibu (Nueva Vizcaya)
2025-01-07 19:03:00,13.60,120.61,98,2.6,021 km N 37° W of Abra De Ilog (Occidental Mindoro)
2025-01-07 17:52:00,11.36,124.53,1,3.5,005 km S 71° E of Leyte (Leyte)
2025-01-07 17:39:00,9.15,125.72,21,2.7,018 km N 57° E of Remedios T. Romualdez (Agusan Del Norte)
2025-01-07 17:19:00,9.89,126.30,15,4.1,020 km N 53° E of General Luna (Surigao Del Norte)
2025-01-07 15:35:00,15.90,120.87,24,2.4,003 km N 48° W of Lupao (Nueva Ecija)
2025-01-07 15:07:00,17.04,120.72,104,2.2,005 km N 17° W of Cervantes (Ilocos Sur)
2025-01-07 14:32:00,9.41,126.17,32,2.3,015 km N 08° W of Cortes (Surigao Del Sur)
2025-01-07 10:54:00,8.98,126.31,19,2.7,003 km N 71° E of Bayabas (Surigao Del Sur)
2025-01-07 10:53:00,7.68,126.27,34,1.6,021 km N 85° E of Compostela (Davao De Oro)
2025-01-07 10:02:00,6.66,126.19,33,2.0,013 km N 87° E of Governor Generoso (Davao Oriental)
2025-01-07 07:04:00,8.96,126.30,31,1.8,005 km N 05° W of Cagwait (Surigao Del Sur)
2025-01-07 05:53:00,8.78,126.50,23,3.1,022 km S 85° E of Marihatag (Surigao Del Sur)
2025-01-07 05:44:00,9.36,126.20,35,1.5,010 km N 08° E of Cortes (Surigao Del Sur)
2025-01-07 05:22:00,18.59,121.60,114,1.8,021 km N 24° E of Ballesteros (Cagayan)
2025-01-07 04:21:00,9.05,126.28,21,2.9,007 km N 55° E of Tago (Surigao Del Sur)
2025-01-07 03:58:00,10.05,126.26,12,1.6,020 km N 81° E of Burgos (Surigao Del Norte)
2025-01-07 03:46:00,5.92,126.23,129,2.9,065 km N 89° E of Jose Abad Santos (Davao Occidental)
2025-01-07 03:44:00,5.75,126.28,23,2.6,073 km S 76° E of Jose Abad Santos (Davao Occidental)
2025-01-07 03:19:00,9.68,126.71,10,1.6,061 km S 79° E of General Luna (Surigao Del Norte)
2025-01-07 03:09:00,8.79,126.60,13,2.6,036 km S 67° E of Cagwait (Surigao Del Sur)
2025-01-07 02:57:00,6.55,122.63,52,2.2,040 km S 75° E of Hadji Mohammad Ajul (Basilan)
2025-01-07 01:33:00,17.00,121.56,33,2.3,008 km N 81° W of Aurora (Isabela)
2025-01-07 01:33:00,17.12,121.49,26,2.6,012 km S 53° E of Paracelis (Mountain Province)
2025-01-07 00:41:00,5.17,125.78,129,3.0,048 km S 55° E of Balut Island (Municipality Of Sarangani) (Davao Occidental)
2025-01-06 23:07:00,10.48,124.34,6,2.4,018 km S 24° W of Poro (Cebu)
2025-01-06 22:58:00,8.21,123.20,1,1.5,011 km S 62° E of Siayan (Zamboanga Del Norte)
2025-01-06 22:57:00,9.79,126.18,39,1.4,003 km N 74° E of General Luna (Surigao Del Norte)
2025-01-06 21:52:00,9.80,126.05,30,1.5,004 km N 03° W of Dapa (Surigao Del Norte)
2025-01-06 21:01:00,6.48,126.67,19,2.9,067 km S 21° E of Tarragona (Davao Oriental)
2025-01-06 20:18:00,17.41,120.69,31,1.5,003 km S 27° W of Manabo (Abra)
2025-01-06 19:39:00,7.68,126.80,23,3.7,029 km N 67° E of Baganga (Davao Oriental)
2025-01-06 19:25:00,7.39,126.20,1,2.0,011 km N 47° E of Maragusan (Davao De Oro)
2025-01-06 19:01:00,5.59,126.69,65,3.5,121 km S 73° E of Jose Abad Santos (Davao Occidental)
2025-01-06 17:38:00,17.89,120.80,32,1.6,015 km S 79° E of Nueva Era (Ilocos Norte)
2025-01-06 17:30:00,13.11,124.54,4,2.0,038 km N 79° E of Prieto Diaz (Sorsogon)
2025-01-06 16:25:00,7.93,126.38,17,2.2,007 km N 05° E of Boston (Davao Oriental)
2025-01-06 15:51:00,18.90,121.21,14,3.4,023 km S 01° E of Dalupiri Island (Calayan) (Cagayan)
2025-01-06 12:44:00,8.39,125.85,14,2.0,010 km S 50° E of Talacogon (Agusan Del Sur)
2025-01-06 12:28:00,9.31,126.21,28,2.7,004 km N 34° E of Cortes (Surigao Del Sur)
2025-01-06 11:27:00,3.88,126.21,119,3.5,190 km S 27° E of Balut Island (Municipality Of Sarangani) (Davao Occidental)
2025-01-06 10:09:00,8.27,126.65,22,1.9,037 km S 72° E of Hinatuan (Surigao Del Sur)
2025-01-06 10:01:00,12.99,122.79,19,4.0,025 km S 52° W of San Pascual (Masbate)
2025-01-06 08:44:00,8.40,125.89,10,2.5,013 km N 78° W of Rosario (Agusan Del Sur)
2025-01-06 08:11:00,9.08,126.48,24,2.1,024 km N 61° E of Bayabas (Surigao Del Sur)
2025-01-06 06:59:00,16.91,120.26,23,1.8,014 km N 65° W of Luna (La Union)
2025-01-06 06:34:00,12.95,122.78,5,2.5,029 km S 47° W of San Pascual (Masbate)
2025-01-06 05:56:00,10.45,124.34,6,2.0,021 km S 19° W of Poro (Cebu)
2025-01-06 05:44:00,17.62,120.58,13,1.8,005 km N 50° W of Bangued (Abra)
2025-01-06 05:22:00,9.75,122.38,25,2.6,006 km S 69° W of City Of Sipalay (Negros Occidental)
2025-01-06 04:58:00,18.10,120.38,5,2.0,014 km N 52° W of Currimao (Ilocos Norte)
2025-01-06 04:51:00,18.31,120.74,2,2.2,013 km S 78° E of Pasuquin (Ilocos Norte)
2025-01-06 04:17:00,9.48,126.23,29,2.2,023 km N 10° E of Cortes (Surigao Del Sur)
2025-01-06 04:16:00,8.09,126.75,24,1.8,038 km N 82° E of Lingig (Surigao Del Sur)
2025-01-06 03:59:00,16.88,120.36,7,2.5,003 km N 30° W of Luna (La Union)
2025-01-06 03:07:00,9.94,126.26,28,1.8,019 km N 64° E of Pilar (Surigao Del Norte)
2025-01-06 02:57:00,12.98,122.75,6,2.1,030 km S 57° W of San Pascual (Masbate)
2025-01-06 02:56:00,12.12,125.09,33,1.9,010 km N 40° E of San Jose De Buan (Samar)
2025-01-06 02:54:00,11.75,125.80,9,3.3,037 km East of San Julian (Eastern Samar)
2025-01-06 02:49:00,13.44,123.58,25,1.8,007 km N 83° E of Buhi (Camarines Sur)
2025-01-06 02:47:00,13.40,123.57,28,1.8,006 km S 57° E of Buhi (Camarines Sur)
2025-01-06 02:44:00,18.14,120.74,46,2.8,004 km S 33° E of Piddig (Ilocos Norte)
2025-01-06 02:25:00,5.59,126.22,83,2.8,073 km S 60° E of Jose Abad Santos (Davao Occidental)
2025-01-06 01:28:00,13.52,121.48,7,2.3,029 km N 43° E of Naujan (Oriental Mindoro)
2025-01-06 01:15:00,16.81,120.39,1,2.0,005 km S 21° E of Luna (La Union)
2025-01-06 00:52:00,16.84,120.38,5,2.9,002 km S 10° E of Luna (La Union)
2025-01-06 00:48:00,10.56,125.38,8,2.5,024 km N 81° E of Silago (Southern Leyte)
2025-01-06 00:45:00,11.76,125.82,3,3.4,040 km N 89° E of San Julian (Eastern Samar)
2025-01-06 00:17:00,18.20,120.56,6,2.4,003 km N 88° W of City Of Laoag (Ilocos Norte)
2025-01-05 23:57:00,17.83,120.04,27,2.4,044 km S 85° W of Sinait (Ilocos Sur)
2025-01-05 23:56:00,7.20,122.26,1,2.9,024 km S 65° E of Sibuco (Zamboanga Del Norte)
2025-01-05 22:26:00,9.82,122.17,43,3.8,029 km N 80° W of City Of Sipalay (Negros Occidental)
2025-01-05 21:52:00,13.22,120.76,25,2.2,015 km N 17° E of Santa Cruz (Occidental Mindoro)
2025-01-05 20:51:00,13.74,120.50,45,1.9,018 km S 56° W of Calatagan (Batangas)
2025-01-05 20:37:00,9.64,126.04,1,2.9,021 km S 40° W of General Luna (Surigao Del Norte)
2025-01-05 20:36:00,14.77,119.20,29,2.3,098 km S 78° W of San Antonio (Zambales)
2025-01-05 17:16:00,6.50,126.69,120,5.2,066 km S 24° E of Tarragona (Davao Oriental)
2025-01-05 17:13:00,14.93,120.10,75,2.0,002 km S 24° E of San Antonio (Zambales)
2025-01-05 17:11:00,17.47,120.74,1,1.4,003 km N 51° W of Sallapadan (Abra)
2025-01-05 16:50:00,18.70,121.16,18,2.0,013 km N 39° E of Claveria (Cagayan)
2025-01-05 16:15:00,8.45,125.88,12,2.5,011 km N 87° E of Talacogon (Agusan Del Sur)
2025-01-05 15:02:00,13.57,120.83,10,1.9,011 km S 25° W of Tingloy (Batangas)
2025-01-05 14:12:00,9.59,126.11,1,2.4,016 km S 80° E of Socorro (Surigao Del Norte)
2025-01-05 13:58:00,8.98,126.33,26,1.9,006 km N 76° E of Bayabas (Surigao Del Sur)
2025-01-05 13:40:00,15.51,120.04,56,1.4,009 km S 71° E of Masinloc (Zambales)
2025-01-05 13:37:00,10.04,126.50,15,2.8,046 km N 87° E of Burgos (Surigao Del Norte)
2025-01-05 12:26:00,18.71,120.52,33,2.5,025 km N 31° W of Burgos (Ilocos Norte)
2025-01-05 12:12:00,10.44,123.15,21,2.1,017 km S 27° W of Salvador Benedicto (Negros Occidental)
2025-01-05 10:57:00,12.38,123.77,6,3.1,005 km S 19° W of Batuan (Masbate)
2025-01-05 10:20:00,9.61,126.35,13,2.3,029 km S 49° E of General Luna (Surigao Del Norte)
2025-01-05 10:01:00,9.68,126.49,18,1.7,038 km S 74° E of General Luna (Surigao Del Norte)
2025-01-05 09:59:00,9.67,126.47,9,2.9,036 km S 69° E of General Luna (Surigao Del Norte)
2025-01-05 09:06:00,6.86,125.03,13,2.0,012 km S 30° W of Makilala (Cotabato)
2025-01-05 06:40:00,13.51,120.49,3,1.7,011 km N 15° E of Paluan (Occidental Mindoro)
2025-01-05 06:05:00,9.55,122.51,10,2.6,007 km S 39° E of Hinoba-an (Negros Occidental)
2025-01-05 05:56:00,6.12,124.25,15,2.2,012 km S 33° E of Palimbang (Sultan Kudarat)
2025-01-05 04:31:00,12.49,120.66,6,2.6,032 km S 74° W of Calintaan (Occidental Mindoro)
2025-01-05 04:18:00,7.72,122.34,12,1.3,016 km N 64° W of Roseller Lim (Zamboanga Sibugay)
2025-01-05 03:55:00,11.76,125.93,13,3.3,051 km N 89° E of San Julian (Eastern Samar)
2025-01-05 03:32:00,11.77,125.67,4,2.2,023 km N 86° E of San Julian (Eastern Samar)
2025-01-05 03:31:00,11.74,125.94,12,3.8,053 km S 88° E of San Julian (Eastern Samar)
2025-01-05 03:22:00,7.80,122.60,30,1.5,002 km N 47° E of Ipil (Zamboanga Sibugay)
2025-01-05 03:22:00,8.97,126.42,17,2.1,014 km N 68° E of Cagwait (Surigao Del Sur)
2025-01-05 03:01:00,11.71,125.71,9,2.8,028 km S 81° E of San Julian (Eastern Samar)
2025-01-05 01:48:00,11.37,122.06,2,3.3,006 km S 05° E of Culasi (Antique)
2025-01-05 00:43:00,17.62,122.30,24,2.0,027 km N 15° E of Maconacon (Isabela)
2025-01-05 00:36:00,8.04,123.86,11,2.2,006 km N 84° W of Magsaysay (Lanao Del Norte)
2025-01-04 21:57:00,4.36,126.30,14,4.4,151 km S 40° E of Balut Island (Municipality Of Sarangani) (Davao Occidental)
2025-01-04 21:09:00,10.51,124.61,3,2.1,014 km N 85° W of Inopacan (Leyte)
2025-01-04 19:30:00,5.72,126.32,24,3.0,077 km S 74° E of Jose Abad Santos (Davao Occidental)
2025-01-04 18:24:00,9.86,122.42,12,2.0,010 km N 06° W of City Of Sipalay (Negros Occidental)
2025-01-04 14:20:00,9.41,126.26,24,1.9,017 km N 27° E of Cortes (Surigao Del Sur)
2025-01-04 14:11:00,13.33,124.24,34,1.4,020 km N 37° E of Rapu-rapu (Albay)
2025-01-04 13:42:00,7.36,123.76,9,4.0,030 km N 86° W of Bongo Island (Parang) (Maguindanao Del Norte)
2025-01-04 13:35:00,9.81,126.07,13,3.1,006 km S 26° W of Pilar (Surigao Del Norte)
2025-01-04 13:28:00,8.50,127.22,63,1.7,098 km N 82° E of Hinatuan (Surigao Del Sur)
2025-01-04 13:24:00,11.87,124.19,1,2.1,012 km S 69° W of Almagro (Samar)
2025-01-04 12:59:00,11.71,125.69,7,2.7,027 km S 79° E of San Julian (Eastern Samar)
2025-01-04 12:31:00,16.82,120.27,19,2.0,012 km S 70° W of Luna (La Union)
2025-01-04 12:04:00,11.82,125.61,1,2.3,018 km N 67° E of San Julian (Eastern Samar)
2025-01-04 11:04:00,7.95,126.51,64,2.1,015 km S 45° E of Lingig (Surigao Del Sur)
2025-01-04 10:39:00,11.72,125.70,3,3.2,027 km S 83° E of San Julian (Eastern Samar)
2025-01-04 10:35:00,11.78,125.67,9,2.0,024 km N 82° E of San Julian (Eastern Samar)
2025-01-04 10:20:00,11.70,125.94,1,3.5,052 km N 42° E of Hernani (Eastern Samar)
2025-01-04 10:18:00,11.61,126.03,8,2.5,053 km N 57° E of Hernani (Eastern Samar)
2025-01-04 09:17:00,11.81,125.66,10,3.2,023 km N 74° E of San Julian (Eastern Samar)
2025-01-04 08:05:00,11.78,125.82,11,1.8,040 km N 86° E of San Julian (Eastern Samar)
2025-01-04 07:40:00,11.77,125.76,5,2.4,034 km N 87° E of San Julian (Eastern Samar)
2025-01-04 07:39:00,11.69,126.07,1,3.9,068 km S 84° E of San Julian (Eastern Samar)
2025-01-04 06:00:00,7.99,126.21,35,1.5,016 km S 73° E of Trento (Agusan Del Sur)
2025-01-04 05:52:00,9.89,126.10,34,1.5,003 km N 08° W of Pilar (Surigao Del Norte)
2025-01-04 05:51:00,8.75,126.42,33,1.6,015 km S 68° E of Marihatag (Surigao Del Sur)
2025-01-04 04:10:00,11.73,125.73,1,2.7,031 km S 88° E of San Julian (Eastern Samar)
2025-01-04 03:56:00,8.78,126.00,121,2.7,019 km S 14° W of San Miguel (Surigao Del Sur)
2025-01-04 03:48:00,9.88,126.10,16,2.2,002 km N 12° E of Pilar (Surigao Del Norte)
2025-01-04 03:15:00,13.13,124.14,5,2.7,006 km S 16° E of Rapu-rapu (Albay)
2025-01-04 03:07:00,13.15,124.17,9,2.7,006 km S 50° E of Rapu-rapu (Albay)
2025-01-04 03:05:00,9.05,126.48,22,2.5,024 km N 67° E of Bayabas (Surigao Del Sur)
2025-01-04 03:01:00,8.62,126.57,28,3.0,038 km N 41° E of Hinatuan (Surigao Del Sur)
2025-01-04 02:37:00,7.59,123.04,2,1.8,005 km S 25° E of Malangas (Zamboanga Sibugay)
2025-01-04 02:28:00,15.48,121.76,9,1.9,037 km S 44° E of San Luis (Aurora)
2025-01-04 02:25:00,8.42,125.87,9,2.8,010 km S 70° E of Talacogon (Agusan Del Sur)
2025-01-04 02:19:00,11.77,126.09,5,3.5,069 km N 48° E of Hernani (Eastern Samar)
2025-01-04 02:17:00,11.83,126.13,1,2.8,075 km N 83° E of San Julian (Eastern Samar)
2025-01-04 01:59:00,2.70,128.10,237,4.3,422 km S 45° E of Balut Island (Municipality Of Sarangani) (Davao Occidental)
2025-01-04 01:55:00,12.94,121.09,32,1.8,033 km S 38° W of Victoria (Oriental Mindoro)
2025-01-04 01:32:00,12.94,120.93,4,2.1,019 km N 57° E of Sablayan (Occidental Mindoro)
2025-01-04 01:22:00,13.25,122.18,5,2.1,013 km S 55° E of Torrijos (Marinduque)
2025-01-04 01:04:00,14.54,119.55,9,2.9,073 km S 52° W of San Antonio (Zambales)
2025-01-04 01:00:00,9.59,126.45,43,1.5,039 km S 57° E of General Luna (Surigao Del Norte)
2025-01-04 00:52:00,6.93,125.14,7,2.7,006 km S 59° E of Makilala (Cotabato)
2025-01-04 00:44:00,7.20,126.66,34,1.8,014 km S 87° E of Manay (Davao Oriental)
2025-01-04 00:26:00,12.79,124.77,20,2.2,030 km N 03° E of Mondragon (Northern Samar)
2025-01-03 23:59:00,15.16,121.43,28,1.6,025 km S 09° E of Dingalan (Aurora)
2025-01-03 23:46:00,12.14,120.63,32,1.5,049 km N 71° E of Coron (Palawan)
2025-01-03 23:35:00,15.40,120.48,33,1.8,008 km S 16° E of San Jose (Tarlac)
2025-01-03 23:27:00,17.84,120.90,8,3.0,015 km N 31° E of Tineg (Abra)
2025-01-03 23:04:00,11.22,125.64,1,2.4,008 km N 17° W of Salcedo (Eastern Samar)
2025-01-03 22:50:00,13.53,120.10,26,1.7,027 km S 39° W of Looc (Occidental Mindoro)
2025-01-03 21:33:00,11.76,125.88,13,2.4,047 km N 89° E of San Julian (Eastern Samar)
2025-01-03 21:31:00,11.73,126.06,1,3.1,066 km S 87° E of San Julian (Eastern Samar)
2025-01-03 21:31:00,11.75,125.75,11,2.1,032 km N 90° E of San Julian (Eastern Samar)
2025-01-03 21:24:00,13.54,120.69,92,1.7,012 km N 22° W of Abra De Ilog (Occidental Mindoro)
2025-01-03 21:21:00,8.53,126.57,10,2.0,032 km N 55° E of Hinatuan (Surigao Del Sur)
2025-01-03 20:20:00,6.48,127.10,153,3.3,095 km S 49° E of Tarragona (Davao Oriental)
2025-01-03 20:00:00,14.86,119.66,10,3.6,047 km S 77° W of San Antonio (Zambales)
2025-01-03 18:12:00,12.73,124.65,25,1.9,025 km N 23° E of Bobon (Northern Samar)
2025-01-03 16:19:00,8.02,126.86,1,2.3,049 km S 87° E of Lingig (Surigao Del Sur)
2025-01-03 14:50:00,9.30,126.06,32,2.0,007 km N 04° E of Lanuza (Surigao Del Sur)
2025-01-03 14:10:00,11.75,125.71,6,2.9,028 km East of San Julian (Eastern Samar)
2025-01-03 14:07:00,13.82,123.95,19,2.6,011 km N 64° E of Caramoan (Camarines Sur)
2025-01-03 13:45:00,5.20,126.27,62,2.8,093 km S 71° E of Sarangani Island (Municipality Of Sarangani) (Davao Occidental)
2025-01-03 13:08:00,14.03,120.35,81,2.0,031 km N 53° E of Lubang (Occidental Mindoro)
2025-01-03 12:47:00,11.77,124.22,7,2.1,014 km S 86° W of Maripipi (Biliran)
2025-01-03 11:53:00,15.78,119.34,6,3.2,061 km S 85° W of Infanta (Pangasinan)
2025-01-03 11:38:00,13.53,125.45,34,2.3,115 km N 18° E of Palapag (Northern Samar)
2025-01-03 11:01:00,19.01,119.98,15,2.9,090 km N 52° W of Burgos (Ilocos Norte)
2025-01-03 07:56:00,7.76,127.03,14,1.8,055 km N 68° E of Baganga (Davao Oriental)
2025-01-03 07:53:00,17.47,120.01,1,2.5,040 km S 71° W of Santa Catalina (Ilocos Sur)
2025-01-03 07:33:00,17.55,120.20,6,2.3,018 km S 76° W of Santa Catalina (Ilocos Sur)
2025-01-03 05:38:00,9.68,122.31,7,2.3,017 km S 53° W of City Of Sipalay (Negros Occidental)
2025-01-03 05:28:00,11.78,125.81,14,2.5,039 km N 86° E of San Julian (Eastern Samar)
2025-01-03 05:09:00,11.95,124.86,22,1.5,009 km S 40° E of Gandara (Samar)
2025-01-03 05:04:00,6.48,127.25,3,2.7,108 km S 54° E of Tarragona (Davao Oriental)
2025-01-03 04:52:00,9.75,126.29,20,2.8,016 km S 78° E of General Luna (Surigao Del Norte)
2025-01-03 04:50:00,5.83,126.23,115,2.6,065 km S 82° E of Jose Abad Santos (Davao Occidental)
2025-01-03 04:34:00,9.81,123.95,7,2.7,006 km S 06° W of San Isidro (Bohol)
2025-01-03 04:20:00,7.81,127.11,14,3.2,066 km N 67° E of Baganga (Davao Oriental)
2025-01-03 04:17:00,18.52,120.74,2,1.8,004 km S 56° W of Bangui (Ilocos Norte)
2025-01-03 03:51:00,8.64,126.63,22,2.1,041 km S 65° E of Marihatag (Surigao Del Sur)
2025-01-03 03:40:00,6.81,125.97,45,2.9,011 km S 23° W of Lupon (Davao Oriental)
2025-01-03 03:35:00,13.44,120.28,32,1.8,020 km N 81° W of Paluan (Occidental Mindoro)
2025-01-03 02:32:00,8.79,126.58,17,2.8,031 km S 87° E of Marihatag (Surigao Del Sur)
2025-01-03 02:23:00,13.05,122.59,5,2.8,032 km S 17° W of San Andres (Quezon)
2025-01-03 02:11:00,9.36,122.45,21,2.3,021 km S 75° W of Basay (Negros Oriental)
2025-01-03 02:07:00,9.37,126.59,8,1.5,045 km N 77° E of Cortes (Surigao Del Sur)
2025-01-03 01:41:00,13.86,121.56,24,1.7,012 km S 22° E of Sariaya (Quezon)
2025-01-03 01:16:00,16.14,119.62,30,3.5,020 km N 83° W of Agno (Pangasinan)
2025-01-03 00:37:00,14.84,123.05,5,2.1,041 km N 16° E of Tinaga Island (Vinzons) (Camarines Norte)
2025-01-03 00:30:00,9.87,124.61,5,1.6,015 km N 16° E of Anda (Bohol)
2025-01-02 23:31:00,14.97,122.67,3,2.1,047 km N 50° E of Jomalig (Quezon)
2025-01-02 23:18:00,8.44,125.83,38,1.6,005 km S 77° E of Talacogon (Agusan Del Sur)
2025-01-02 22:43:00,9.86,125.40,9,3.1,009 km N 16° W of San Francisco (Surigao Del Norte)
2025-01-02 22:22:00,9.41,126.52,24,1.9,039 km N 68° E of Cortes (Surigao Del Sur)
2025-01-02 22:09:00,8.49,126.47,2,2.3,020 km N 46° E of Hinatuan (Surigao Del Sur)
2025-01-02 21:45:00,17.21,120.29,18,1.8,017 km N 73° W of City Of Candon (Ilocos Sur)
2025-01-02 21:25:00,2.06,127.00,67,4.8,410 km S 25° E of Balut Island (Municipality Of Sarangani) (Davao Occidental)
2025-01-02 21:10:00,18.68,120.75,10,2.2,014 km N 18° W of Pagudpud (Ilocos Norte)
2025-01-02 20:44:00,9.97,122.06,16,2.1,047 km N 61° W of City Of Sipalay (Negros Occidental)
2025-01-02 19:50:00,8.73,126.51,33,1.7,024 km S 71° E of Marihatag (Surigao Del Sur)
2025-01-02 19:41:00,9.50,126.01,2,2.0,014 km S 22° E of Socorro (Surigao Del Norte)
2025-01-02 19:12:00,18.25,120.53,8,4.0,014 km S 45° W of Pasuquin (Ilocos Norte)
2025-01-02 18:37:00,7.96,127.02,5,3.2,066 km N 50° E of Baganga (Davao Oriental)
2025-01-02 18:23:00,12.69,120.68,1,3.0,020 km S 33° W of Sablayan (Occidental Mindoro)
2025-01-02 18:22:00,13.51,120.90,5,2.4,006 km N 86° W of Puerto Galera (Oriental Mindoro)
2025-01-02 18:06:00,12.86,123.12,7,1.4,015 km S 73° W of Claveria (Masbate)
2025-01-02 17:23:00,9.10,125.25,33,1.8,012 km N 38° E of Magsaysay (Misamis Oriental)
2025-01-02 15:02:00,7.28,126.28,23,2.0,018 km S 78° E of Maragusan (Davao De Oro)
2025-01-02 13:47:00,11.78,125.75,7,2.5,033 km N 85° E of San Julian (Eastern Samar)
2025-01-02 13:33:00,10.24,125.19,13,2.0,003 km S 33° E of San Juan (Southern Leyte)
2025-01-02 13:28:00,10.43,125.06,7,1.7,015 km N 04° E of Libagon (Southern Leyte)
2025-01-02 12:34:00,11.77,126.09,5,3.5,069 km N 89° E of San Julian (Eastern Samar)
2025-01-02 11:37:00,13.29,124.76,9,2.5,058 km S 45° E of Baras (Catanduanes)
2025-01-02 08:46:00,8.50,126.61,2,2.2,033 km N 63° E of Hinatuan (Surigao Del Sur)
2025-01-02 08:35:00,13.01,121.21,30,2.0,020 km S 22° W of Victoria (Oriental Mindoro)
2025-01-02 08:16:00,11.80,125.64,9,2.6,021 km N 76° E of San Julian (Eastern Samar)
2025-01-02 08:00:00,7.88,127.29,7,2.8,088 km N 67° E of Baganga (Davao Oriental)
2025-01-02 07:11:00,13.00,121.21,28,2.6,021 km S 23° W of Victoria (Oriental Mindoro)
2025-01-02 07:02:00,15.62,121.66,20,1.8,018 km S 34° E of Baler (Aurora)
2025-01-02 07:00:00,11.78,125.76,5,2.6,033 km N 86° E of San Julian (Eastern Samar)
2025-01-02 06:08:00,18.80,120.78,15,2.4,027 km N 01° W of Pagudpud (Ilocos Norte)
2025-01-02 06:07:00,16.41,121.44,33,1.5,015 km S 40° W of Cabarroguis (Quirino)
2025-01-02 05:38:00,11.72,125.73,2,2.7,030 km S 84° E of San Julian (Eastern Samar)
2025-01-02 05:16:00,14.29,118.93,16,2.9,145 km S 60° W of San Antonio (Zambales)
2025-01-02 04:27:00,15.61,121.37,59,2.0,017 km N 13° E of Gabaldon (Nueva Ecija)
2025-01-02 04:25:00,13.78,120.49,97,1.8,016 km S 69° W of Calatagan (Batangas)
2025-01-02 04:03:00,6.53,126.51,28,2.7,050 km S 74° E of Governor Generoso (Davao Oriental)
2025-01-02 03:47:00,12.77,120.95,1,2.2,020 km S 66° E of Sablayan (Occidental Mindoro)
2025-01-02 03:43:00,8.85,126.51,28,2.3,024 km S 70° E of Cagwait (Surigao Del Sur)
2025-01-02 03:41:00,5.95,125.85,141,2.6,023 km N 80° E of Jose Abad Santos (Davao Occidental)
2025-01-02 03:33:00,14.85,122.83,34,1.5,043 km N 17° W of Tinaga Island (Vinzons) (Camarines Norte)
2025-01-02 03:22:00,21.37,121.87,20,3.6,065 km N 02° E of Itbayat (Batanes)
2025-01-02 03:16:00,8.33,126.47,33,1.4,015 km S 74° E of Hinatuan (Surigao Del Sur)
2025-01-02 03:15:00,15.19,120.04,27,2.5,003 km N 26° W of Cabangan (Zambales)
2025-01-02 02:59:00,17.57,119.61,3,2.1,101 km N 87° W of Santa Catalina (Ilocos Sur)
2025-01-02 02:52:00,13.53,120.01,26,1.6,034 km S 51° W of Looc (Occidental Mindoro)
2025-01-02 02:46:00,11.81,125.86,7,2.6,044 km S 89° E of Sulat (Eastern Samar)
2025-01-02 02:45:00,6.81,126.33,32,2.0,020 km S 38° E of City Of Mati (Davao Oriental)
2025-01-02 02:45:00,12.00,120.18,21,2.1,003 km West of Coron (Palawan)
2025-01-02 02:43:00,13.45,123.61,40,1.6,008 km S 82° W of Tiwi (Albay)
2025-01-02 02:39:00,11.75,126.04,7,4.4,064 km S 84° E of Sulat (Eastern Samar)
2025-01-02 02:30:00,12.13,126.39,65,3.3,096 km S 87° E of San Policarpo (Eastern Samar)
2025-01-02 01:54:00,16.09,119.87,35,1.5,004 km N 16° E of Burgos (Pangasinan)
2025-01-02 01:26:00,10.69,125.55,8,2.5,020 km S 72° W of Homonhon Island (Guiuan) (Eastern Samar)
2025-01-02 01:04:00,7.85,126.63,33,1.6,021 km N 72° E of Cateel (Davao Oriental)
2025-01-02 00:34:00,19.03,121.25,14,3.0,010 km S 25° E of Dalupiri Island (Calayan) (Cagayan)
2025-01-02 00:19:00,7.77,125.71,18,1.4,003 km N 23° W of San Isidro (Davao Del Norte)
2025-01-02 00:17:00,6.00,124.83,5,2.1,023 km N 87° E of Kiamba (Sarangani)
2025-01-02 00:13:00,8.77,126.54,15,2.1,027 km S 82° E of Marihatag (Surigao Del Sur)
2025-01-02 00:02:00,17.82,120.75,1,3.0,012 km N 25° E of Lagayan (Abra)
2025-01-01 23:15:00,5.22,125.23,58,3.9,030 km S 46° W of Balut Island (Municipality Of Sarangani) (Davao Occidental)
2025-01-01 22:57:00,9.44,125.55,7,2.3,003 km S 68° W of Kitcharao (Agusan Del Norte)
2025-01-01 22:46:00,13.26,120.37,24,2.5,020 km S 31° W of Paluan (Occidental Mindoro)
2025-01-01 22:29:00,12.97,124.49,31,2.5,033 km S 77° E of Prieto Diaz (Sorsogon)
2025-01-01 22:27:00,13.68,123.24,18,1.6,004 km S 42° E of Calabanga (Camarines Sur)
2025-01-01 22:26:00,12.11,123.91,1,1.6,004 km S 26° W of Palanas (Masbate)
2025-01-01 22:20:00,12.12,123.91,2,2.0,003 km S 15° W of Palanas (Masbate)
2025-01-01 22:20:00,14.08,120.42,110,2.1,023 km N 88° W of Nasugbu (Batangas)
2025-01-01 21:59:00,10.11,125.95,25,3.2,015 km N 44° W of Santa Monica (Surigao Del Norte)
2025-01-01 21:45:00,9.62,126.18,23,1.7,018 km S 06° E of General Luna (Surigao Del Norte)
2025-01-01 21:38:00,17.46,119.76,21,3.1,066 km S 77° W of Santa Catalina (Ilocos Sur)
2025-01-01 21:36:00,7.79,122.53,33,1.5,006 km N 83° W of Ipil (Zamboanga Sibugay)
2025-01-01 21:14:00,18.38,120.79,15,3.3,018 km S 09° E of Bangui (Ilocos Norte)
2025-01-01 20:26:00,17.84,120.67,27,2.4,009 km S 04° E of Nueva Era (Ilocos Norte)
2025-01-01 20:17:00,14.54,122.35,10,2.0,017 km S 06° E of Jomalig (Quezon)
2025-01-01 20:11:00,8.25,125.94,11,2.8,009 km N 40° W of Bunawan (Agusan Del Sur)
2025-01-01 20:09:00,4.64,124.32,22,2.6,149 km S 55° W of Balut Island (Municipality Of Sarangani) (Davao Occidental)
2025-01-01 19:48:00,11.80,125.65,2,2.6,021 km S 86° E of Sulat (Eastern Samar)
2025-01-01 19:09:00,9.41,126.20,19,2.6,015 km N 05° E of Cortes (Surigao Del Sur)
2025-01-01 18:47:00,9.55,123.91,7,2.0,008 km S 35° W of Alburquerque (Bohol)
2025-01-01 18:37:00,16.20,122.04,25,1.7,011 km N 54° E of Dinalungan (Aurora)
2025-01-01 18:19:00,12.36,124.59,33,1.6,008 km N 27° W of Lope De Vega (Northern Samar)
2025-01-01 18:16:00,11.74,125.86,14,2.7,044 km S 88° E of San Julian (Eastern Samar)
2025-01-01 17:09:00,11.06,124.41,6,2.2,003 km N 74° E of Palompon (Leyte)
2025-01-01 17:09:00,17.51,120.07,4,2.5,033 km S 73° W of Santa Catalina (Ilocos Sur)
2025-01-01 16:39:00,15.26,118.99,53,1.6,100 km S 79° W of Palauig (Zambales)
2025-01-01 16:23:00,11.00,124.84,16,1.6,007 km N 63° W of Burauen (Leyte)
2025-01-01 16:15:00,11.97,126.18,28,2.3,076 km S 84° E of Dolores (Eastern Samar)
2025-01-01 16:05:00,11.36,125.86,4,2.4,027 km N 87° E of Hernani (Eastern Samar)
2025-01-01 15:57:00,10.91,125.13,13,2.6,012 km S 65° E of Dulag (Leyte)
2025-01-01 15:39:00,7.17,126.79,11,3.3,028 km S 81° E of Manay (Davao Oriental)
2025-01-01 15:09:00,11.76,125.82,22,2.5,039 km N 90° E of San Julian (Eastern Samar)
2025-01-01 14:26:00,11.78,126.15,1,3.9,076 km N 88° E of San Julian (Eastern Samar)
2025-01-01 14:21:00,11.74,125.61,7,3.0,017 km S 83° E of San Julian (Eastern Samar)
2025-01-01 14:17:00,11.75,125.94,6,3.0,053 km S 89° E of San Julian (Eastern Samar)
2025-01-01 14:12:00,8.61,122.32,35,1.5,065 km N 20° W of Labason (Zamboanga Del Norte)
2025-01-01 14:06:00,6.85,125.69,45,2.2,026 km S 06° W of Island Garden City Of Samal (Davao Del Norte)
2025-01-01 13:29:00,10.45,124.42,9,1.7,020 km S 02° E of Poro (Cebu)
2025-01-01 12:53:00,15.92,120.07,33,1.3,014 km S 35° W of Labrador (Pangasinan)
2025-01-01 12:47:00,13.27,125.40,23,2.7,086 km N 21° E of Palapag (Northern Samar)
2025-01-01 11:49:00,15.97,120.07,36,1.3,010 km S 52° W of Labrador (Pangasinan)
2025-01-01 11:45:00,8.53,126.28,30,1.5,015 km N 57° E of Tagbina (Surigao Del Sur)
2025-01-01 11:26:00,14.38,123.89,1,2.3,048 km N 40° W of Pandan (Catanduanes)
2025-01-01 11:08:00,11.53,124.40,2,2.0,003 km S 06° E of Naval (Biliran)
2025-01-01 11:06:00,15.88,120.05,18,2.1,017 km N 68° E of Infanta (Pangasinan)
2025-01-01 10:53:00,15.47,120.02,27,2.1,012 km N 71° E of Palauig (Zambales)
2025-01-01 10:02:00,9.54,125.53,30,2.0,001 km S 65° E of Mainit (Surigao Del Norte)
2025-01-01 09:37:00,18.40,121.35,2,2.5,007 km N 07° W of Luna (Apayao)
2025-01-01 09:09:00,13.69,120.54,91,1.9,019 km S 34° W of Calatagan (Batangas)
2025-01-01 08:59:00,15.88,120.10,33,1.6,017 km S 16° W of Labrador (Pangasinan)
2025-01-01 08:53:00,9.91,125.98,28,2.3,005 km N 09° E of Del Carmen (Surigao Del Norte)
2025-01-01 08:33:00,15.97,120.12,33,1.4,006 km S 22° W of Labrador (Pangasinan)
2025-01-01 07:40:00,8.81,126.33,6,2.4,004 km N 75° E of Marihatag (Surigao Del Sur)
2025-01-01 06:56:00,8.12,126.84,7,2.3,047 km N 80° E of Lingig (Surigao Del Sur)
2025-01-01 06:32:00,7.85,127.35,5,4.5,092 km N 71° E of Baganga (Davao Oriental)
2025-01-01 05:57:00,9.67,122.26,12,2.7,022 km S 60° W of City Of Sipalay (Negros Occidental)
2025-01-01 05:47:00,8.95,126.33,33,2.3,004 km N 45° E of Cagwait (Surigao Del Sur)
2025-01-01 05:28:00,6.81,123.77,1,2.7,040 km S 43° W of Datu Blah T. Sinsuat (Maguindanao Del Norte)
2025-01-01 05:22:00,16.17,119.95,28,1.9,003 km N 64° W of City Of Alaminos (Pangasinan)
2025-01-01 05:06:00,14.80,121.47,22,2.0,017 km N 74° W of General Nakar (Quezon)
2025-01-01 05:02:00,9.55,126.40,10,2.1,036 km S 46° E of General Luna (Surigao Del Norte)
2025-01-01 04:57:00,8.36,126.94,3,2.9,066 km S 89° E of Hinatuan (Surigao Del Sur)
2025-01-01 04:54:00,7.81,126.92,8,2.6,051 km N 88° E of Cateel (Davao Oriental)
2025-01-01 04:36:00,9.34,126.32,20,1.8,016 km N 64° E of Cortes (Surigao Del Sur)
2025-01-01 04:23:00,9.37,125.58,6,2.9,011 km S 01° E of Alegria (Surigao Del Norte)
2025-01-01 03:38:00,8.52,123.06,9,2.3,003 km N 79° W of Manukan (Zamboanga Del Norte)
2025-01-01 02:14:00,8.45,123.08,8,2.8,006 km N 82° E of Jose Dalman (Zamboanga Del Norte)
2025-01-01 02:03:00,14.03,120.43,112,2.5,023 km S 77° W of Nasugbu (Batangas)
2025-01-01 01:36:00,9.45,125.60,12,2.5,002 km S 82° E of Kitcharao (Agusan Del Norte)
2025-01-01 01:31:00,12.96,121.41,30,1.6,007 km S 77° W of Gloria (Oriental Mindoro)
2025-01-01 01:12:00,15.74,119.94,41,1.7,004 km S 56° E of Santa Cruz (Zambales)
2025-01-01 01:08:00,17.58,122.50,4,3.0,035 km N 38° E of Divilacan (Isabela)
2025-01-01 00:44:00,9.42,125.55,9,3.7,005 km S 49° W of Kitcharao (Agusan Del Norte)
2025-01-01 00:39:00,9.88,124.24,32,1.9,008 km N 35° E of Carmen (Bohol)
2025-01-01 00:08:00,11.77,125.74,2,2.7,032 km N 86° E of San Julian (Eastern Samar)